asin,title,category_primary,all_categories,price,recovered_image_url,canonical_source_url,url_count,has_clean_url,has_trashed_dupe
B07XVFB67J,"Bluetooth Speaker,MusiBaby Speaker,Wireless,Outdoor, Waterproof,Portable Speaker,Dual Pairing, Bluetooth 5.0,Loud Stereo,Booming Bass,24H Playtime for Home&Party, (BLK)",audio,audio,31.69,https://m.media-amazon.com/images/I/41SVdLOEgEL.jpg,https://techwhizmart.com/product/bluetooth-speakersmusibaby-speakeroutdoor-portablewaterproofwireless-speakerdual-pairing-bluetooth-5-0loud-stereobooming-bass1500-mins-playtime-for-homepartygiftsblack__trashed/,1,False,True
B0B6D48TB3,"2017 Apple iMac with 2.3GHz Intel Core i5 (21.5-inch, 16GB RAM, 1TB HDD Storage) - Silver (Renewed)",desktops,computers;desktops,281.19,https://m.media-amazon.com/images/I/71lJR0YiUTL.jpg,https://techwhizmart.com/product/2017-apple-imac-with-2-3ghz-intel-core-i5-21-5-inch-16gb-ram-1tb-hdd-storage-silver-renewed/,1,True,False
B07XQM23T7,"2019 Apple iMac with Retina 4K/3.6 GHz Intel Core i3 Quad-Core (21.5-Inch, 8GB RAM, 1TB) - Silver (Renewed)",desktops,computers;desktops,359.95,https://m.media-amazon.com/images/I/41Dj242ihCL.jpg,https://techwhizmart.com/product/2019-apple-imac-with-retina-4k-3-6-ghz-intel-core-i3-quad-core-21-5-inch-8gb-ram-1tb-silver-renewed/,1,True,False
B0CW4NWP8V,"2023 Apple iMac with Apple M3 Chip (24-inch, 8GB RAM, 256GB SSD) (QWERTY English) Blue (Renewed)",desktops,computers;desktops,1099.00,https://m.media-amazon.com/images/I/41ABL+pRmDL.jpg,https://techwhizmart.com/product/2023-apple-imac-with-apple-m3-chip-24-inch-8gb-ram-256gb-ssd-qwerty-english-blue-renewed/,1,True,False
B0C6YQN12S,"Acer Aspire TC-1780-UA92 Desktop | 13th Gen Intel Core i5-13400 Processor | 8GB 3200MHz DDR4 | 512GB M.2 SSD | SD Card Reader | Intel Wi-Fi 6E AX211 | Windows 11 Home, Black",desktops,computers;desktops,479.99,https://m.media-amazon.com/images/I/31XvubwHFNL.jpg,https://techwhizmart.com/product/acer-aspire-tc-1780-ua92-desktop-13th-gen-intel-core-i5-13400-processor-8gb-3200mhz-ddr4-512gb-m-2-ssd-sd-card-reader-intel-wi-fi-6e-ax211-windows-11-home-black/,1,True,False
B088X2YR3X,"Acer Aspire TC-895-UA92 Desktop, 10th Gen Intel Core i5-10400 6-Core Processor, 12GB 2666MHz DDR4, 512GB NVMe M.2 SSD, 8X DVD, 802.11ax Wi-Fi 6, USB 3.2 Type C, Windows 10 Home",desktops,computers;desktops,589.00,https://m.media-amazon.com/images/I/41cjfqb+j0L.jpg,https://techwhizmart.com/product/acer-aspire-tc-895-ua92-desktop-10th-gen-intel-core-i5-10400-6-core-processor-12gb-2666mhz-ddr4-512gb-nvme-m-2-ssd-8x-dvd-802-11ax-wi-fi-6-usb-3-2-type-c-windows-10-home__trashed/,1,False,True
B00M4LWXI0,"Apple iMac 21.5in 2.7GHz Core i5 (ME086LL/A) All In One Desktop, 8GB Memory, 1TB Hard Drive, Mac OS X Mountain Lion…",desktops,computers;desktops,289.99,https://m.media-amazon.com/images/I/41cb2M8SRzL.jpg,https://techwhizmart.com/product/apple-imac-21-5in-2-7ghz-core-i5-me086ll-a-all-in-one-desktop-8gb-memory-1tb-hard-drive-mac-os-x-mountain-lion-renewed__trashed/,1,False,True
B0798WNZVZ,"Apple iMac 21.5in 2.7GHz Core i5 (ME086LL/A) All In One Desktop, 8GB Memory, 256GB Solid State Drive, MacOS 10.12 Sierra (Renewed)",desktops,computers;desktops,399.97,https://m.media-amazon.com/images/I/51VnSCKr5cL.jpg,https://techwhizmart.com/product/apple-imac-21-5in-2-7ghz-core-i5-me086ll-a-all-in-one-desktop-8gb-memory-256gb-solid-state-drive-macos-10-12-sierra-renewed/,1,True,False
B0100PGME2,"Apple iMac MF883LL/A 21.5-Inch 500GB Desktop, Intel,8 GB (Renewed)",desktops,computers;desktops,225.00,https://m.media-amazon.com/images/I/410kJYxwH0S.jpg,https://techwhizmart.com/product/apple-imac-mf883ll-a-21-5-inch-500gb-desktop-renewed__trashed/,1,False,True
B09DHP9M9G,"CYBERPOWERPC Gamer Xtreme VR Gaming PC, Intel Core i5-11400F 2.6GHz, 8GB DDR4, GeForce RTX 2060 6GB, 500GB NVMe SSD, WiFi Ready & Win 11 Home (GXiVR8060A11)",desktops,computers;desktops,1020.00,https://m.media-amazon.com/images/I/51rGP3HU3HL.jpg,https://techwhizmart.com/product/cyberpowerpc-gamer-xtreme-vr-gaming-pc-intel-core-i5-11400f-2-6ghz-8gb-ddr4-geforce-rtx-2060-6gb-500gb-nvme-ssd-wifi-ready-win-11-home-gxivr8060a11__trashed/,1,False,True
B0DCMH6T7X,"CyberPowerPC Gamer Master Gaming PC, AMD Ryzen 5 5500 3.6GHz, Radeon RX 6400 4GB, 16GB DDR4, 500GB PCIe Gen4 SSD, WiFi Ready & Windows 11 Home (GMA3100A)",desktops,computers;desktops,649.99,https://m.media-amazon.com/images/I/41WkmE9mokL.jpg,https://techwhizmart.com/product/cyberpowerpc-gamer-master-gaming-pc-amd-ryzen-5-5500-3-6ghz-radeon-rx-6400-4gb-16gb-ddr4-500gb-pcie-gen4-ssd-wifi-ready-windows-11-home-gma3100a/,1,True,False
B0CGMJWXZT,"DELL Inspiron 3020S Small Desktop, Intel i5-13400, 16GB DDR4 RAM,512GB SSD, Intel UHD 730 Graphics, Win 11 Pro, Bluetooth, WiFi, Mist Blue",desktops,computers;desktops,549.99,https://m.media-amazon.com/images/I/31A58uDtD3L.jpg,https://techwhizmart.com/product/dell-newest-inspiron-3020s-small-desktop-intel-core-i5-13400-16gb-ddr4-ram512gb-ssd-intel-uhd-730-graphics-win-11-pro-bluetooth-wifi-mist-blue/,1,True,False
B0CYMTDD9H,"Dell Inspiron 3030 Desktop - Intel Core i7-14700 Processor, 16GB DDR5 RAM, 1TB SSD, Intel UHD 770 Graphics, Windows 11 Pro, Onsite & Migrate Service - Mist Blue",desktops,computers;desktops,856.99,https://m.media-amazon.com/images/I/41xPDQU9pIL.jpg,https://techwhizmart.com/product/dell-inspiron-3030-desktop-intel-core-i7-14700-processor-16gb-ddr5-ram-1tb-ssd-intel-uhd-770-graphics-windows-11-pro-onsite-migrate-service-mist-blue/,1,True,False
B0CYJMJFQJ,"Dell Inspiron 3030 Small Desktop - Intel Core i5-14400 Processor, 16GB DDR5 RAM, 1TB SSD, Intel UHD 730 Graphics, Windows 11 Home, Onsite & Migrate Service - Mist Blue",desktops,computers;desktops,679.99,https://m.media-amazon.com/images/I/31ek0FReXtL.jpg,https://techwhizmart.com/product/dell-inspiron-3030-small-desktop-intel-core-i5-14400-processor-16gb-ddr5-ram-1tb-ssd-intel-uhd-730-graphics-windows-11-home-onsite-migrate-service-mist-blue/,1,True,False
B08BS5LW7X,"Dell Inspiron 3880 Desktop Computer - Intel Core i5 10th Gen, 12GB Memory, 512GB Solid State Drive, Windows 10 Pro, 2 Year On-Site (Latest Model) - Black",desktops,computers;desktops,688.00,https://m.media-amazon.com/images/I/41+mLr6--4L.jpg,https://techwhizmart.com/product/dell-inspiron-3880-desktop-computer-intel-core-i5-10th-gen-12gb-memory-512gb-solid-state-drive-windows-10-pro-2-year-on-site-black__trashed/,1,False,True
B0B5916YP4,"Dell OptiPlex 7020 Desktop Computer, 32GB Ram New 2TB SSD, Intel Quad Core i7 4790 up to 4.0GHz, AC8260 Built-in WiFi 5, Dual Monitor Supported, DVD-RW HDMI Windows 10 Pro (Renewed)",desktops,computers;desktops,214.99,https://m.media-amazon.com/images/I/51ksXK-R8qL.jpg,https://techwhizmart.com/product/dell-optiplex-7020-desktop-computer-32gb-ram-new-2tb-ssd-intel-quad-core-i7-4790-up-to-4-0ghz-ac8260-built-in-wifi-5-dual-monitor-supported-dvd-rw-hdmi-windows-10-pro-renewed/,1,True,False
B07TB9G2R6,"Dell OptiPlex 9020-SFF, Intel Core i5-4570 3.2GHZ, 16GB RAM, 512GB SSD Solid State, DVDRW, Windows 10 Pro 64bit (Renewed)",desktops,computers;desktops,137.50,https://m.media-amazon.com/images/I/415RthYWuFL.jpg,https://techwhizmart.com/product/dell-optiplex-9020-sff-intel-core-i5-4570-3-2ghz-16gb-ram-512gb-ssd-solid-state-dvdrw-windows-10-pro-64bit-renewed__trashed/,1,False,True
B09TN242Q5,"Dell OptiPlex Computer Desktop PC, Intel Core i5 3rd Gen 3.2 GHz, 16GB RAM, 2TB HDD, New 22 Inch LED Monitor, RGB Keyboard and Mouse, WiFi, Windows 10 Pro (Renewed)",desktops,computers;desktops,172.00,https://m.media-amazon.com/images/I/51FU9YhU6EL.jpg,https://techwhizmart.com/product/dell-optiplex-computer-desktop-pc-intel-core-i5-3rd-gen-3-2-ghz-16gb-ram-2tb-hdd-new-22-inch-led-monitor-rgb-keyboard-and-mouse-wifi-windows-10-pro-renewed/,1,True,False
B013RG6DE0,Dell Optiplex 7010 SFF Desktop PC - Intel Core i5-3470 3.2GHz 4GB 250GB DVD Windows 10 Pro (Renewed),desktops,computers;desktops,112.49,https://m.media-amazon.com/images/I/41AWsqWUppL.jpg,https://techwhizmart.com/product/dell-optiplex-7010-sff-desktop-pc-intel-core-i5-3470-3-2ghz-4gb-250gb-dvd-windows-10-pro-renewed__trashed/,1,False,True
B08X1KKVCZ,Dell Optiplex 7050 SFF Desktop PC Intel i7-7700 4-Cores 3.60GHz 32GB DDR4 1TB SSD WiFi BT HDMI Duel Monitor Support Windows 10 Pro Excellent Condition(Renewed),desktops,computers;desktops,224.00,https://m.media-amazon.com/images/I/4141jtXpiNL.jpg,https://techwhizmart.com/product/dell-optiplex-7050-sff-desktop-pc-intel-i7-7700-4-cores-3-60ghz-32gb-ddr4-1tb-ssd-wifi-bt-hdmi-duel-monitor-support-windows-10-pro-excellent-conditionrenewed/,1,True,False
B08BJDFZRF,"Dell Optiplex 9020 Small Form Factor Desktop with Intel Core i7-4770 Upto 3.9GHz, HD Graphics 4600 4K Support, 32GB RAM, 1TB SSD, DisplayPort, HDMI, Wi-Fi, Bluetooth - Windows 10 Pro (Renewed)",desktops,computers;desktops,204.89,https://m.media-amazon.com/images/I/51hZGd5tyUL.jpg,https://techwhizmart.com/product/dell-optiplex-9020-small-form-factor-desktop-with-intel-core-i7-4770-upto-3-9ghz-hd-graphics-4600-4k-support-32gb-ram-1tb-ssd-displayport-hdmi-wi-fi-bluetooth-windows-10-pro-renewed/,1,True,False
B0CJMNP1H4,Dell Vostro 3910 Desktop Computer | 12th Gen Intel 4-Core Processor | 16GB DDR4 RAM | 256GB SSD + 1TB HDD | Intel UHD Graphics 730 | WiFi 6 | DVD-RW | Display Port | HDMI | Windows 11 Pro,desktops,computers;desktops,499.99,https://m.media-amazon.com/images/I/41Ac9UrdLfL.jpg,https://techwhizmart.com/product/dell-vostro-3910-desktop-computer-12th-gen-intel-4-core-processor-16gb-ddr4-ram-256gb-ssd-1tb-hdd-intel-uhd-graphics-730-wifi-6-dvd-rw-display-port-hdmi-windows-11-pro/,1,True,False
B0CYMTHBD1,"Dell XPS 8960 Desktop - 14th Generation Intel Core i7-14700 Processor, 16GB DDR5 RAM, 1TB SSD, NVIDIA GeForce RTX 4060 8GB GDDR6 Graphics, Windows 11 Home, Onsite & Migrate Service - Black",desktops,computers;desktops,1428.96,https://m.media-amazon.com/images/I/41Qr1jBSAZL.jpg,https://techwhizmart.com/product/dell-xps-8960-desktop-14th-generation-intel-core-i7-14700-processor-16gb-ddr5-ram-1tb-ssd-nvidia-geforce-rtx-4060-8gb-gddr6-graphics-windows-11-home-onsite-migrate-service-black/,1,True,False
B0B6523VBD,"HP 2022 Newest All-in-One Desktop, 21.5"" FHD Display, Intel Celeron J4025 Processor, 16GB RAM, 512GB PCIe SSD, Webcam, HDMI, RJ-45, Wired Keyboard&Mouse, WiFi, Windows 11 Home, White",desktops,computers;desktops,424.95,https://m.media-amazon.com/images/I/41ImHLjY7ZL.jpg,https://techwhizmart.com/product/hp-2022-newest-all-in-one-desktop-21-5-fhd-display-intel-celeron-j4025-processor-16gb-ram-512gb-pcie-ssd-webcam-hdmi-rj-45-wired-keyboardmouse-wifi-windows-11-home-white/,1,True,False
B0DB58C8NN,"HP 27"" FHD Touchscreen Business All-in-One Desktop, 2024 Office Lifetime, Intel 12-core Ultra 7 155U (Beats i7-1355U), 32 GB DDR5, 2 TB SSD, Wireless KB & Mouse, Wi-Fi 6, Win 11 Pro+Designed Mouse",desktops,computers;desktops,1799.99,https://m.media-amazon.com/images/I/41fw62r-slL.jpg,https://techwhizmart.com/product/hp-2024-27-fhd-touchscreen-business-all-in-one-desktop-microsoft-office-lifetime-license-intel-12-core-ultra-7-155u-beats-i7-1355u-32gb-ddr5-2tb-ssd-wireless-kb-mouse-wi-fi-6-win-11-pro/,1,True,False
B01CV9G1BO,"HP 8300 Elite Small Form Factor Desktop Computer, Intel Core i5-3470 3.2GHz Quad-Core, 8GB RAM, 500GB SATA, Windows 10 Pro 64-Bit, USB 3.0, Display Port (Renewed)",desktops,computers;desktops,94.28,https://m.media-amazon.com/images/I/41afsiyjz+S.jpg,https://techwhizmart.com/product/hp-8300-elite-small-form-factor-desktop-computer-intel-core-i5-3470-3-2ghz-quad-core-8gb-ram-500gb-sata-windows-10-pro-64-bit-usb-3-0-display-port-renewed__trashed/,1,False,True
B0CVR1CJW2,"HP All-in-One Desktop Computer 2024 Newest, 21.5"" 1080P FHD Display, Dual-Core Intel Celeron Processor, 8GB RAM, 256GB SSD, Privacy Webcam, Wi-Fi 5, Win 11 Pro, Mouse and Keyboard +HubxcelAccessory",desktops,computers;desktops,479.00,https://m.media-amazon.com/images/I/41pfuIjMPwL.jpg,https://techwhizmart.com/product/hp-all-in-one-desktop-computer-2024-newest-21-5-1080p-fhd-display-dual-core-intel-celeron-processor-8gb-ram-256gb-ssd-privacy-webcam-wi-fi-5-win-11-pro-mouse-and-keyboard-hubxcelaccessory/,1,True,False
B07SBK9LRY,"HP Elite Desktop PC Computer Intel Core i5 3.1-GHz, 8 gb Ram, 1 TB Hard Drive, DVDRW, 19 Inch LCD Monitor, Keyboard, Mouse, Wireless WiFi, Windows 10 (Renewed)",desktops,computers;desktops,125.00,https://m.media-amazon.com/images/I/41UBZdk6GdL.jpg,https://techwhizmart.com/product/hp-elite-desktop-pc-computer-intel-core-i5-3-1-ghz-8-gb-ram-1-tb-hard-drive-dvdrw-19-inch-lcd-monitor-keyboard-mouse-wireless-wifi-windows-10-renewed/,1,True,False
B0C3L375LT,"HP Elitedesk 800 G3 SFF Desktop PC - Intel i7-6700,32GB DDR4,1TB NVMe SSD + 2TB HDD, AX200 Wi-Fi 6,Dual 24-Inch Monitors, Wireless Keyboard and Mouse,Win 10 Pro (Renewed), Black/Silver",desktops,computers;desktops,349.95,https://m.media-amazon.com/images/I/514yecCTPFL.jpg,https://techwhizmart.com/product/hp-elitedesk-800-g3-sff-desktop-pc-intel-i7-670032gb-ddr41tb-nvme-ssd-2tb-hdd-ax200-wi-fi-6dual-24-inch-monitors-wireless-keyboard-and-mousewin-10-pro-renewed-black-silver/,1,True,False
B0B75K5K18,"HP Envy Desktop Bundle PC, NVIDIA GeForce RTX 3070 Graphics,12th Generation Intel Core i9 Processor, 16 GB SDRAM, 1 TB SSD, Windows 11 Home, Wi-Fi & Bluetooth (TE02-0042, 2022)",desktops,computers;desktops,1469.00,https://m.media-amazon.com/images/I/21Ae7nVK53L.jpg,https://techwhizmart.com/product/hp-envy-desktop-bundle-pc-nvidia-geforce-rtx-3070-graphics12th-generation-intel-core-i9-processor-16-gb-sdram-1-tb-ssd-windows-11-home-os-wi-fi-bluetooth-te02-0042-2022/,1,True,False
B09F29RD4G,"HP Pavilion Desktop PC, AMD Ryzen 7 5700G, 16 GB RAM, 512 GB SSD, Windows 11 Pro, Wi-Fi 5 & Bluetooth Connectivity, 9 USB Ports, Wired Mouse and Keyboard Combo, Pre-Built Tower (TP01-2022, 2021)",desktops,computers;desktops,949.99,https://m.media-amazon.com/images/I/3174q7L-Y2L.jpg,https://techwhizmart.com/product/hp-pavilion-desktop-pc-amd-ryzen-7-5700g-16-gb-ram-512-gb-ssd-windows-11-pro-wi-fi-5-bluetooth-connectivity-9-usb-ports-wired-mouse-and-keyboard-combo-pre-built-tower-tp01-2022-2021__trashed/,1,False,True
B09NF6S5PZ,"HP Pavilion Gaming Desktop, AMD Radeon RX 5500, AMD Ryzen 3 5300G Processor, 8 GB RAM, 512 GB SSD, Windows 11 Home, 9 USB Ports, Keyboard and Mouse Combo, Pre-Built PC Tower (TG01-2022, 2022)",desktops,computers;desktops,537.00,https://m.media-amazon.com/images/I/31L4ZDn-2AL.jpg,https://techwhizmart.com/product/hp-pavilion-gaming-desktop-amd-radeon-rx-5500-amd-ryzen-3-5300g-processor-8-gb-ram-512-gb-ssd-windows-11-home-9-usb-ports-keyboard-and-mouse-combo-pre-built-pc-tower-tg01-2022-2022__trashed/,1,False,True
B0D1YLTPH2,"Lenovo 2024 IdeaCentre I Business All-in-One, 27"" FHD Touchscreen 100Hz, Intel Core i5-13420H, 32GB DDR5 RAM, 1TB SSD, Wireless Charging Base, Wireless KB & Mouse, Wi-Fi 6, Windows 11 Pro, Grey",desktops,computers;desktops,969.00,https://m.media-amazon.com/images/I/31akjqzqM8L.jpg,https://techwhizmart.com/product/lenovo-2024-ideacentre-i-business-all-in-one-27-fhd-touchscreen-100hz-intel-core-i5-13420h-32gb-ddr5-ram-1tb-ssd-wireless-charging-base-wireless-kb-mouse-wi-fi-6-windows-11-pro-grey/,1,True,False
B0BDR1VXQX,"Lenovo F0G100N1US, IdeaCentre AIO 3-2022 - All-in-One Desktop - 24"" FHD - HD Camera - Win 11-8GB Memory - 1TB + 256GB Storage - Core i5 - Black - Mouse & Keyboard Included",desktops,computers;desktops,699.00,https://m.media-amazon.com/images/I/412iqPuQ8TL.jpg,https://techwhizmart.com/product/lenovo-ideacentre-aio-3-2022-all-in-one-desktop-24-fhd-hd-camera-win-11-8gb-memory-1tb-256gb-storage-amd-ryzen-3-5425u-black-mouse-keyboard-included__trashed/,1,False,True
B091DFPYB5,"SkyTech Archangel 3.0 Gaming Computer PC Desktop - Ryzen 5 3600 6-Core 3.6GHz, RTX 2060 6G, 1TB SSD, 16GB DDR4 3000, RGB Fans, AC WiFi, Windows 10 Home 64-bit, White",desktops,computers;desktops,1699.00,https://m.media-amazon.com/images/I/41IZnctj6KL.jpg,https://techwhizmart.com/product/skytech-archangel-3-0-gaming-computer-pc-desktop-ryzen-5-3600-6-core-3-6ghz-rtx-2060-6g-1tb-ssd-16gb-ddr4-3000-rgb-fans-ac-wifi-windows-10-home-64-bit-white__trashed/,1,False,True
B088W1QJP1,"Skytech Archangel Gaming Computer PC Desktop â Ryzen 5 3600 3.6GHz, GTX 1660 Super 6G, 500GB SSD, 16GB DDR4 3200MHz, RGB Fans, Windows 11 Home 64-bit, 802.11AC Wi-Fi",desktops,computers;desktops,1099.99,https://m.media-amazon.com/images/I/4185YiVphvL.jpg,https://techwhizmart.com/product/skytech-archangel-gaming-computer-pc-desktop-ryzen-5-3600-3-6ghz-gtx-1660-super-6g-500gb-ssd-16gb-ddr4-3000mhz-rgb-fans-windows-10-home-64-bit-802-11ac-wi-fi__trashed/,1,False,True
B08STJRXNN,"iBUYPOWER Pro Gaming PC Computer Desktop Trace 4 93G730 (AMD Ryzen 5 3600 3.6GHz, NVIDIA GeForce GT 730 2GB, 8GB DDR4 RAM, 240GB SSD, WiFi Ready, Windows 10 Home)",desktops,computers;desktops,399.99,https://m.media-amazon.com/images/I/41EEEidyFOL.jpg,https://techwhizmart.com/product/ibuypower-pro-gaming-pc-computer-desktop-trace-4-93g730-amd-ryzen-5-3600-3-6ghz-nvidia-geforce-gt-730-2gb-8gb-ddr4-ram-240gb-ssd-wifi-ready-windows-10-home__trashed/,1,False,True
B0BGKLS4TH,"A40 Pro Wireless Earbuds, 50Hrs Playtime Bluetooth Earbuds Built in Noise Cancellation Mic with Charging Case, Bluetooth…",earbuds,audio;earbuds,29.99,https://m.media-amazon.com/images/I/41w6CNZALLL.jpg,https://techwhizmart.com/product/a40-pro-wireless-earbuds-50hrs-playtime-bluetooth-earbuds-built-in-noise-cancellation-mic-with-charging-case-bluetooth-headphones-with-stereo-sound-ipx7-waterproof-ear-buds-for-iphone-and-and__trashed/,1,False,True
B0DRTYMJ3D,"AI Language Translation Earbuds, Real Time Two-Way Language Translator Earbuds Free Subscription Included for 144 Languages & Accents, Personalized Initials Selection, Ideal for Travel & Business - A",earbuds,audio;earbuds,59.98,https://m.media-amazon.com/images/I/419jX-aQ0rL.jpg,https://techwhizmart.com/product/ai-language-translation-earbuds-real-time-two-way-language-translator-earbuds-free-subscription-included-for-144-languages-accents-personalized-initials-selection-ideal-for-travel-business-a/,1,True,False
B096SV8SJG,"Beats Studio Buds - True Wireless Noise Cancelling Earbuds - Compatible with Apple & Android, Built-in Microphone, IPX4 rating, Sweat Resistant Earphones, Class 1 Bluetooth Headphones - Black",earbuds,audio;earbuds,149.95,https://m.media-amazon.com/images/I/31XcVBWCTmS.jpg,https://techwhizmart.com/product/beats-studio-buds-true-wireless-noise-cancelling-earbuds-compatible-with-apple-android-built-in-microphone-ipx4-rating-sweat-resistant-earphones-class-1-bluetooth-headphones-black__trashed/,1,False,True
B0BLZ9PJVD,Bluetooth Headphones V5.3 Wireless Earbuds 50 Hrs Battery Life with Wireless Charging Case & LED Power Display Deep Bass…,earbuds,audio;earbuds,29.99,https://m.media-amazon.com/images/I/316XkzrLtpL.jpg,https://techwhizmart.com/product/bluetooth-headphones-v5-3-wireless-earbuds-50-hrs-battery-life-with-wireless-charging-case-led-power-display-deep-bass-ipx7-waterproof-earphones-microphone-stereo-headset-for-iphone-android-w__trashed/,1,False,True
B0BGJ2NNJ2,GOLREX Bluetooth Headphones Wireless Earbuds 36Hrs Playtime Wireless Charging Case Digital LED Display Over-Ear…,earbuds,audio;earbuds,41.99,https://m.media-amazon.com/images/I/41+Wdd1f4qL.jpg,https://techwhizmart.com/product/golrex-bluetooth-headphones-wireless-earbuds-36hrs-playtime-wireless-charging-case-digital-led-display-over-ear-earphones-with-earhook-waterproof-headset-with-mic-for-sport-running-workout-bl__trashed/,1,False,True
B0BBQVQW39,"HISOOS Wireless Earbuds Bluetooth Active Noise Cancelling Headphone Wireless Ear Buds in-Ear Headphones with Charging Case IPX7 Waterproof Earphones for iPhone Android,Music Game Call (White)",earbuds,audio;earbuds,39.99,https://m.media-amazon.com/images/I/31XKh53GesL.jpg,https://techwhizmart.com/product/bluetooth-headphones-true-wireless-earbuds-active-noise-cancelling-wireless-ear-buds-in-ear-earphones-with-charging-case-for-iphone-android-music-game-call-great-christmas-xmas-giftswhite__trashed/,1,False,True
B09SGRC8S5,"ISOtunes Sport Caliber BT Shooting Earbuds: True Wireless Bluetooth Hearing Protection, Water and Dust Proof, 13 Hour Battery, 25 dB Noise Reduction Rating (NRR)",earbuds,audio;earbuds,179.99,https://m.media-amazon.com/images/I/31o7MBeDfnL.jpg,https://techwhizmart.com/product/isotunes-sport-caliber-bt-shooting-earbuds-true-wireless-bluetooth-hearing-protection-water-and-dust-proof-13-hour-battery-25-db-noise-reduction-rating-nrr/,1,True,False
B09FTLQ64Q,"JBL Endurance Race TWS - Waterproof true wireless active sport earbuds, JBL Pure Bass Sound, Up to 30 hours of battery life, IP67 Waterproof and Dustproof, Ambient Aware & TalkThru (Black)",earbuds,audio;earbuds,79.95,https://m.media-amazon.com/images/I/31MrY3NRGBL.jpg,https://techwhizmart.com/product/jbl-endurance-race-waterproof-true-wireless-active-sport-earbuds-with-microphone-30h-battery-life-comfortable-dustproof-android-and-apple-ios-compatible-black__trashed/,1,False,True
B088NDGYPX,"JBL Tune 225TWS True Wireless Earbud Headphones - Pure Bass Sound, Bluetooth, 25H Battery, Dual Connect, Native Voice Assistant (Black)",earbuds,audio;earbuds,89.97,https://m.media-amazon.com/images/I/31244MC6NeL.jpg,https://techwhizmart.com/product/jbl-tune-225tws-true-wireless-earbud-headphones-jbl-pure-bass-sound-bluetooth-25h-battery-dual-connect-native-voice-assistant-black__trashed/,1,False,True
B097F4V3FJ,"JBL Vibe 200TWS - True Wireless Earbuds, 20 hours of combined playback, JBL Deep Bass Sound, Comfort-fit, IPX2 rating, Pocket friendly (Black)",earbuds,audio;earbuds,49.95,https://m.media-amazon.com/images/I/31p1XCh0v9L.jpg,https://techwhizmart.com/product/jbl-vibe-200tws-true-wireless-earbuds-black__trashed/,1,False,True
B0DL3752BW,"Monster Achieve 300 AirLinks Wireless Earbuds, Bluetooth 5.3 in-Ear Headphones, Touch Control, Built-in Microphone, USB-C Fast Charging, 32H Playtime, Black",earbuds,audio;earbuds,79.99,https://m.media-amazon.com/images/I/416I7euiZpL.jpg,https://techwhizmart.com/product/monster-achieve-300-airlinks-wireless-earbuds-bluetooth-5-3-in-ear-headphones-touch-control-built-in-microphone-usb-c-fast-charging-32h-playtime-black/,1,True,False
B0DL35RW56,"Monster Wireless Earbuds, Bluetooth 5.3 Headphones with Bass Stereo, 32 Hours Playtime, IPX6 Waterproof,USB-C Fast Charging",earbuds,audio;earbuds,79.96,https://m.media-amazon.com/images/I/41WWsM8h9PL.jpg,https://techwhizmart.com/product/monster-wireless-earbuds-bluetooth-5-3-headphones-with-bass-stereo-32-hours-playtime-ipx6-waterproofusb-c-fast-charging/,1,True,False
B0C7XM1P66,"Raycon Impact Earbuds Military-Grade Impact Resistant, IP67 Bluetooth Earbuds with Stereo Sound, 90 Hours of Battery Life, Active Noise Cancellation (Black)",earbuds,audio;earbuds,149.99,https://m.media-amazon.com/images/I/41vLmprzfOL.jpg,https://techwhizmart.com/product/raycon-impact-earbuds-military-grade-impact-resistant-ip67-bluetooth-earbuds-with-stereo-sound-90-hours-of-battery-life-active-noise-cancellation-black/,1,True,False
B0B8TC6KWF,Samsung Galaxy Buds Pro 2 [2022] (SM-R510NZAALTA) - (Gray),earbuds,audio;earbuds,108.55,https://m.media-amazon.com/images/I/41v9tZlxM3L.jpg,https://techwhizmart.com/product/samsung-galaxy-buds-pro-2-2022-sm-r510nzaalta-gray/,1,True,False
B0BB5VBFRF,"Sony LinkBuds S Truly Wireless Noise Canceling Earbud Headphones with Alexa Built-in, Bluetooth Ear Buds Compatible with…",earbuds,audio;earbuds,128.00,https://m.media-amazon.com/images/I/215O56ONt9L.jpg,https://techwhizmart.com/product/sony-linkbuds-s-truly-wireless-noise-canceling-earbud-headphones-with-alexa-built-in-bluetooth-ear-buds-compatible-with-iphone-and-android-earth-blue__trashed/,1,False,True
B094C4VDJZ,"Sony WF-1000XM4 Industry Leading Noise Canceling Truly Wireless Earbud Headphones with Alexa Built-in, Black",earbuds,audio;earbuds,178.00,https://m.media-amazon.com/images/I/214Ck7MfbRL.jpg,https://techwhizmart.com/product/sony-wf-1000xm4-industry-leading-noise-canceling-truly-wireless-earbud-headphones-with-alexa-built-in-black__trashed/,1,False,True
B09LD2D1TV,TAGRY Bluetooth Headphones True Wireless Earbuds 60H Playback LED Power Display Earphones with Wireless Charging Case…,earbuds,audio;earbuds,34.99,https://m.media-amazon.com/images/I/41YklcSgnhL.jpg,https://techwhizmart.com/product/tagry-bluetooth-headphones-true-wireless-earbuds-60h-playback-led-power-display-earphones-with-wireless-charging-case-ipx5-waterproof-in-ear-earbuds-with-mic-for-tv-smart-phone-computer-lapto__trashed/,1,False,True
B09FT58QQP,"TOZO A1 Mini Wireless Earbuds Bluetooth 5.3 in Ear Light-Weight Headphones Built-in Microphone, IPX5 Waterproof, Immersive Premium Sound Long Distance Connection Headset with Charging Case, Black",earbuds,audio;earbuds,19.99,https://m.media-amazon.com/images/I/417o7VZPL1L.jpg,https://techwhizmart.com/product/tozo-a1-mini-wireless-earbuds-bluetooth-5-3-in-ear-light-weight-headphones-built-in-microphone-ipx5-waterproof-immersive-premium-sound-long-distance-connection-headset-with-charging-case-blac__trashed/,1,False,True
B07J2Z5DBM,"TOZO T10 (Classic Edition) Bluetooth 5.3 Wireless Earbuds with Wireless Charging Case IPX8 Waterproof Stereo Headphones in Ear Built in Mic Headset Premium Sound with Deep Bass, 32 Preset EQs via APP",earbuds,audio;earbuds,24.99,https://m.media-amazon.com/images/I/41YqtZd7kCL.jpg,https://techwhizmart.com/product/tozo-t10-bluetooth-5-3-wireless-earbuds-with-wireless-charging-case-ipx8-waterproof-stereo-headphones-in-ear-built-in-mic-headset-premium-sound-with-deep-bass-for-sport-black__trashed/,1,False,True
B0DN9ZSBXK,"Translation Earbuds Real Time, AI Translator Earbuds Support 144 Languages, Language Translator Earbuds for Android iOS, Translating Earbuds Real Time for Travel Business",earbuds,audio;earbuds,39.99,https://m.media-amazon.com/images/I/41UQ9ulPP3L.jpg,https://techwhizmart.com/product/translation-earbuds-real-time-ai-translator-earbuds-support-144-languages-language-translator-earbuds-for-android-ios-translating-earbuds-real-time-for-travel-business/,1,True,False
B0BG4YYZFK,"Wireless Earbuds, Bluetooth 5.0 Earbuds, Earphones Wireless Bluetooth with Charging case, Ear Bud & in-Ear Headphones…",earbuds,audio;earbuds,13.98,https://m.media-amazon.com/images/I/21YjUH3XnsL.jpg,https://techwhizmart.com/product/wireless-earbuds-bluetooth-5-0-earbuds-earphones-wireless-bluetooth-with-charging-case-ear-bud-in-ear-headphones-ipx6-waterproof-wireless-ear-buds-with-mic-auto-pairing-for-iphone-samsung__trashed/,1,False,True
B0B1D619GR,"Wireless Earbuds, Bluetooth 5.3 Earbuds with 43H Playtime, IPX6 Waterproof Stereo Sound True Wireless Earbuds with…",earbuds,audio;earbuds,25.99,https://m.media-amazon.com/images/I/21dZNkCS6qL.jpg,https://techwhizmart.com/product/wireless-earbuds-bluetooth-5-3-earbuds-with-43h-playtime-ipx6-waterproof-stereo-sound-true-wireless-earbuds-with-microphone-bluetooth-headphones-for-sport-and-working__trashed/,1,False,True
B0D635YLCT,"kurdene Wireless Earbuds Bluetooth 5.3 in Ear Buds Light-Weight Headphones,Deep Bass Sound,Built-in Mics Headset,Clear Calls Earphones for Sports Workout",earbuds,audio;earbuds,9.99,https://m.media-amazon.com/images/I/41-8uGNOh0L.jpg,https://techwhizmart.com/product/kurdene-wireless-earbuds-bluetooth-5-3-in-ear-buds-light-weight-headphonesdeep-bass-soundbuilt-in-mics-headsetclear-calls-earphones-for-sports-workout/,1,True,False
B08LV25L5J,"Cell Phone Stand Adjustable Height Phone Holder for Desk Pad Stand,Support All Phones and Screens from 2-15.6 inch,(iPhone, Android,iPad,Kindle) Support Stretching and Chassis Counterweight",electronics,cellphones;electronics,19.99,https://m.media-amazon.com/images/I/41j77HciuOL.jpg,https://techwhizmart.com/product/cell-phone-stand-adjustable-height-phone-holder-for-desk-pad-standsupport-all-phones-and-screens-from-2-15-6-inchiphone-androidipadkindle-support-stretching-and-chassis-counterweight/,1,True,False
B0CK11HNS7,Do Not Open,electronics,electronics,6.99,,https://techwhizmart.com/product/do-not-open/,1,True,False
B09SYSMCX6,"Google Pixel 6 5G, US Version, 256GB, Stormy Black - Unlocked (Renewed)",electronics,cellphones;electronics,249.98,https://m.media-amazon.com/images/I/41pOyYd1OsL.jpg,https://techwhizmart.com/product/google-pixel-6-%ef%bf%bd-5g-android-phone-unlocked-smartphone-with-wide-and-ultrawide-lens-256gb-stormy-black-renewed__trashed/,1,False,True
B0B3PSRHHN,Google Pixel 6a - 5G Android Phone - Unlocked Smartphone with 12 Megapixel Camera and 24-Hour Battery - Charcoal,electronics,cellphones;electronics,329.99,https://m.media-amazon.com/images/I/31uxBpNzx9L.jpg,https://techwhizmart.com/product/google-pixel-6a-5g-android-phone-unlocked-smartphone-with-12-megapixel-camera-and-24-hour-battery-charcoal__trashed/,1,False,True
B0BCQVRH38,Google Pixel 7-5G Android Phone - Unlocked Smartphone with Wide Angle Lens and 24-Hour Battery - 128GB - Snow,electronics,cellphones;electronics,449.99,https://m.media-amazon.com/images/I/41pqHO30kvL.jpg,https://techwhizmart.com/product/google-pixel-7-5g-android-phone-unlocked-smartphone-with-wide-angle-lens-and-24-hour-battery-128gb-snow__trashed/,1,False,True
B0CGJJ2N82,Hemlock,electronics,electronics,6.99,,https://techwhizmart.com/product/hemlock/,1,True,False
B08NWBY8YJ,Moto G Power | 2021 | 3-Day battery | Unlocked | Made for US by Motorola | 4/64GB | 48MP Camera | Gray,electronics,cellphones;electronics,91.98,https://m.media-amazon.com/images/I/31iCmEzmpOL.jpg,https://techwhizmart.com/product/moto-g-power-2021-3-day-battery-unlocked-made-for-us-by-motorola-4-64gb-48mp-camera-gray__trashed/,1,False,True
B0D1ZFS9GH,Moto G Stylus 5G | 2024 | Unlocked | Made for US 8/256GB | 50MP Camera | Caramel Latte,electronics,cellphones;electronics,249.99,https://m.media-amazon.com/images/I/412KEd+cz3L.jpg,https://techwhizmart.com/product/moto-g-stylus-5g-2024-unlocked-made-for-us-8-256gb-50mp-camera-caramel-latte/,1,True,False
B0BFYRV4CD,Motorola Moto G Stylus 5G | 2021 | 2-Day Battery | Unlocked | Made for US 4/128GB | 48MP Camera | Cosmic Emerald,electronics,cellphones;electronics,108.30,https://m.media-amazon.com/images/I/41wKBxAos4L.jpg,https://techwhizmart.com/product/motorola-moto-g-stylus-5g-2021-2-day-battery-unlocked-made-for-us-4-128gb-48mp-camera-cosmic-emerald__trashed/,1,False,True
B0DLG4WKKG,"NUU N20 Basic Cell Phone for T-Mobile, Mint, Metro, Qlink, Tello and More 6GB/128GB, Perfect for Teenagers, Dual SIM 4G, Octa-Core 6.6"" 90Hz HD+, Unlocked Phones Android Phone 14, US Warranty (Blue)",electronics,cellphones;electronics,109.99,https://m.media-amazon.com/images/I/41NZ5zPwKAL.jpg,https://techwhizmart.com/product/nuu-n20-basic-cell-phone-for-t-mobile-mint-metro-qlink-tello-and-more-6gb-128gb-perfect-for-teenagers-dual-sim-4g-octa-core-6-6-90hz-hd-unlocked-phones-android-phone-14-us-warranty-blue/,1,True,False
B0DLGKWNMR,"NUU N20 Basic Cell Phone for T-Mobile, Mint, Metro, Qlink, Tello and More 6GB/128GB, Perfect for Teenagers, Dual SIM 4G, Octa-Core 6.6"" 90Hz HD+, Unlocked Phones Android Phone 14, US Warranty (Green)",electronics,cellphones;electronics,109.99,https://m.media-amazon.com/images/I/41N+kp2LURL.jpg,https://techwhizmart.com/product/nuu-n20-basic-cell-phone-for-t-mobile-mint-metro-qlink-tello-and-more-6gb-128gb-perfect-for-teenagers-dual-sim-4g-octa-core-6-6-90hz-hd-unlocked-phones-android-phone-14-us-warranty-green/,1,True,False
B0DLGHZ3YN,"NUU N20 Basic Cell Phone for T-Mobile, Mint, Metro, Qlink, Tello and More 6GB/128GB, Perfect for Teenagers, Dual SIM 4G, Octa-Core 6.6"" 90Hz HD+, Unlocked Phones Android Phone 14, US Warranty (Purple)",electronics,cellphones;electronics,109.99,https://m.media-amazon.com/images/I/41Qh1Ci000L.jpg,https://techwhizmart.com/product/nuu-n20-basic-cell-phone-for-t-mobile-mint-metro-qlink-tello-and-more-6gb-128gb-perfect-for-teenagers-dual-sim-4g-octa-core-6-6-90hz-hd-unlocked-phones-android-phone-14-us-warranty-purple/,1,True,False
B09R6FJWWS,"SAMSUNG Galaxy A53 5G A Series Cell Phone, Factory Unlocked Android Smartphone, 128GB, 6.5” FHD Super AMOLED Screen…",electronics,cellphones;electronics,349.00,https://m.media-amazon.com/images/I/418G4uJniEL.jpg,https://techwhizmart.com/product/samsung-galaxy-a53-5g-a-series-cell-phone-factory-unlocked-android-smartphone-128gb-6-5-fhd-super-amoled-screen-long-battery-life-us-version-black__trashed/,1,False,True
B09MVZSW5V,"SAMSUNG Galaxy S22 Ultra Cell Phone, Factory Unlocked Android Smartphone, 128GB, 8K Camera & Video, Brightest Display…",electronics,cellphones;electronics,899.99,https://m.media-amazon.com/images/I/41Te8HXFyjL.jpg,https://techwhizmart.com/product/samsung-galaxy-s22-ultra-cell-phone-factory-unlocked-android-smartphone-128gb-8k-camera-video-brightest-display-screen-s-pen-long-battery-life-fast-4nm-processor-us-version-phantom-black__trashed/,1,False,True
B09MVYNR2H,"SAMSUNG Galaxy S22+ Cell Phone, Factory Unlocked Android Smartphone, 256GB, 8K Camera & Video, Brightest Display Screen, Long Battery Life, Fast 4nm Processor, US Version, Green",electronics,cellphones;electronics,570.00,https://m.media-amazon.com/images/I/31QFN6sUEdL.jpg,https://techwhizmart.com/product/samsung-galaxy-s22-cell-phone-factory-unlocked-android-smartphone-256gb-8k-camera-video-brightest-display-screen-long-battery-life-fast-4nm-processor-us-version-green__trashed/,1,False,True
B0B3TC2XXZ,"SAMSUNG Galaxy Z Fold 4 Cell Phone, Factory Unlocked Android Smartphone, 256GB, Flex Mode, Hands Free Video, Multi Window View, Foldable Display, S Pen Compatible, US Version, 2022, Gray Green",electronics,cellphones;electronics,1499.00,https://m.media-amazon.com/images/I/31n349wti-L.jpg,https://techwhizmart.com/product/samsung-galaxy-z-fold-4-cell-phone-factory-unlocked-android-smartphone-256gb-flex-mode-hands-free-video-multi-window-view-foldable-display-s-pen-compatible-us-version-gray-green__trashed/,1,False,True
B08W3LYXKG,"Samsung Galaxy A12 (64GB, 4GB) 6.5"" HD+, Quad Camera, 5000mAh Battery, Dual SIM GSM Unlocked Global 4G Volte (T-Mobile, AT&T, Metro) International Model A125M/DS (64GB SD Bundle, Black)",electronics,cellphones;electronics,169.00,https://m.media-amazon.com/images/I/51hyCkojfKL.jpg,https://techwhizmart.com/product/samsung-galaxy-a12-64gb-4gb-6-5-hd-quad-camera-5000mah-battery-dual-sim-gsm-unlocked-global-4g-volte-t-mobile-att-metro-international-model-a125m-ds-64gb-sd-bundle-black__trashed/,1,False,True
B08L7133QL,"Samsung Galaxy S20 5G, 128GB, Cloud Blue - GSM Carriers (Renewed)",electronics,cellphones;electronics,249.99,https://m.media-amazon.com/images/I/51Fiz9bexHL.jpg,https://techwhizmart.com/product/samsung-galaxy-s20-5g-128gb-cloud-blue-gsm-carriers-renewed__trashed/,1,False,True
B094HDMZP6,The Missing,electronics,electronics,6.99,,https://techwhizmart.com/product/the-missing/,1,True,False
B0BBXGV3PP,"Total by Verizon Moto g PURE, 32GB, Blue - Prepaid Smartphone (Locked)",electronics,cellphones;electronics,48.99,https://m.media-amazon.com/images/I/41zfcuozuWL.jpg,https://techwhizmart.com/product/total-by-verizon-motorola-moto-g-pure-32gb-blue-prepaid-smartphone-locked__trashed/,1,False,True
B0BPSP3BQH,"3-in-1 PC Gaming Headset&Controller Holder - EURPMASK Headphone Stand w/Adjustable Clamp&2 Controller Holder&Rotating Arm&Cable Organizer, Universal PC Gaming Accessory Controller Headset Stand-Black",gaming-gear,consoles-and-vr;gaming-gear,18.99,https://m.media-amazon.com/images/I/416QBqn9ILL.jpg,https://techwhizmart.com/product/3-in-1-pc-gaming-headsetcontroller-holder-eurpmask-headphone-stand-w-adjustable-clamp2-controller-holderrotating-armcable-organizer-universal-pc-gaming-accessory-controller-headset-stand-black/,1,True,False
B0CJT7V5JD,360 Rotating Desk Controller Headphone Holder - Larger Cup Holder with Adjustable Headset Hanger Controller Stand | Clamp On Desk Organizer | Gaming Pc Accessories,gaming-gear,consoles-and-vr;gaming-gear,19.99,https://m.media-amazon.com/images/I/41jZ7+enfvL.jpg,https://techwhizmart.com/product/360-rotating-desk-controller-headphone-holder-larger-desk-cup-holder-with-adjustable-headset-hanger-controller-stand-clamp-on-desk-organizer-gaming-desk-accessories/,1,True,False
B01DXW0FFG,"BASON LIGHTING TV Backlight, 9.8ft TV Light Strip for 32-58 inch TV/Monitor Backlight, SMD 5050 USB LED Light Strip with Remote, RGB 4096 DIY Colors TV LED for Gaming Lights, Ambient Lighting Kit.",gaming-gear,consoles-and-vr;gaming-gear,9.98,https://m.media-amazon.com/images/I/51tjHdWCAWL.jpg,https://techwhizmart.com/product/bason-lighting-tv-backlight-9-8ft-tv-light-strip-for-32-58-inch-tv-monitor-backlight-smd-5050-usb-led-light-strip-with-remote-rgb-4096-diy-colors-tv-led-for-gaming-lights-ambient-lighting-kit/,1,True,False
B01H6GUCCQ,"BENGOO G9000 Stereo Gaming Headset for PS4 PC Xbox One PS5 Controller, Noise Cancelling Over Ear Headphones with Mic, LED Light, Bass Surround, Soft Memory Earmuffs for Nintendo",gaming-gear,consoles-and-vr;gaming-gear,21.99,https://m.media-amazon.com/images/I/51q0meZK6WL.jpg,https://techwhizmart.com/product/bengoo-g9000-stereo-gaming-headset-for-ps4-pc-xbox-one-ps5-controller-noise-cancelling-over-ear-headphones-with-mic-led-light-bass-surround-soft-memory-earmuffs-blue/,1,True,False
B07JPF4TKK,Blue Light Blocking Glasses For Men/Women Anti-Fatigue Computer Monitor Gaming Glasses Reduce Eye Strain Gamer Glasses,gaming-gear,consoles-and-vr;gaming-gear,24.97,https://m.media-amazon.com/images/I/31LDwUGbAPS.jpg,https://techwhizmart.com/product/blue-light-blocking-glasses-for-men-women-anti-fatigue-computer-monitor-gaming-glasses-reduce-eye-strain-gamer-glasses/,1,True,False
B0BNV1BC52,"Bzu Topographic Contour Extended Big Mouse Pad Large,XL Gaming Mouse Pad Desk Pad,31.5x11.8inch Long Computer Keyboard Mouse Mat Mousepad with 3mm Non-Slip Base and Stitched Edge for Home Office Work",gaming-gear,consoles-and-vr;gaming-gear,9.99,https://m.media-amazon.com/images/I/5102mmJqoxL.jpg,https://techwhizmart.com/product/bzu-topographic-contour-extended-big-mouse-pad-largexl-gaming-mouse-pad-desk-pad31-5x11-8inch-long-computer-keyboard-mouse-mat-mousepad-with-3mm-non-slip-base-and-stitched-edge-for-home-office-work/,1,True,False
B08DHMMBFF,ComfiLife Ergonomic Under Desk Foot Rest for Office Use – Adjustable Height Memory Foam Foot Stool Under Desk for Office Chair & Gaming Chair – for Back & Hip Pain Relief (Black),gaming-gear,consoles-and-vr;gaming-gear,39.95,https://m.media-amazon.com/images/I/41w3WNyyCxL.jpg,https://techwhizmart.com/product/comfilife-ergonomic-under-desk-foot-rest-for-office-use-adjustable-height-memory-foam-foot-stool-under-desk-for-office-chair-gaming-chair-for-back-hip-pain-relief-black/,1,True,False
B0B1DPWV2X,"CryCarrot Gamer Gifts for Teenage Boys, Gaming Headphone Stand for Men, Gaming Room Decor Wooden Headset Holder, Son Boyfriend Husband Game Lover Gifts -Sorry I Can't Hear You I'm Gaming",gaming-gear,consoles-and-vr;gaming-gear,17.99,https://m.media-amazon.com/images/I/41+j1PbcWFL.jpg,https://techwhizmart.com/product/gamer-gifts-for-teenage-boys-gaming-headphone-stand-for-men-gaming-room-decor-wooden-headset-holder-son-boyfriend-husband-game-lover-gifts-sorry-i-cant-hear-you-im-gaming/,1,True,False
B09N59Y2JN,"Exquisite Gaming: Call Of Duty: Ghost Warzone - Original Mobile Phone & Gaming Controller Holder, Device Stand, Cable Guys, COD Licensed Figure",gaming-gear,consoles-and-vr;gaming-gear,24.99,https://m.media-amazon.com/images/I/417+pu9JHxL.jpg,https://techwhizmart.com/product/exquisite-gaming-call-of-duty-ghost-warzone-original-mobile-phone-gaming-controller-holder-device-stand-cable-guys-cod-licensed-figure/,1,True,False
B08KJJFFY8,"Exquisite Gaming: Call of Duty: Monkeybomb - Original Mobile Phone & Gaming Controller Holder, Device Stand, Cable Guys, Licensed Figure",gaming-gear,consoles-and-vr;gaming-gear,24.99,https://m.media-amazon.com/images/I/31+Q2DJ5YrL.jpg,https://techwhizmart.com/product/exquisite-gaming-call-of-duty-monkeybomb-original-mobile-phone-gaming-controller-holder-device-stand-cable-guys-licensed-figure/,1,True,False
B0BZP95YB5,"FIFINE Gaming Audio Mixer, Streaming RGB PC Mixer with XLR Microphone Interface, Individual Control, Volume Fader, Mute Button, 48V Phantom Power, for Podcast/Recording/Vocal/Game Voice-AmpliGame SC3",gaming-gear,consoles-and-vr;gaming-gear,39.99,https://m.media-amazon.com/images/I/51d8QP-91yL.jpg,https://techwhizmart.com/product/fifine-gaming-audio-mixer-streaming-rgb-pc-mixer-with-xlr-microphone-interface-individual-control-volume-fader-mute-button-48v-phantom-power-for-podcast-recording-vocal-game-voice-ampligame-sc3/,1,True,False
B09Q2ZZGH2,"FIFINE Gaming PC USB Microphone, Podcast Condenser Mic with Boom Arm, Pop Filter, Mute Button for Streaming, Twitch, Online Chat, RGB Computer Mic for PC Gamer Youtuber-AmpliGame A6T",gaming-gear,consoles-and-vr;gaming-gear,49.99,https://m.media-amazon.com/images/I/41qZiOlZjjL.jpg,https://techwhizmart.com/product/fifine-gaming-pc-usb-microphone-podcast-condenser-mic-with-boom-arm-pop-filter-mute-button-for-streaming-twitch-online-chat-rgb-computer-mic-for-pc-gamer-youtuber-ampligame-a6t/,1,True,False
B09JG62KDJ,"FIFINE Gaming USB Microphone for PC PS5, Condenser Mic with Quick Mute, RGB Indicator, Tripod Stand, Pop Filter, Shock Mount, Gain Control for Streaming Discord Twitch Podcasts Videos- AmpliGame",gaming-gear,consoles-and-vr;gaming-gear,32.99,https://m.media-amazon.com/images/I/41uGfHXXV-L.jpg,https://techwhizmart.com/product/fifine-gaming-usb-microphone-for-pc-ps5-condenser-mic-with-quick-mute-rgb-indicator-tripod-stand-pop-filter-shock-mount-gain-control-for-streaming-discord-twitch-podcasts-videos-ampligame/,1,True,False
B07Y1C6GDS,FIFINE Studio Condenser USB Microphone Computer PC Microphone Kit with Adjustable Boom Arm Stand Shock Mount for Instruments Voice Overs Recording Podcasting YouTube Vocal Gaming Streaming-T669,gaming-gear,consoles-and-vr;gaming-gear,39.99,https://m.media-amazon.com/images/I/41aHoUBIwNL.jpg,https://techwhizmart.com/product/fifine-studio-condenser-usb-microphone-computer-pc-microphone-kit-with-adjustable-boom-arm-stand-shock-mount-for-instruments-voice-overs-recording-podcasting-youtube-vocal-gaming-streaming-t669/,1,True,False
B0BMFQP2ZZ,"FIFINE USB/XLR Dynamic Microphone for Podcast Recording, PC Computer Gaming Streaming Mic with RGB Light, Mute Button, Headphones Jack, Desktop Stand, Vocal Mic for Singing YouTube-AmpliGame AM8",gaming-gear,consoles-and-vr;gaming-gear,46.74,https://m.media-amazon.com/images/I/31LOPDus19L.jpg,https://techwhizmart.com/product/fifine-xlr-usb-dynamic-microphone-for-podcast-recording-pc-computer-gaming-streaming-mic-with-rgb-light-mute-button-headphones-jack-desktop-stand-vocal-mic-for-singing-youtube-ampligame-am8/,1,True,False
B0BGYK6SVQ,"Frigidaire EFMIS179 Gaming Light Up Mini Beverage Refrigerator, Stealth",gaming-gear,consoles-and-vr;gaming-gear,39.99,https://m.media-amazon.com/images/I/61JAkmwzIQL.jpg,https://techwhizmart.com/product/frigidaire-efmis179-gaming-light-up-mini-beverage-refrigerator-stealth/,1,True,False
B0C813CQ2Y,Gaming Controller Holder One More Life | Controller Holder Figure | Headphone Stand & Controller | Gaming Accessories for Desk | Gamer Gifts,gaming-gear,consoles-and-vr;gaming-gear,36.90,https://m.media-amazon.com/images/I/41zIultZCkL.jpg,https://techwhizmart.com/product/gaming-controller-holder-one-more-life-controller-holder-figure-headphone-stand-controller-gaming-accessories-for-desk-gamer-gifts/,1,True,False
B092CT6VKL,Gaming Desk Computer Desk 47 Inch Home Office Desk Extra Large Modern Ergonomic Black PC Carbon Fiber Table Gamer Workstation with Cup Holder Headphone Hook,gaming-gear,consoles-and-vr;gaming-gear,29.99,https://m.media-amazon.com/images/I/51aAusyQMSL.jpg,https://techwhizmart.com/product/gaming-desk-computer-desk-47-inch-home-office-desk-extra-large-modern-ergonomic-black-pc-carbon-fiber-table-gamer-workstation-with-cup-holder-headphone-hook/,1,True,False
B0CHJQ6XQ5,"Gaming Headphone Stand PC Accessories - RGB Headset Stand with 2 USB Charger, Cool LED Headphone Holder PC Gaming Accessories Gift for Boys Men Gamers, Computer Game Hardware for Desk",gaming-gear,consoles-and-vr;gaming-gear,29.97,https://m.media-amazon.com/images/I/41XHDE1oI-L.jpg,https://techwhizmart.com/product/gaming-headphone-stand-pc-accessories-rgb-headset-stand-with-2-usb-charger-cool-led-headphone-holder-pc-gaming-accessories-gift-for-boys-men-gamers-computer-game-hardware-for-desk/,1,True,False
B09FXFSY6R,"Gaming Headset for PC, Ps5, Switch, Mobile, Gaming Headphones for Nintendo with Noise Canceling Mic, Deep Bass Stereo Sound",gaming-gear,consoles-and-vr;gaming-gear,18.99,https://m.media-amazon.com/images/I/51yg9upokuL.jpg,https://techwhizmart.com/product/gaming-headset-for-pc-ps5-switch-mobile-gaming-headphones-for-nintendo-with-noise-canceling-mic-deep-bass-stereo-sound/,1,True,False
B0B8HWWB6B,"Glow in The Dark Blanket Game Controller Throw Blanket, Gamer Gifts Toys for Kids Boyfriend, Boys Teen Soft Cozy Gaming Blanket Gamer Gifts Game Decor Blankets for Home Bedroom 50""x60""",gaming-gear,consoles-and-vr;gaming-gear,25.99,https://m.media-amazon.com/images/I/51wbDfLp9wL.jpg,https://techwhizmart.com/product/glow-in-the-dark-blanket-game-controller-throw-blanket-gamer-gifts-toys-for-kids-boyfriend-boys-teen-soft-cozy-gaming-blanket-gamer-gifts-game-decor-blankets-for-home-bedroom-50x60/,1,True,False
B0CLNL39LL,"Hopipad Japanese Sea Waves Large Gaming Mouse Pad for Desk, Desk Mat with Seamed Edges, Waterproof Desk Pad, Non-Slip Rubber Base, 31.5x11.8 Inch Keyboard Pad Computer Mat, Big XL Mousepad",gaming-gear,consoles-and-vr;gaming-gear,9.99,https://m.media-amazon.com/images/I/51JstK+6kKL.jpg,https://techwhizmart.com/product/japanese-sea-waves-large-gaming-mouse-pad-for-desk-desk-mat-with-seamed-edges-waterproof-desk-pad-non-slip-rubber-base-31-5x11-8-inch-keyboard-pad-computer-mat-big-xl-mousepad/,1,True,False
B07SFSTHL9,KAFRI RGB Headphone Stand with USB A&C Charger Desk Gaming Headset Holder Hanger Rack with 3 USB Charging Port and 2 Outlet - Suitable for Gamer Desktop Table Game Earphone Accessories Boyfriend Gifts,gaming-gear,consoles-and-vr;gaming-gear,21.99,https://m.media-amazon.com/images/I/41cpAo+5o5L.jpg,https://techwhizmart.com/product/kafri-rgb-headphone-stand-with-usb-ac-charger-desk-gaming-headset-holder-hanger-rack-with-3-usb-charging-port-and-2-outlet-suitable-for-gamer-desktop-table-game-earphone-accessories-boyfriend-gifts/,1,True,False
B07W549S56,KAFRI RGB Headphone Stand with Wireless Charger Desk Gaming Headset Holder Hanger Rack with 10W/7.5W Fast Charge QI Wireless Charging Pad - Suitable for Gamer Desktop Table Game Earphone Accessories,gaming-gear,consoles-and-vr;gaming-gear,19.99,https://m.media-amazon.com/images/I/41nJIAgjRTL.jpg,https://techwhizmart.com/product/kafri-rgb-headphone-stand-with-wireless-charger-desk-gaming-headset-holder-hanger-rack-with-10w-7-5w-fast-charge-qi-wireless-charging-pad-suitable-for-gamer-desktop-table-game-earphone-accessories/,1,True,False
B0B2K2SNXD,"KDD Rotatable Headphone Hanger - 3 in 1 Under Desk Clamp Controller Stand Replaceable Cup Holder - Compatible with Universal Headset, Controller, Cup(Black)",gaming-gear,consoles-and-vr;gaming-gear,12.95,https://m.media-amazon.com/images/I/41jn7bUry+L.jpg,https://techwhizmart.com/product/kdd-rotatable-headphone-hanger-3-in-1-under-desk-clamp-controller-stand-replaceable-cup-holder-compatible-with-universal-headset-controller-cupblack/,1,True,False
B0CFF1P999,"KM-1 Wireless Gaming Mouse, Computer Mice USB Wireless Mouse with Honeycomb Shell, 6 Programmed Buttons, 3 Adjustable DPI, Ergonomic RGB Optical Gamer Mouse for Laptop PC Mac",gaming-gear,consoles-and-vr;gaming-gear,15.99,https://m.media-amazon.com/images/I/51sQien8V0L.jpg,https://techwhizmart.com/product/km-1-wireless-gaming-mouse-computer-mice-usb-wireless-mouse-with-honeycomb-shell-6-programmed-buttons-3-adjustable-dpi-ergonomic-rgb-optical-gamer-mouse-for-laptop-pc-mac/,1,True,False
B09QL38DBT,"Kavaas Gamer Neon Sign, Game Controller Neon Sign for Gamer Room Decor - Gaming Neon Sign for Teen Boy Room Decor, LED Game Neon Sign Gaming Wall decor - Best Gamer Gifts for Boys, Kids",gaming-gear,consoles-and-vr;gaming-gear,25.89,https://m.media-amazon.com/images/I/61GrtcMhBYL.jpg,https://techwhizmart.com/product/kavaas-gamer-neon-sign-game-controller-neon-sign-for-gamer-room-decor-gaming-neon-sign-for-teen-boy-room-decor-led-game-neon-sign-gaming-wall-decor-best-gamer-gifts-for-boys-kids/,1,True,False
B0CWPMD54C,"Kolbs Reading Pillow | Full Support for Comfort Solid Foam | Back Pillow for Bed Sitting Up TV Book Gaming Pillow - Back Support Pillow for Bed Backrest Bed Chair with Arms (Grey/White, Standard)",gaming-gear,consoles-and-vr;gaming-gear,48.99,https://m.media-amazon.com/images/I/31+EewnLkAL.jpg,https://techwhizmart.com/product/kolbs-reading-pillow-full-support-for-comfort-solid-foam-back-pillow-for-bed-sitting-up-tv-book-gaming-pillow-back-support-pillow-for-bed-backrest-bed-chair-with-arms-grey-white-standard/,1,True,False
B08TRMS8PS,"KontrolFreek Precision Rings | Aim Assist Motion Control for PlayStation 4 (PS4), PS5, Xbox One, XBX, Switch Pro & Scuf Controller (Black/Purple/Green)",gaming-gear,consoles-and-vr;gaming-gear,10.99,https://m.media-amazon.com/images/I/51sZC55qgOL.jpg,https://techwhizmart.com/product/kontrolfreek-precision-rings-aim-assist-motion-control-for-playstation-4-ps4-ps5-xbox-one-xbx-switch-pro-scuf-controller-black-purple-green/,1,True,False
B0BRFN13S9,"LENRUE G11 Computer Speakers for Desktop, Touch Lights PC Speakers with Surge Clear Sound, USB C/USB Powered for Computer Desktop PC Laptop Monitor",gaming-gear,consoles-and-vr;gaming-gear,19.99,https://m.media-amazon.com/images/I/41XeSj+qShL.jpg,https://techwhizmart.com/product/lenrue-g11-computer-speakers-for-desktop-touch-lights-pc-speakers-with-surge-clear-sound-usb-c-usb-powered-for-computer-desktop-pc-laptop-monitor/,1,True,False
B09TDG4T7G,"Lamicall Headphone Stand, Sticky Headset Hanger - Adhesive Headphone Holder Hook Mount, Headset Stand Holder Clip Under Desk, Earphone Clamp for Airpods Max, HyperX, Sennheiser, Black",gaming-gear,consoles-and-vr;gaming-gear,7.99,https://m.media-amazon.com/images/I/419fnsFTYuL.jpg,https://techwhizmart.com/product/lamicall-headphone-stand-sticky-headset-hanger-adhesive-headphone-holder-hook-mount-headset-stand-holder-clip-under-desk-earphone-clamp-for-airpods-max-hyperx-sennheiser-black/,1,True,False
B09T9FHZLH,"Logitech G Cloud Handheld Portable Gaming Console with Long-Battery Life, 1080P 7-Inch Touchscreen, Lightweight Design, Xbox Cloud Gaming, NVIDIA GeForce NOW, Google Play",gaming-gear,consoles-and-vr;gaming-gear,299.99,https://m.media-amazon.com/images/I/31RcRnLguUL.jpg,https://techwhizmart.com/product/logitech-g-cloud-handheld-portable-gaming-console-with-long-battery-life-1080p-7-inch-touchscreen-lightweight-design-xbox-cloud-gaming-nvidia-geforce-now-google-play/,1,True,False
B00Z0UWV3O,"Logitech G Driving Force Shifter – Compatible with G29, G920 & G923 Racing Wheels for-PlayStation 5, Playstation 4, Xbox-Series X|S, Xbox-One, and-PC",gaming-gear,consoles-and-vr;gaming-gear,49.99,https://m.media-amazon.com/images/I/41W04vreHEL.jpg,https://techwhizmart.com/product/logitech-g-driving-force-shifter-compatible-with-g29-g920-g923-racing-wheels-for-playstation-5-playstation-4-xbox-series-xs-xbox-one-and-pc/,1,True,False
B09T5MGBX8,"MOBILEGAMINGCORPS MGC ClawSocks 6 Pack Carbon, Gamer Finger & Thumb Sleeves, Mobile Gaming Stabilizer & Compression Support Black",gaming-gear,consoles-and-vr;gaming-gear,12.99,https://m.media-amazon.com/images/I/415LsAPJASL.jpg,https://techwhizmart.com/product/mgc-clawsocks-6-pack-carbon-gamer-finger-thumb-sleeves-mobile-gaming-stabilizer-compression-support/,1,True,False
B08TBF4S42,"NUBWO G06 Dual Wireless Gaming Headset with Microphone for PS5, PS4, PC, Mobile, Switch: 2.4GHz Wireless + Bluetooth - 100 Hr Battery - 50mm Drivers - Orange",gaming-gear,consoles-and-vr;gaming-gear,39.99,https://m.media-amazon.com/images/I/41YfyXuYK3L.jpg,https://techwhizmart.com/product/nubwo-g06-dual-wireless-gaming-headset-with-microphone-for-ps5-ps4-pc-mobile-switch-2-4ghz-wireless-bluetooth-100-hr-battery-50mm-drivers-orange/,1,True,False
B0BFJWCYTL,Nintendo Switchâ¢ with Neon Blue and Neon Red JoyâConâ¢,gaming-gear,consoles-and-vr;gaming-gear,283.00,https://m.media-amazon.com/images/I/41d-g6xWrfL.jpg,https://techwhizmart.com/product/nintendo-switch-with-neon-blue-and-neon-red-joy%e2%80%91con/,1,True,False
B09SHCS45Z,"OAPRIRE Universal 3 Tier Controller Holder and Headset Stand for PS4 PS5 XBOX ONE SWITCH, Controller Stand Gaming Accessories, Build Your Game Fortresses (Black)",gaming-gear,consoles-and-vr;gaming-gear,26.99,https://m.media-amazon.com/images/I/51MP7TUTa5L.jpg,https://techwhizmart.com/product/oaprire-universal-3-tier-controller-holder-and-headset-stand-for-ps4-ps5-xbox-one-switch-controller-stand-gaming-accessories-build-your-game-fortresses-black/,1,True,False
B079CBP6P9,"Paladone Playstation Controller Icons Light with 3 Light Modes - Sound Reactive, Dynamic Phasing, and Standard Mode - Gaming Desk Accessories and Game Room Decor",gaming-gear,consoles-and-vr;gaming-gear,25.99,https://m.media-amazon.com/images/I/31UZxISetES.jpg,https://techwhizmart.com/product/paladone-playstation-controller-icons-light-with-3-light-modes-sound-reactive-dynamic-phasing-and-standard-mode-gaming-desk-accessories-and-game-room-decor/,1,True,False
B0CL5KNB9M,PlayStation®5 Digital Edition (slim),gaming-gear,consoles-and-vr;gaming-gear,449.99,https://m.media-amazon.com/images/I/21pybROD6BL.jpg,https://techwhizmart.com/product/playstation5-digital-edition-slim/,1,True,False
B09FF5YV2T,"Power Strip 23 in 1, 20 Outlets Surge Protector Wall Mount with 2 USB+1 USB C Ports, Multi Plug Extension Cord 6ft Heavy Duty, Accessories for Gaming, Studio, Home, Office, Desk Organizers",gaming-gear,consoles-and-vr;gaming-gear,23.99,https://m.media-amazon.com/images/I/413ZgtcaLfL.jpg,https://techwhizmart.com/product/power-strip-23-in-1-20-outlets-surge-protector-wall-mount-with-2-usb-ports-1-usb-c-port-3-1a-total-multi-plug-extension-cord-6ft-heavy-duty-office-desk-accessories-for-gaming-studio/,1,True,False
B08Z2ZKVXX,"Power Strip, SUPERDANNY Surge Protector with 22 AC Outlets and 6 USB Charging Ports, 1875W/15A, 2100 Joules, 6.5Ft Flat Plug Heavy Duty Extension Cord for Home, Office, Dorm, Gaming Room, Black",gaming-gear,consoles-and-vr;gaming-gear,34.99,https://m.media-amazon.com/images/I/41vcM-QMtVL.jpg,https://techwhizmart.com/product/power-strip-superdanny-surge-protector-with-22-ac-outlets-and-6-usb-charging-ports-1875w-15a-2100-joules-6-5ft-flat-plug-heavy-duty-extension-cord-for-home-office-dorm-gaming-room-black/,1,True,False
B0CF18V8LY,"RGB Gaming Headphones Stand with 2 USB Ports Headset Stand with 10 Light Modes and Non-Slip Rubber, Suitable for All Earphone Accessories, Best Gift for Husband, Kids, Boyfriend",gaming-gear,consoles-and-vr;gaming-gear,19.99,https://m.media-amazon.com/images/I/418vWfzIZ4L.jpg,https://techwhizmart.com/product/rgb-gaming-headphones-stand-with-2-usb-ports-headset-stand-with-10-light-modes-and-non-slip-rubber-suitable-for-all-earphone-accessories-best-gift-for-husband-kids-boyfriend/,1,True,False
B0CFKRRQDX,"RGB Gaming Mouse Pad with Wireless Charging, Large Mouse Pad with LED Light, Keyboard Pad with Non-Slip Rubber Base,Waterproof Desk Pad for Home Office Decor",gaming-gear,consoles-and-vr;gaming-gear,36.99,https://m.media-amazon.com/images/I/31vbrg+hT3L.jpg,https://techwhizmart.com/product/rgb-gaming-mouse-pad-with-wireless-charging-large-mouse-pad-with-led-light-keyboard-pad-with-non-slip-rubber-basewaterproof-desk-pad-for-home-office-decor/,1,True,False
B09C13PZX7,Razer Basilisk V3 Customizable Ergonomic Gaming Mouse: Fastest Gaming Mouse Switch - Chroma RGB Lighting - 26K DPI Optical Sensor - 11 Programmable Buttons - HyperScroll Tilt Wheel - Classic Black,gaming-gear,consoles-and-vr;gaming-gear,44.00,https://m.media-amazon.com/images/I/31N1BZUZLwL.jpg,https://techwhizmart.com/product/razer-basilisk-v3-customizable-ergonomic-gaming-mouse-fastest-gaming-mouse-switch-chroma-rgb-lighting-26k-dpi-optical-sensor-11-programmable-buttons-hyperscroll-tilt-wheel-classic-black/,1,True,False
B094PS5RZQ,Razer DeathAdder Essential Gaming Mouse: 6400 DPI Optical Sensor - 5 Programmable Buttons - Mechanical Switches - Rubber Side Grips - Classic Black,gaming-gear,consoles-and-vr;gaming-gear,23.99,https://m.media-amazon.com/images/I/31dHVsk8vKL.jpg,https://techwhizmart.com/product/razer-deathadder-essential-gaming-mouse-6400-dpi-optical-sensor-5-programmable-buttons-mechanical-switches-rubber-side-grips-classic-black/,1,True,False
B09BR46F63,"RedThunder K10 Wireless Gaming Keyboard and Mouse Combo, LED Backlit Rechargeable 3800mAh Battery, Mechanical Feel Anti-ghosting Keyboard + 7D 3200DPI Mice for PC Gamer (Black)",gaming-gear,consoles-and-vr;gaming-gear,47.49,https://m.media-amazon.com/images/I/51dWD9ukeSL.jpg,https://techwhizmart.com/product/redthunder-k10-wireless-gaming-keyboard-and-mouse-combo-led-backlit-rechargeable-3800mah-battery-mechanical-feel-anti-ghosting-keyboard-7d-3200dpi-mice-for-pc-gamer-black/,1,True,False
B0B66RHD7B,"Redragon Gaming Mouse, Wireless Mouse Gaming with 8000 DPI, PC Gaming Mice with Fire Button, RGB Backlit Programmable Ergonomic Mouse Gamer, Rechargeable, 70Hrs for Windows, Mac Gamer, Black",gaming-gear,consoles-and-vr;gaming-gear,29.99,https://m.media-amazon.com/images/I/31PB5xEjLiL.jpg,https://techwhizmart.com/product/redragon-gaming-mouse-wireless-mouse-gaming-with-8000-dpi-pc-gaming-mice-with-fire-button-rgb-backlit-programmable-ergonomic-mouse-gamer-rechargeable-70hrs-for-windows-mac-gamer-black/,1,True,False
B07NBJVH4G,"Redragon K585 DITI Wired One-Handed RGB Mechanical Gaming Keyboard, 42 Keys Type-C Professional Gaming Keypad w/Upgraded Hot-Swappable Socket, 7 Onboard Macro Keys & Detachable Wrist Rest",gaming-gear,consoles-and-vr;gaming-gear,36.99,https://m.media-amazon.com/images/I/41vhJgBMG8L.jpg,https://techwhizmart.com/product/redragon-k585-diti-one-handed-rgb-mechanical-gaming-keyboard-42-keys-type-c-professional-gaming-keypad-w-upgraded-hot-swappable-socket-7-onboard-macro-keys-detachable-wrist-rest/,1,True,False
B08SJ5Z8JL,"Redragon M612 Predator RGB Gaming Mouse, 8000 DPI Wired Optical Mouse with 11 Programmable Buttons & 5 Backlit Modes, Software Supports DIY Keybinds Rapid Fire Button",gaming-gear,consoles-and-vr;gaming-gear,19.99,https://m.media-amazon.com/images/I/31H-GJo2zEL.jpg,https://techwhizmart.com/product/redragon-m612-predator-rgb-gaming-mouse-8000-dpi-wired-optical-gamer-mouse-with-11-programmable-buttons-5-backlit-modes-software-supports-diy-keybinds-rapid-fire-button/,1,True,False
B09VPBF8NY,"Redragon M656 Gainer Wireless Gaming Mouse, 4000 DPI 2.4Ghz Gamer Mouse w/ 5 DPI Levels, 7 Macro Buttons, Red LED Backlit & Pro Software/Drive Supported, for PC/Mac/Laptop",gaming-gear,consoles-and-vr;gaming-gear,19.99,https://m.media-amazon.com/images/I/31PZent2ZvL.jpg,https://techwhizmart.com/product/redragon-m656-gainer-wireless-gaming-mouse-4000-dpi-2-4ghz-gamer-mouse-w-5-dpi-levels-7-macro-buttons-red-led-backlit-pro-software-drive-supported-for-pc-mac-laptop/,1,True,False
B07HC4NBQ8,"Redragon M908 Impact RGB LED MMO Gaming Mouse with 12 Side Buttons, Optical Wired Ergonomic Gamer Mouse with Max 12,400DPI, High Precision, 18 Programmable Macro Shortcuts, Comfort Grip",gaming-gear,consoles-and-vr;gaming-gear,32.89,https://m.media-amazon.com/images/I/410-owI-rML.jpg,https://techwhizmart.com/product/redragon-m908-impact-rgb-led-mmo-gaming-mouse-with-12-side-buttons-optical-wired-ergonomic-gamer-mouse-with-max-12400dpi-high-precision-18-programmable-macro-shortcuts-comfort-grip/,1,True,False
B07BVK2FQW,"Rotating Headphone Stand - EURPMASK PC Gaming Headset Stand, Adjustable Clamp-on Headphone Holder, Headphone Hanger Hook Under Desk with 360 Degree Swivel&Cable Clip Organizer - Black",gaming-gear,consoles-and-vr;gaming-gear,12.99,https://m.media-amazon.com/images/I/41-eusDGUBL.jpg,https://techwhizmart.com/product/rotating-headphone-stand-eurpmask-pc-gaming-headset-stand-adjustable-clamp-on-headphone-holder-headphone-hanger-hook-under-desk-with-360-degree-swivelcable-clip-organizer-black/,1,True,False
B0C3M9RD8Q,"SEDETA L Shaped Gaming Desk, Reversible Computer Desk with Power Outlet and Pegboard, Gaming Desk with Led Lights, Keyboard Tray and Storage Bag for Home Office, Black",gaming-gear,consoles-and-vr;gaming-gear,169.99,https://m.media-amazon.com/images/I/51bXUhfyjvL.jpg,https://techwhizmart.com/product/sedeta-l-shaped-gaming-desk-reversible-computer-desk-with-power-outlet-and-pegboard-gaming-desk-with-led-lights-keyboard-tray-and-storage-bag-for-home-office-black/,1,True,False
B0BYJ7N7LX,"SOLAKAKA SM600 White Wireless Gaming Mouse,8000 DPI Tri-Modes BT5.1/Type-C Wired/2.4G Wireless Mouse with 2 Side Buttons, Programmable Macro Gamer Mouse with RGB Light for Laptop/PC/Mac",gaming-gear,consoles-and-vr;gaming-gear,26.89,https://m.media-amazon.com/images/I/41PLZjfVlzL.jpg,https://techwhizmart.com/product/sm600-white-wireless-gaming-mouse8000-dpi-tri-modes-bt5-1-type-c-wired-2-4g-wireless-mouse-with-2-side-buttons-programmable-macro-gamer-mouse-with-rgb-light-for-laptop-pc-mac/,1,True,False
B09PTVSMLB,"SmartQ H302S USB 3.0 Hub for Laptop with 2ft Long Cable, Multi Port Expander, Fast Data Transfer USB Splitter Compatible with Windows PC, Mac, Printer, Mobile HDD",gaming-gear,consoles-and-vr;gaming-gear,6.79,https://m.media-amazon.com/images/I/31kdXzIn2qL.jpg,https://techwhizmart.com/product/smartq-h302s-usb-3-0-hub-for-laptop-with-2ft-long-cable-multi-usb-port-expander-fast-data-transfer-usb-splitter-for-laptop-compatible-with-windows-pc-mac-printer-mobile-hdd/,1,True,False
B0C4F72Q7Q,"Snailax Foot Rest Under Desk at Work, Heated Under Desk Foot Stool with Double Layer Adjustable Height, Feet Warmer with Vibration Massage, Ergonomic Gaming Home Footstool for Lumbar Back Knee Pain",gaming-gear,consoles-and-vr;gaming-gear,49.99,https://m.media-amazon.com/images/I/41IJcsxe8TL.jpg,https://techwhizmart.com/product/snailax-foot-rest-under-desk-at-work-heated-under-desk-foot-stool-with-double-layer-adjustable-height-feet-warmer-with-vibration-massage-ergonomic-gaming-home-footstool-for-lumbar-back-knee-pain/,1,True,False
B0CB3WS9ZW,Superglide2 - New Controllable Speed Surface Fastest and Smoothest Mouse Feet/Skates Made with Ultra Strong Glass for Pulsar X2 & X2V2 & X2H & X2A Wireless Gaming Mouse,gaming-gear,consoles-and-vr;gaming-gear,24.95,https://m.media-amazon.com/images/I/41+3YVxkEVL.jpg,https://techwhizmart.com/product/superglide2-new-controllable-speed-surface-fastest-and-smoothest-mouse-feet-skates-made-with-ultra-strong-glass-for-pulsar-x2-x2v2-x2h-x2a-wireless-gaming-mouse/,1,True,False
B0BGKBT1JG,"TMKB Falcon M1SE Ultralight Honeycomb Gaming Mouse, High-Precision 12800DPI Optical Sensor, 6 Programmable Buttons, Customizable RGB, Drag-Free Paracord, Ergonomic, Wired - Matte White",gaming-gear,consoles-and-vr;gaming-gear,19.99,https://m.media-amazon.com/images/I/41Jpat8718L.jpg,https://techwhizmart.com/product/tmkb-falcon-m1se-ultralight-honeycomb-gaming-mouse-high-precision-12800dpi-optical-sensor-6-programmable-buttons-customizable-rgb-drag-free-paracord-ergonomic-wired-matte-white/,1,True,False
B0D1K55GPC,"TROND Surge Protector Power Strip 360° Rotating Flat Plug, 24 AC Outlets, 4000 Joules, 6ft Heavy Duty Extension Cord 1875W, ETL Listed, Ideal for Gaming Office Home Dorm Room Essentials Black",gaming-gear,consoles-and-vr;gaming-gear,28.99,https://m.media-amazon.com/images/I/41rmSsBQebL.jpg,https://techwhizmart.com/product/trond-surge-protector-power-strip-360-rotating-flat-plug-24-ac-outlets-4000-joules-6ft-heavy-duty-extension-cord-1875w-etl-listed-ideal-for-gaming-office-home-dorm-room-essentials-black/,1,True,False
B0CCB2YPBV,Thibault Aluminum Laptop Stand for Desk - Cooling Ergonomic Design - Fits MacBook Air Pro/DELL/HP/Lenovo/ThinkPad/Alienware - 13/14/15.6/16 -Easy Assembly- Ventilated Laptop Stand for Optimal Airflow,gaming-gear,consoles-and-vr;gaming-gear,9.99,https://m.media-amazon.com/images/I/41sesCN7mGL.jpg,https://techwhizmart.com/product/thibault-aluminum-laptop-stand-for-desk-cooling-ergonomic-design-fits-macbook-air-pro-dell-hp-lenovo-thinkpad-alienware-13-14-15-6-16-easy-assembly-ventilated-laptop-stand-for-optimal-airflow/,1,True,False
B07YNN9DSV,"Tilted Nation RGB Headset Stand and Gaming Headphone Stand for Desk Display with Mouse Bungee Cord Holder with USB 3.0 Hub for Xbox, PS4, PC - Perfect Gaming Accessories Gift",gaming-gear,consoles-and-vr;gaming-gear,49.99,https://m.media-amazon.com/images/I/41JZJZCrvgL.jpg,https://techwhizmart.com/product/tilted-nation-rgb-headset-stand-and-gaming-headphone-stand-for-desk-display-with-mouse-bungee-cord-holder-with-usb-3-0-hub-for-xbox-ps4-pc-perfect-gaming-accessories-gift/,1,True,False
B0BYZG2YBY,"Upgraded Large Desk Cup Holder Clamp, OOKUU Anti-Spill Table Cup Holder, Metal Office & PC Gaming Desk Accessories, Compatible with Universal Cup, Bottles, Pencil Holder (Black)",gaming-gear,consoles-and-vr;gaming-gear,16.99,https://m.media-amazon.com/images/I/41C-eWZ9gfL.jpg,https://techwhizmart.com/product/upgraded-large-desk-cup-holder-clamp-ookuu-anti-spill-table-cup-holder-metal-office-pc-gaming-desk-accessories-compatible-with-universal-cup-bottles-pencil-holder-black/,1,True,False
B0C49GVN2F,"VAIPI Keyboard Cloud Wrist Rest, PU Leather Cloud Keyboard Wrist Pad, Palm Rest Keyboard Rest with Non-Slip Base for Typing Pain Relief, Soft Keyboard Arm Hand Rest for Computer, Gift for Women Man",gaming-gear,consoles-and-vr;gaming-gear,12.99,https://m.media-amazon.com/images/I/41PyG9Z8Z6L.jpg,https://techwhizmart.com/product/vaipi-keyboard-cloud-wrist-rest-pu-leather-cloud-keyboard-wrist-pad-palm-rest-keyboard-rest-with-non-slip-base-for-typing-pain-relief-soft-keyboard-arm-hand-rest-for-computer-gift-for-women-man/,1,True,False
B0CT28PQW5,"VCOM RGB Gaming Headphones Stand with 2 USB and 1 Type-C Ports, Headset Stand with 10 Light Modes and Non-Slip Rubber,Suitable for All Earphone Accessories, Best Gift for Desk Gamers",gaming-gear,consoles-and-vr;gaming-gear,21.99,https://m.media-amazon.com/images/I/41vjNmKV8eL.jpg,https://techwhizmart.com/product/vcom-rgb-gaming-headphones-stand-with-2-usb-and-1-type-c-ports-headset-stand-with-10-light-modes-and-non-slip-rubbersuitable-for-all-earphone-accessories-best-gift-for-desk-gamers/,1,True,False
B0C9D42ZBN,"XXL(20in) Foot Rest for Under Desk at Work with 3 Adjustable Heights, Foot Stool with Bamboo Charcoal Foam, Feet Warm Pocket Footrest for Office Gaming Chair, for Leg Support -Black",gaming-gear,consoles-and-vr;gaming-gear,27.99,https://m.media-amazon.com/images/I/41InT3+VY4L.jpg,https://techwhizmart.com/product/xxl20in-foot-rest-for-under-desk-at-work-with-3-adjustable-heights-foot-stool-with-bamboo-charcoal-foam-feet-warm-pocket-footrest-for-office-gaming-chair-for-leg-support-black/,1,True,False
B08H75RTZ8,Xbox Series X 1TB SSD Console - Includes Xbox Wireless Controller - Up to 120 frames per second - 16GB RAM 1TB SSD - Experience True 4K Gaming - Xbox Velocity Architecture,gaming-gear,consoles-and-vr;gaming-gear,479.00,https://m.media-amazon.com/images/I/21sdyqUxkKL.jpg,https://techwhizmart.com/product/xbox-series-x-1tb-ssd-console-includes-xbox-wireless-controller-up-to-120-frames-per-second-16gb-ram-1tb-ssd-experience-true-4k-gaming-xbox-velocity-architecture/,1,True,False
B08X6DVF2V,"YuanDian Can't Hear You I'm Gaming Night Light, Headset Graphic Video Games Gamer Gift Funny 3D Illusion Lamp 16 Colors Changing Touch & Remote Control for Men Gamers Teenagers and Kids",gaming-gear,consoles-and-vr;gaming-gear,16.99,https://m.media-amazon.com/images/I/51GPKbl0caL.jpg,https://techwhizmart.com/product/yuandian-cant-hear-you-im-gaming-night-light-headset-graphic-video-games-gamer-gift-funny-3d-illusion-lamp-16-colors-changing-touch-remote-control-for-men-gamers-teenagers-and-kids/,1,True,False
B098P86K4L,"ZUYUROU Gamer Gifts, Pocket Design Throw Pillow Covers 18 x 18 Inch + Gamer Socks, Gaming Room DÃ©cor Stocking Stuffers Easter Basket Stuffers for Teen Boys Girls Men Father Boyfriends",gaming-gear,consoles-and-vr;gaming-gear,9.99,https://m.media-amazon.com/images/I/41mFT5ZlfVS.jpg,https://techwhizmart.com/product/gamer-gifts-pocket-design-throw-pillow-covers-18-x-18-inch-gamer-socks-gaming-room-decor-stocking-stuffers-easter-basket-stuffers-for-teen-boys-girls-men-father-boyfriends/,1,True,False
B0CG7GC21R,"abxylute Cloud Handheld Remote Play Gaming Console, For Xbox Cloud Gaming, NVIDIA GeForce NOW, Playstation, PC, Long-Battery Life, 1080P 7-Inch Touchscreen, Lightweight Handheld Accessories - 64G",gaming-gear,consoles-and-vr;gaming-gear,209.00,https://m.media-amazon.com/images/I/41m78ewgbDL.jpg,https://techwhizmart.com/product/cloud-handheld-remote-play-gaming-console-for-xbox-cloud-gaming-nvidia-geforce-now-playstation-pc-long-battery-life-1080p-7-inch-touchscreen-lightweight-handheld-accessories-64g-black/,1,True,False
B0C7Q3472J,"AKASO Action Camera Bundle with Brave 4 Pro 4K30fps Sports Camera, 64GB MicroSD U3 Card, Remote Control, Waterproof Case, 2x1350mAh Batteries, Charger and Other Accessories",gopro,electronics;gopro,119.99,https://m.media-amazon.com/images/I/51PDfMvS2PL.jpg,https://techwhizmart.com/product/akaso-action-camera-bundle-with-brave-4-pro-4k30fps-sports-camera-64gb-microsd-u3-card-remote-control-waterproof-case-2x1350mah-batteries-charger-and-other-accessories/,1,True,False
B076DD5JNS,AKASO Brave 4 4K30fps 20MP WiFi Action Camera Ultra Hd with EIS 131ft Waterproof Camera Remote Control 5xZoom Underwater Camcorder with 2 Batteries and Bicycle Helmet Accessories Kit,gopro,electronics;gopro,89.99,https://m.media-amazon.com/images/I/41hX7y8NweL.jpg,https://techwhizmart.com/product/akaso-brave-4-4k30fps-20mp-wifi-action-camera-ultra-hd-with-eis-131ft-waterproof-camera-remote-control-5xzoom-underwater-camcorder-with-2-batteries-and-bicycle-helmet-accessories-kit/,1,True,False
B0C5DRNF24,"AKASO Brave 4 Action Camera 4K 30fps with 64GB MicroSD U3 Card Bicycle Helmet Accessories Kit Bundle, 20MP Ultra HD 131FT Waterproof Underwater Camera EIS WiFi Remote Control 5X Zoom Sport Cameras",gopro,electronics;gopro,99.99,https://m.media-amazon.com/images/I/51GAsoS3fSL.jpg,https://techwhizmart.com/product/akaso-brave-4-action-camera-4k-30fps-with-64gb-microsd-u3-card-bicycle-helmet-accessories-kit-bundle-20mp-ultra-hd-131ft-waterproof-underwater-camera-eis-wifi-remote-control-5x-zoom-sport-cameras/,1,True,False
B0DC62JCRL,"AKASO Brave 4 Pro 4K30 Action Camera with 128GB MicroSD U3 Card, 131FT Underwater Waterproof Camera EIS Touch Screen Remote Control with 2x1350mAh Batteries and Helmet Accessories Kit Bundle",gopro,electronics;gopro,129.99,https://m.media-amazon.com/images/I/51GH3HMo+qL.jpg,https://techwhizmart.com/product/akaso-brave-4-pro-4k30-action-camera-with-128gb-microsd-u3-card-131ft-underwater-waterproof-camera-eis-touch-screen-remote-control-with-2x1350mah-batteries-and-helmet-accessories-kit-bundle/,1,True,False
B01HGM33HG,AKASO EK7000 4K30FPS 20MP WiFi Action Camera with EIS Ultra HD Underwater Camera 131FT Waterproof Camera Remote Control 4X Zoom in Photo Mode Support External Microphone Black,gopro,electronics;gopro,69.99,https://m.media-amazon.com/images/I/51VKbpAXfBL.jpg,https://techwhizmart.com/product/akaso-ek7000-4k30fps-20mp-wifi-action-camera-with-eis-ultra-hd-underwater-camera-131ft-waterproof-camera-remote-control-4x-zoom-in-photo-mode-support-external-microphone-black/,1,True,False
B00PLBXUMS,"Black pro 60 in 1 Camera Accessories Kit Compatible with GoPro Hero 13 12 11 10 9 8 7, GoPro Max, GoPro Fusion, DJI Osmo Action, AKASO, APEMAN, Campark, SJCAM",gopro,electronics;gopro,29.99,https://m.media-amazon.com/images/I/51p7Cyx0qhL.jpg,https://techwhizmart.com/product/black-pro-60-in-1-camera-accessories-kit-compatible-with-gopro-hero-12-11-10-9-8-7-gopro-max-gopro-fusion-dji-osmo-action-akaso-apeman-campark-sjcam/,1,True,False
B0CK2SXLQG,"GoPro HERO10 Black - Waterproof 5.3K HD Action Camera with 23MP Photos, Live Streaming + 128GB Memory Card Bundle (59 Items)",gopro,electronics;gopro,299.00,https://m.media-amazon.com/images/I/519StJieMnL.jpg,https://techwhizmart.com/product/gopro-hero10-black-waterproof-5-3k-hd-action-camera-with-23mp-photos-live-streaming-128gb-memory-card-bundle-59-items/,1,True,False
B09QD75B95,"GoPro HERO10 Black - Waterproof Action Camera with Front LCD and Touch Rear Screens, 5.3K60 Ultra HD Video, 23MP Photos, 1080p Live Streaming, Webcam, Stabilization",gopro,electronics;gopro,214.98,https://m.media-amazon.com/images/I/41zMVb8K4SL.jpg,https://techwhizmart.com/product/gopro-hero10-black-waterproof-action-camera-with-front-lcd-and-touch-rear-screens-5-3k60-ultra-hd-video-23mp-photos-1080p-live-streaming-webcam-stabilization/,1,True,False
B0CXTR9WF5,"GoPro HERO10 Black Bundle - includes HERO10 Black Camera, The Handler (Floating Hand Grip), Rechargeable Battery, and Carrying Case",gopro,electronics;gopro,249.00,https://m.media-amazon.com/images/I/411Qiw-eQLL.jpg,https://techwhizmart.com/product/gopro-hero10-black-bundle-includes-hero10-black-camera-the-handler-floating-hand-grip-rechargeable-battery-and-carrying-case/,1,True,False
B0B2FF8CP4,"GoPro HERO10 Black- E-Commerce Packaging - Waterproof Action Camera with Front LCD & Touch Rear Screens, 5.3K60 Ultra HD Video",gopro,electronics;gopro,209.00,https://m.media-amazon.com/images/I/41LpHdsB59L.jpg,https://techwhizmart.com/product/gopro-hero10-black-e-commerce-packaging-waterproof-action-camera-with-front-lcd-touch-rear-screens-5-3k60-ultra-hd-video/,1,True,False
B0BDGJ24QQ,"GoPro HERO11 (Hero 11) Black - Waterproof Action Camera with 5.3K Video, 27MP Photos, 1/1.9"" Sensor, Live Streaming, Webcam, Stabilization + 64GB Card, 50 Piece Accessory Kit and 2 Extra Batteries",gopro,electronics;gopro,398.49,https://m.media-amazon.com/images/I/51d5Z5gPSNL.jpg,https://techwhizmart.com/product/gopro-hero11-hero-11-black-waterproof-action-camera-with-5-3k-video-27mp-photos-1-1-9-sensor-live-streaming-webcam-stabilization-64gb-card-50-piece-accessory-kit-and-2-extra-batteries/,1,True,False
B0C6RKLQHZ,"GoPro HERO11 Black â E-Commerce Packaging - Waterproof Action Camera with 5.3K60 Ultra HD Video, 27MP Photos, 1/1.9"" Image Sensor, Live Streaming, Webcam, Stabilization",gopro,electronics;gopro,259.99,https://m.media-amazon.com/images/I/41DjgGXckfL.jpg,https://techwhizmart.com/product/gopro-hero11-black-e-commerce-packaging-waterproof-action-camera-with-5-3k60-ultra-hd-video-27mp-photos-1-1-9-image-sensor-live-streaming-webcam-stabilization/,1,True,False
B0CHZ5WBTH,"GoPro HERO12 (Hero 12) Black - Waterproof Action Camera with 5.3K HDR Video, 27MP Photos, 1/1.9"" Image Sensor, Live Streaming, Webcam, Stabilization + 64GB Card & 50 Piece Accessory Kit - Bundle",gopro,electronics;gopro,399.99,https://m.media-amazon.com/images/I/5196IU1tcYL.jpg,https://techwhizmart.com/product/gopro-hero12-hero-12-black-waterproof-action-camera-with-5-3k-hdr-video-27mp-photos-1-1-9-image-sensor-live-streaming-webcam-stabilization-64gb-card-50-piece-accessory-kit-bundle/,1,True,False
B0CJWLCSBC,"GoPro HERO12 (Hero 12) Black - with 50 Piece Accessory Kit and 2 Extra Batteries + 64GB Card - Waterproof Action Camera - 5.3K HDR, 27MP Photos, 1/1.9"" Sensor, Live Streaming, Webcam, Stabilization",gopro,electronics;gopro,415.99,https://m.media-amazon.com/images/I/514A7c-2-IL.jpg,https://techwhizmart.com/product/gopro-hero12-hero-12-black-with-50-piece-accessory-kit-and-2-extra-batteries-64gb-card-waterproof-action-camera-5-3k-hdr-27mp-photos-1-1-9-sensor-live-streaming-webcam-stabilization/,1,True,False
B0D95167QH,GoPro HERO12 Black + Accessories Bundle - Includes: Handler + Head Strap 2.0 + Enduro Battery + Carrying Case,gopro,electronics;gopro,399.00,https://m.media-amazon.com/images/I/416ARJiqJbL.jpg,https://techwhizmart.com/product/gopro-hero12-black-accessories-bundle-includes-handler-head-strap-2-0-enduro-battery-carrying-case-2/,1,True,False
B0CGML5GYT,"GoPro HERO12 Black + Accessories Bundle, Includes Handler + Head Strap 2.0 + Enduro Battery + Carrying Case",gopro,electronics;gopro,399.00,https://m.media-amazon.com/images/I/41OAbSNTHBL.jpg,https://techwhizmart.com/product/gopro-hero12-black-accessories-bundle-includes-handler-head-strap-2-0-enduro-battery-carrying-case/,1,True,False
B0CDDY8F9L,"GoPro HERO12 Black - Waterproof Action Camera with 5.3K60 Ultra HD Video, 27MP Photos, HDR, 1/1.9"" Image Sensor, Live Streaming, Webcam, Stabilization",gopro,electronics;gopro,339.99,https://m.media-amazon.com/images/I/31eAG8wuEnL.jpg,https://techwhizmart.com/product/gopro-hero12-black-waterproof-action-camera-with-5-3k60-ultra-hd-video-27mp-photos-hdr-1-1-9-image-sensor-live-streaming-webcam-stabilization/,1,True,False
B0DGH1R4CS,"GoPro HERO13 (Hero 13) Black - Waterproof Action Camera with 5.3K HDR Video, 27MP Photos, 1/1.9"" Image Sensor, Live Streaming, Webcam, Stabilization + 64GB Card & 50 Piece Accessory Kit - Bundle",gopro,electronics;gopro,486.99,https://m.media-amazon.com/images/I/51kDL8GWJdL.jpg,https://techwhizmart.com/product/gopro-hero13-hero-13-black-waterproof-action-camera-with-5-3k-hdr-video-27mp-photos-1-1-9-image-sensor-live-streaming-webcam-stabilization-64gb-card-50-piece-accessory-kit-bundle/,1,True,False
B0DCM34GXX,"GoPro HERO13 Black - Waterproof Action Camera with 5.3K60 Video, 27MP Photo + Compatability with HB-Series Lenses",gopro,electronics;gopro,399.99,https://m.media-amazon.com/images/I/31BHcP9HJjL.jpg,https://techwhizmart.com/product/gopro-hero13-black-waterproof-action-camera-with-5-3k60-video-27mp-photo-compatability-with-hb-series-lenses/,1,True,False
B0DCLRRHSP,"GoPro Hero - Compact Waterproof Action Camera with 4K Ultra HD Video, 12MP Photo, Touch Screen",gopro,electronics;gopro,199.99,https://m.media-amazon.com/images/I/31X8gr7TnCL.jpg,https://techwhizmart.com/product/gopro-hero-compact-waterproof-action-camera-with-4k-ultra-hd-video-12mp-photo-touch-screen/,1,True,False
B098V1GRL3,"LG TONE Free True Wireless Bluetooth FP9 - Active Noise Cancelling Earbuds with UVnano Charging Case, Black",headphones,audio;earbuds;headphones,67.99,https://m.media-amazon.com/images/I/41b+uKuS30L.jpg,https://techwhizmart.com/product/lg-tone-free-true-wireless-bluetooth-earbuds-fp9-active-noise-cancelling-earbuds-with-uvnano-charging-case-black__trashed/,1,False,True
B09D2VM367,"LG TONE-FP5 TONE Free True Wireless Bluetooth Earbuds FP5 - Active Noise Cancelling , Black, small",headphones,audio;earbuds;headphones,65.00,https://m.media-amazon.com/images/I/31Om7+HwUhL.jpg,https://techwhizmart.com/product/lg-tone-free-true-wireless-bluetooth-earbuds-fp5-active-noise-cancelling-earbuds-black__trashed/,1,False,True
B09M8ZQ7P3,"48in Competition Sized Foosball Table, Soccer for Home, Arcade Game Room, 2 Balls, 2 Cup Holders 2x4ft for Man Cave or…",hobbies-stuff,hobbies-stuff,99.99,https://m.media-amazon.com/images/I/4160WN-DJ2L.jpg,https://techwhizmart.com/product/48in-competition-sized-foosball-table-soccer-for-home-arcade-game-room-2-balls-2-cup-holders-2x4ft-for-man-cave-or-basement-standing-or-tabletop-black__trashed/,1,False,True
B07L9TC976,ATIVAFIT Folding Exercise Bike Foldable Fitness Indoor Stationary Bike Magnetic 3 in 1 Upright Recumbent Exercise Bike for Home Workout,hobbies-stuff,hobbies-stuff,149.99,https://m.media-amazon.com/images/I/419v6HZucaL.jpg,https://techwhizmart.com/product/ativafit-exercise-bike-foldable-fitness-indoor-cycling-bike-magnetic-3-in-1-upright-recumbent-exercise-bike-with-resistance-bands-home-workout__trashed/,1,False,True
B09XQSPVTS,"ATTOP Drones with Camera for Adults - 1080P FPV Drone with Carrying Case, Foldable RC Drone W/2 Batteries, Altitude Hold, Headless Mode, ATTOP Camera Drones for Adults/Beginners, Girls/Boys Gifts",hobbies-stuff,drones;hobbies-stuff,99.99,https://m.media-amazon.com/images/I/41xwUWuwfLL.jpg,https://techwhizmart.com/product/drones-with-camera-for-adults-1080p-fpv-drone-with-carrying-case-foldable-rc-drone-w-2-batteries-altitude-hold-headless-mode-attop-camera-drones-for-adults-beginners-christmas-gifts-white__trashed/,1,False,True
B09NKCG1W7,Altas Strength Home Gym Equipment Smith Machine with Pulley System Gym Squat Rack Pull Up Bar Upper Body Strength Training Leg Developer Light Commercial Fitness Equipment Included Accessories 3000Y,hobbies-stuff,hobbies-stuff,2799.00,https://m.media-amazon.com/images/I/51uNPZVDniL.jpg,https://techwhizmart.com/product/altas-strength-home-gym-equipment-smith-machine-with-pulley-system-gym-squat-rack-pull-up-bar-upper-body-strength-training-leg-developer-commercial-fitness-equipment-included-accessories-3000__trashed/,1,False,True
B079Z16CNH,Atomic LED Light Up Foosball Tables,hobbies-stuff,hobbies-stuff,481.00,https://m.media-amazon.com/images/I/51LIvmB687L.jpg,https://techwhizmart.com/product/atomic-led-light-up-foosball-tables__trashed/,1,False,True
B0756TC997,Barrington Collection Foosball Table - Available in Multiple Styles,hobbies-stuff,hobbies-stuff,738.99,https://m.media-amazon.com/images/I/41QiFYF0UKL.jpg,https://techwhizmart.com/product/barrington-collection-foosball-table-available-in-multiple-styles__trashed/,1,False,True
B084P2QVB8,"BodyBoss Home Gym 2.0 - Full Portable Gym Home Workout Package + 1 Set of Resistance Bands - Collapsible Resistance Bar, Handles - Full Body Workouts for Home, Travel or Outside - Red",hobbies-stuff,hobbies-stuff,94.72,https://m.media-amazon.com/images/I/41x1LrGnw8L.jpg,https://techwhizmart.com/product/bodyboss-bodyboss-home-gym-2-0-full-portable-gym-home__trashed/,1,False,True
B01MPZN4UB,BowFlex Home Gym Workout Systems,hobbies-stuff,hobbies-stuff,799.00,https://m.media-amazon.com/images/I/51sGXjAu3+L.jpg,https://techwhizmart.com/product/bowflex-xceed-home-gym__trashed/,1,False,True
B0764JNG73,BowFlex Home Gym Workout Systems,hobbies-stuff,hobbies-stuff,699.99,https://m.media-amazon.com/images/I/41WWp+noG6L.jpg,https://techwhizmart.com/product/bowflex-pr1000-home-gym__trashed/,1,False,True
B00003G1U1,Carrom Nok Hockey Game,hobbies-stuff,hobbies-stuff,118.74,https://m.media-amazon.com/images/I/41JVUd9VnWL.jpg,https://techwhizmart.com/product/carrom-nok-hockey-game__trashed/,1,False,True
B00BQ7B0MS,"Champion Sports Anywhere Table Tennis: Ping Pong Paddles, Balls, and Portable Net & Post Set To Go",hobbies-stuff,hobbies-stuff,33.72,https://m.media-amazon.com/images/I/518kg1QPLGL.jpg,https://techwhizmart.com/product/champion-sports-anywhere-table-tennis-ping-pong-paddles-balls-and-portable-net-post-set-to-go__trashed/,1,False,True
B086VB89L8,"DEERC D20 Mini Drone for Kids with 720P HD FPV Camera Remote Control Toys Gifts for Boys Girls with Altitude Hold, Headless Mode, One Key Start Speed Adjustment, 3D Flips 2 Batteries, Silver",hobbies-stuff,drones;hobbies-stuff,49.99,https://m.media-amazon.com/images/I/51v8Zk3+0GL.jpg,https://techwhizmart.com/product/deerc-d20-mini-drone-for-kids-with-720p-hd-fpv-camera-remote-control-toys-gifts-for-boys-girls-with-altitude-hold-headless-mode-one-key-start-speed-adjustment-3d-flips-2-batteries-silver__trashed/,1,False,True
B098XMSQ3P,"DJI Mini SE, Drone Quadcopter with 3-Axis Gimbal, 2.7K Camera, GPS, 30 Mins Flight Time, Reduced Weight, Less Than 249g, Improved Scale 5 Wind Resistance, Return to Home, for Drone Beginners, Gray",hobbies-stuff,drones;hobbies-stuff,279.00,https://m.media-amazon.com/images/I/41nT8wFE59L.jpg,https://techwhizmart.com/product/dji-mini-se-drone-quadcopter-with-3-axis-gimbal-2-7k-camera-gps-30-mins-flight-time-reduced-weight-less-than-249g-improved-scale-5-wind-resistance-return-to-home-for-drone-beginners-gray__trashed/,1,False,True
B0BBVZ849G,"Drone with 1080P Camera for Adults and Kids, Foldable FPV Remote Control Quadcopter with Voice Control, Gestures Selfie…",hobbies-stuff,drones;hobbies-stuff,79.99,https://m.media-amazon.com/images/I/51TRdtQr95L.jpg,https://techwhizmart.com/product/drone-with-1080p-camera-for-adults-and-kids-foldable-fpv-remote-control-quadcopter-with-voice-control-gestures-selfie-altitude-hold-one-key-start-3d-flips-2-batteries-toys-gifts-for-boys-girl__trashed/,1,False,True
B09B4Z5B89,"Drone with Camera, SYMA X600W Foldable 1080P FPV Camera Drones for Adults Kids Remote Control Quadcopter Gift Toys for Boys Girls with Altitude Hold, Headless Mode, One Key Start, 3D Flips 2 Batteries",hobbies-stuff,drones;hobbies-stuff,79.99,https://m.media-amazon.com/images/I/41Ep4egj2WL.jpg,https://techwhizmart.com/product/syma-x600w-foldable-drone-with-1080p-hd-fpv-camera-for-adults-rc-quadcopter-for-kids-beginners-with-headless-mode-altitude-hold-3d-flip-custom-route-and-one-key-start__trashed/,1,False,True
B0BKC75ZSX,"EVO Gym - Portable Home Gym Strength Training Equipment, at Home Gym | All in One Gym - Resistance Bands, Base Holds Gym…",hobbies-stuff,hobbies-stuff,179.99,https://m.media-amazon.com/images/I/51s0v+U4aiL.jpg,https://techwhizmart.com/product/evo-gym-portable-home-gym-strength-training-equipment-at-home-gym-all-in-one-gym-resistance-bands-base-holds-gym-bar-handles-for-travel-portable-gym-home-exercise-equipment__trashed/,1,False,True
B08K4GS4KN,Echelon Smart Fitness Bike,hobbies-stuff,hobbies-stuff,366.30,https://m.media-amazon.com/images/I/41TIc--yrRL.jpg,https://techwhizmart.com/product/echelon-smart-connect-indoor-cycling-bike-30-day-free-echelon-membership__trashed/,1,False,True
B087BLS9RH,"Exercise Bike for Home Workout Stationary Bike | 330LB Capacity, 16-Level Magnetic Resistance, Seat Backrest Adjustments",hobbies-stuff,hobbies-stuff,199.80,https://m.media-amazon.com/images/I/41ZQz4-VosL.jpg,https://techwhizmart.com/product/barwing-16-8-2-3-stationary-spin-exercise-bike-for-home-4-in-1-foldable-indoor-workout-cycling-bike-for-seniors-300-lb-capacity-more-magnetic-resistance-seat-backrest-adjustments__trashed/,1,False,True
B07X6GHLLT,"Exercise Bike, DMASUN Magnetic Resistance Pro Indoor Cycling Bike 330/350Lbs Weight Capacity Stationary Bike, Comfortable Seat Cushion, Multi - grips Handlebar, Heavy Flywheel Upgraded Version",hobbies-stuff,hobbies-stuff,334.49,https://m.media-amazon.com/images/I/41m8Bn+AxFL.jpg,https://techwhizmart.com/product/exercise-bike-dmasun-indoor-cycling-bike-stationary-comfortable-seat-cushion-multi-grips-handlebar-heavy-flywheel-upgraded-version__trashed/,1,False,True
B088R1P8QC,"FBSPORT Ping Pong Paddle Set, Portable Table Tennis Set with Retractable Net, 2 Rackets, 6 Balls and Carry Bag for…",hobbies-stuff,hobbies-stuff,26.99,https://m.media-amazon.com/images/I/51oN5qf-9PL.jpg,https://techwhizmart.com/product/fbsport-ping-pong-paddle-set-portable-table-tennis-set-with-retractable-net-2-rackets-6-balls-and-carry-bag-for-children-adult-indoor-outdoor-games__trashed/,1,False,True
B09Y8QBN61,FYC Folding Treadmill for Home Portable Electric Treadmill Running Exercise Machine Compact Treadmill Foldable for Home Gym Fitness Workout Jogging Walking,hobbies-stuff,hobbies-stuff,199.99,https://m.media-amazon.com/images/I/41yH0rKLgIL.jpg,https://techwhizmart.com/product/fyc-folding-treadmill-for-home-portable-electric-treadmill-running-exercise-machine-compact-treadmill-foldable-for-home-gym-fitness-workout-jogging-walking__trashed/,1,False,True
B095WQ2Y57,"FYC Folding Treadmills for Home with Bluetooth and Incline, 2.5HP Portable Running Machine Electric Compact Treadmills Foldable for Exercise Home Gym Fitness Walking Jogging",hobbies-stuff,hobbies-stuff,285.99,https://m.media-amazon.com/images/I/51daputQRdS.jpg,https://techwhizmart.com/product/fyc-folding-treadmills-for-home-with-bluetooth-and-incline-2-5hp-portable-running-machine-electric-compact-treadmills-foldable-for-exercise-home-gym-fitness-walking-jogging__trashed/,1,False,True
B07GYXF65S,"Finer Form Multi-Functional Gym Bench for Full All-in-One Body Workout – Versatile Fitness Equipment for Hyper Back Extension, Roman Chair, Adjustable Situp, Decline, Flat Bench",hobbies-stuff,hobbies-stuff,179.99,https://m.media-amazon.com/images/I/411VhSaOhmL.jpg,https://techwhizmart.com/product/finer-form-multi-functional-adjustable-weight-bench-for-total-body-workout-hyper-back-extension-roman-chair-adjustable-ab-sit-up-bench-decline-bench-flat-bench-great-ab-workout-equipmen__trashed/,1,False,True
B007K813C4,Franklin Sports Table Top Rod Hockey Game Set - Perfect Hockey Toy + Gameroom Game for Kids + Family - Mini Tabletop Rod Hockey Board + Pucks Included,hobbies-stuff,hobbies-stuff,45.94,https://m.media-amazon.com/images/I/51-SRO7Cb0L.jpg,https://techwhizmart.com/product/franklin-sports-table-top-rod-hockey-game-set-perfect-hockey-toy-gameroom-game-for-kids-family-mini-tabletop-rod-hockey-board-pucks-included__trashed/,1,False,True
B08F72W747,"Gamie Hockey Tabletop Game, Desktop Sports Game with Mini Hockey Table, 2 Pucks, and Scoreboard, Fun Indoor Games for Home, Office and Game Night, Best Gift Idea for Kids",hobbies-stuff,hobbies-stuff,23.99,https://m.media-amazon.com/images/I/51m6RSLqMzL.jpg,https://techwhizmart.com/product/gamie-hockey-tabletop-game-desktop-sports-game-with-mini-hockey-table-2-pucks-and-scoreboard-fun-indoor-games-for-home-office-and-game-night-best-gift-idea-for-kids__trashed/,1,False,True
B08L8YFT4S,"HR Drone For Kids With 1080p HD FPV Camera,Mini Quadcopter For Beginners With Altitude Hold,One Key Start/Land,Draw Path,2 Modular Batteries,Remote Control Toys Gifts for Boys Girls",hobbies-stuff,drones;hobbies-stuff,79.99,https://m.media-amazon.com/images/I/41pf-DNDj5L.jpg,https://techwhizmart.com/product/hr-drone-for-kids-with-1080p-hd-fpv-cameramini-quadcopter-for-beginners-with-altitude-holdone-key-start-landdraw-path2-modular-batteriesremote-control-toys-gifts-for-boys-girls__trashed/,1,False,True
B09B96PJV9,"HYG Toys Titanic Micro Mini Building Blocks Set, 1860Pcs Ship Model Building Bricks, 3D Puzzle Sets DIY Educational Toys Gift for Adults and Kids",hobbies-stuff,hobbies-stuff,34.99,https://m.media-amazon.com/images/I/512CiMFULCL.jpg,https://techwhizmart.com/product/hyg-toys-titanic-micro-mini-building-blocks-set-1860pcs-titanic-toy-ship-model-building-bricks-3d-puzzle-sets-diy-educational-toys-gift-for-adults-and-kids__trashed/,1,False,True
B08JRXFMJS,"Hathaway Amherst 48-in Foosball/Table Soccer Table, Perfect for Family Game Rooms and Home Recreation Rooms, Includes 31-mm Foosballs and ABS Molded Players, Light Oak",hobbies-stuff,hobbies-stuff,89.99,https://m.media-amazon.com/images/I/41jOTXGkZjL.jpg,https://techwhizmart.com/product/hathaway-amherst-48-in-foosball-table-soccer-table-perfect-for-family-game-rooms-and-home-recreation-rooms-includes-31-mm-foosballs-and-abs-molded-players-light-oak__trashed/,1,False,True
B00MHPNSZU,"Hathaway Park Avenue 7-ft Pool Table Tennis Combination with Dining Top, Two Storage Benches with Accessories - Great…",hobbies-stuff,hobbies-stuff,1437.14,https://m.media-amazon.com/images/I/41Lk74KSKbL.jpg,https://techwhizmart.com/product/hathaway-park-avenue-7-ft-pool-table-tennis-combination-with-dining-top-two-storage-benches-with-accessories-great-for-family-game-rooms-and-basements-black-with-red-felt__trashed/,1,False,True
B07HC594QC,"Hathaway Triple Threat Multi Game Table â Space-Saving Rotating Playfield for 6ft Pool Table, Air Hockey Table, & Table Tennis - 3 in 1 Game Table with Complete Accessories & Display Rack",hobbies-stuff,hobbies-stuff,786.37,https://m.media-amazon.com/images/I/41QRlA6C2CL.jpg,https://techwhizmart.com/product/triple-threat-6-ft-3-in-1-multi-game-table-with-billiards-air-hockey-and-table-tennis__trashed/,1,False,True
B0863CG57T,"Holy Stone GPS Drone with 1080P HD Camera FPV Live Video for Adults and Kids, Quadcopter HS110G Upgraded Version, 2 Batteries, Altitude Hold, Follow Me and Auto Return, Easy to Use for Beginner",hobbies-stuff,drones;hobbies-stuff,159.99,https://m.media-amazon.com/images/I/41a6hUGKYPL.jpg,https://techwhizmart.com/product/holy-stone-gps-drone-with-1080p-hd-camera-fpv-live-video-for-adults-and-kids-quadcopter-hs110g-upgraded-version-2-batteries-altitude-hold-follow-me-and-auto-return-easy-to-use-for-beginner__trashed/,1,False,True
B087TGVJYM,"Holy Stone HS440 Foldable FPV Drone with 1080P WiFi Camera for Adult Beginners and Kids; Voice Gesture Control RC Quadcopter with Modular Battery for long flight time, Auto Hover, Carrying Case",hobbies-stuff,drones;hobbies-stuff,129.99,https://m.media-amazon.com/images/I/419sVo8JJvL.jpg,https://techwhizmart.com/product/holy-stone-hs440-foldable-fpv-drone-with-1080p-wifi-camera-for-adult-beginners-and-kids-voice-gesture-control-rc-quadcopter-with-modular-battery-for-long-flight-time-auto-hover-carrying-case__trashed/,1,False,True
B0BJ456Z4V,Horizon Fitness T101,hobbies-stuff,hobbies-stuff,999.99,https://m.media-amazon.com/images/I/31yYXwVjzLL.jpg,https://techwhizmart.com/product/horizon-fitness-t101-folding-treadmill-with-incline-for-running-and-walking-with-bluetooth-connectivity-300-lb-capacity-running-machine-for-home-exercise__trashed/,1,False,True
B07FPRYTSK,"Horizon Fitness T101 Foldable Treadmill for Running and Walking with Bluetooth Connectivity, Incline, 300+ lbs Weight Capacity, Running Machine for Home Exercise",hobbies-stuff,hobbies-stuff,997.00,https://m.media-amazon.com/images/I/41EM7I1p5jL.jpg,https://techwhizmart.com/product/horizon-fitness-t101-foldable-treadmill-for-running-and-walking-with-bluetooth-connectivity-incline-300-lbs-weight-capacity-running-machine-for-home-exercise__trashed/,1,False,True
B09F6B822R,HouseFit Under Desk Treadmill 300 pounds Weight Capacity with Bluetooth APP and Music for Walking Pad Small Treadmill for Apartment with iPad and Phone Support LCD Display,hobbies-stuff,hobbies-stuff,179.99,https://m.media-amazon.com/images/I/318+ZMaybmL.jpg,https://techwhizmart.com/product/housefit-under-desk-treadmill-with-bluetooth-app-for-walking-and-running-mode-2-in-1-small-treadmill-for-apartment-with-ipad-and-phone-support-lcd-display__trashed/,1,False,True
B0012QJZTI,JOOLA Midsize Compact Table Tennis Table Great for Small Spaces and Apartments – Multi-Use Free Standing Table - Compact Storage Fits in Most Closets - Net Set Included - No Assembly Required,hobbies-stuff,hobbies-stuff,199.95,https://m.media-amazon.com/images/I/410KCzgONhL.jpg,https://techwhizmart.com/product/joola-midsize-compact-table-tennis-table-great-for-small-spaces-and-apartments-multi-use-free-standing-table-compact-storage-fits-in-most-closets-net-set-included-no-assembly-required__trashed/,1,False,True
B08LLBSFX3,"KESHWELL Ab Workout Machine,Core Abs Exercise Equipment for Home Gym,Adjustable Sit Up Bench Strength Training Abdominal Cruncher,Foldable Core Workout Machine with Resistance Bands&LCD Display",hobbies-stuff,hobbies-stuff,118.98,https://m.media-amazon.com/images/I/41nYzfhR7OL.jpg,https://techwhizmart.com/product/keshwell-ab-workout-machinecore-abs-exercise-equipment-for-home-gymadjustable-sit-up-bench-strength-training-abdominal-cruncherfoldable-core-workout-machine-with-resistance-bandslcd-display__trashed/,1,False,True
B08JG53BRG,"KICK Legend 55"" Foosball Table",hobbies-stuff,hobbies-stuff,649.85,https://m.media-amazon.com/images/I/31AXKG8yuZL.jpg,https://techwhizmart.com/product/kick-legend-55-foosball-table__trashed/,1,False,True
B00ZWN9VA0,"KICK Splendor 55"" Foosball Table",hobbies-stuff,hobbies-stuff,619.85,https://m.media-amazon.com/images/I/51xFx85vIBL.jpg,https://techwhizmart.com/product/kick-splendor-55-foosball-table__trashed/,1,False,True
B085878TDY,"LEGO Architecture Collection: The White House 21054 - Model Building Kit, Creative Set for Adults and Teens, Energizing DIY Project, Iconic Presidential Office, Great Collectible Gift for Father's Day",hobbies-stuff,hobbies-stuff,119.99,https://m.media-amazon.com/images/I/51WRGhlmY-L.jpg,https://techwhizmart.com/product/lego-architecture-collection-the-white-house-21054-model-building-kit-creative-building-set-for-adults-a-revitalizing-diy-project-and-great-gift-for-any-hobbyists-1483-pieces__trashed/,1,False,True
B07W4M54CJ,LEGO Creator Expert NASA Apollo 11 Lunar Lander 10266 Building Toy Set for Ages 16+ (1087 Pieces),hobbies-stuff,hobbies-stuff,97.09,https://m.media-amazon.com/images/I/51h+oExgBFL.jpg,https://techwhizmart.com/product/lego-creator-expert-nasa-apollo-11-lunar-lander-10266-building-toy-set-for-ages-16-1087-pieces__trashed/,1,False,True
B094RF7GWQ,"LEGO Icons Pickup Truck 10290 Building Set for Adults, Vintage 1950s Model with Seasonal Display Accessories, Creative Activity, Collector's Gift Idea",hobbies-stuff,hobbies-stuff,177.99,https://m.media-amazon.com/images/I/51sh+mLOa4L.jpg,https://techwhizmart.com/product/lego-icons-pickup-truck-10290-building-set-for-adults-1677-pieces__trashed/,1,False,True
B09JHXJZVT,LEGO Icons Vespa 125 10298 Building Set for Adults (1107 Pieces),hobbies-stuff,hobbies-stuff,99.00,https://m.media-amazon.com/images/I/51Yp29hbNxL.jpg,https://techwhizmart.com/product/lego-icons-vespa-125-10298-building-set-for-adults-1107-pieces__trashed/,1,False,True
B0B3B8Z21X,"LEGO Ideas Jazz Quartet 21334 Building Blocks - Featuring Buildable Stage with 4 Band Musician Figures, includes Piano, Double Bass, Trumpet, and Drum Kit Instruments, Great Home Display for Adults",hobbies-stuff,hobbies-stuff,129.99,https://m.media-amazon.com/images/I/517VKE6vJbL.jpg,https://techwhizmart.com/product/lego-ideas-jazz-quartet-21334-building-kit-build-and-display-model-for-adults-with-a-passion-for-music-1606-pieces__trashed/,1,False,True
B0B525G8WW,"LEGO Ideas Motorized Lighthouse 21335 Building Set for Adults (2,065 Pieces)",hobbies-stuff,hobbies-stuff,299.99,https://m.media-amazon.com/images/I/51A29aOI0ML.jpg,https://techwhizmart.com/product/lego-ideas-motorized-lighthouse-21335-building-set-for-adults-2065-pieces__trashed/,1,False,True
B07PX3WW5N,"LEGO Ideas Tree House 21318, Model Construction Set for 16 Plus Year Olds with 3 Cabins, Interchangeable Leaves, Minifigures and a Bird Figure",hobbies-stuff,hobbies-stuff,217.99,https://m.media-amazon.com/images/I/51hGg4S4NEL.jpg,https://techwhizmart.com/product/lego-ideas-tree-house-21318-building-toy-set-for-kids-boys-and-girls-ages-16-3036-pieces__trashed/,1,False,True
B094RFSPDN,"LEGO Ideas Typewriter 21327 Building Set for Adults, Collectible Retro Display Model, Creative Hobbies Unique Gift Idea",hobbies-stuff,hobbies-stuff,260.00,https://m.media-amazon.com/images/I/51YEtXa7X8L.jpg,https://techwhizmart.com/product/lego-ideas-typewriter-21327-building-set-for-adults-2079-pieces__trashed/,1,False,True
B08YP94QJN,"LEGO Marvel Infinity Gauntlet Set 76191 Collectible Thanos Glove with Infinity Stones, Building Set, Avengers Gift Idea for Adults and Teens, Model Kits for Decoration and Display",hobbies-stuff,hobbies-stuff,64.99,https://m.media-amazon.com/images/I/51Vm9OJWLiL.jpg,https://techwhizmart.com/product/lego-marvel-super-heroes-infinity-gauntlet-76191-building-set-for-adults-590-pieces__trashed/,1,False,True
B09TCCG7NV,"LEGO Marvel Nano Gauntlet, Iron Man Model with Infinity Stones, 76223 Avengers: Endgame Film Set, Collectable Memorabilia, Gift Idea for Adults and Teens",hobbies-stuff,hobbies-stuff,69.99,https://m.media-amazon.com/images/I/51L5U7kyCqL.jpg,https://techwhizmart.com/product/lego-marvel-nano-gauntlet-76223-iron-man-building-set-for-adults-680-pieces__trashed/,1,False,True
B09XWXM8R8,"LEGO Speed Champions 007 Aston Martin DB5 76911 Building Toy Set Featuring James Bond for Kids, Boys and Girls Ages 8…",hobbies-stuff,hobbies-stuff,17.98,https://m.media-amazon.com/images/I/51re8TPeAkL.jpg,https://techwhizmart.com/product/lego-speed-champions-007-aston-martin-db5-76911-building-toy-set-featuring-james-bond-for-kids-boys-and-girls-ages-8-298-pieces-10-32-x-5-55-x-2-4-inches__trashed/,1,False,True
B08NFCW4WY,"LEGO Star Wars Darth Vader Helmet Building Set, Mask Model Kit for Adults to Build and Display, Collectible Star Wars Home DÃ©cor, Gift Idea for Classic Star Wars Fans, 75304",hobbies-stuff,hobbies-stuff,63.99,https://m.media-amazon.com/images/I/511XYcZxKEL.jpg,https://techwhizmart.com/product/lego-star-wars-darth-vader-helmet-75304-building-set-for-adults-834-pieces__trashed/,1,False,True
B08NFB5CQ7,"LEGO Star Wars Imperial Probe Droid 75306 Collectible Building Toy, New 2021 (683 Pieces), Multicolor",hobbies-stuff,hobbies-stuff,69.99,https://m.media-amazon.com/images/I/51nW7eNLbFL.jpg,https://techwhizmart.com/product/lego-star-wars-imperial-probe-droid-75306-collectible-building-toy-new-2021-683-pieces-multicolor__trashed/,1,False,True
B09JKY1FF2,"LEGO Star Wars Luke Skywalker Red 5 Helmet for Adults 75327, Buildable Display Model, Collectible Decor for Home or Office, Great Birthday for Husband, Wife, and Any Star Wars Fans",hobbies-stuff,hobbies-stuff,59.99,https://m.media-amazon.com/images/I/51SMUWaI8rL.jpg,https://techwhizmart.com/product/lego-star-wars-luke-skywalker-red-five-helmet-75327-building-set-for-adults-675-pieces__trashed/,1,False,True
B08Z8JLGZC,"LEGO Star Wars R2-D2 75308 Droid Building Set for Adults, Collectible Display Model with Luke Skywalkerâs Lightsaber, Great Birthday for Husbands, Wives, Any Star Wars Fans",hobbies-stuff,hobbies-stuff,234.50,https://m.media-amazon.com/images/I/51xUIXnMqDL.jpg,https://techwhizmart.com/product/lego-star-wars-r2-d2-75308-building-set-for-adults-2314-pieces__trashed/,1,False,True
B09JKZM4CM,"LEGO Star Wars The Mandalorian Helmet 75328 Buildable Model Kit, Display Collectible Decoration Set for Adults, Men, Women, Mom, Dad, Collectible Gift Idea",hobbies-stuff,hobbies-stuff,55.99,https://m.media-amazon.com/images/I/51zvLknR-JL.jpg,https://techwhizmart.com/product/lego-star-wars-the-mandalorian-helmet-75328-building-set-for-adults-584-pieces__trashed/,1,False,True
B09TC1F9GF,"Lego Marvel I am Groot 76217 Building Toy Set - Action Figure from The Guardians of The Galaxy Movies, Baby Groot Model for Play and Display, Great for Kids, Boys, Girls, and Avengers Fans Ages 10+",hobbies-stuff,hobbies-stuff,42.27,https://m.media-amazon.com/images/I/51F8Q+13jGL.jpg,https://techwhizmart.com/product/lego-marvel-i-am-groot-76217-building-toy-set-for-kids-boys-and-girls-ages-10-476-pieces__trashed/,1,False,True
B09Q4F4VK4,"Lego Star Wars Death Star Trench Run Diorama 75329 Set for Adults, Room DÃ©cor Memorabilia Gift with Darth Vaderâs TIE Advanced Fighter",hobbies-stuff,hobbies-stuff,69.99,https://m.media-amazon.com/images/I/5198Kb3ZGEL.jpg,https://techwhizmart.com/product/lego-star-wars-death-star-trench-run-diorama-75329-building-set-for-adults-665-pieces__trashed/,1,False,True
B08NFDBV35,"Lego Star Wars Scout Trooper Helmet 75305 Collectible Building Toy, New 2021 (471 Pieces)",hobbies-stuff,hobbies-stuff,90.99,https://m.media-amazon.com/images/I/51pGMs7tziL.jpg,https://techwhizmart.com/product/lego-star-wars-scout-trooper-helmet-75305-collectible-building-toy-new-2021-471-pieces__trashed/,1,False,True
B0B92VL6YN,"MERACH Indoor Cycling Bike, Exercise Bike for Home with Magnetic/Auto Resistance, Bluetooth Stationary Bike with APP Data Tracking, and Tablet Holder",hobbies-stuff,hobbies-stuff,289.99,https://m.media-amazon.com/images/I/41VeUgq7IEL.jpg,https://techwhizmart.com/product/indoor-cycling-bike-merach-exercise-bike-for-home-with-magnetic-resistance-bluetooth-stationary-bike-ipad-holder-cc__trashed/,1,False,True
B09KV8L7WN,"MOCVOO Drones with Camera for Adults Kids, Foldable RC Quadcopter, Helicopter Toys, 1080P FPV Video Drone for Beginners, 2 Batteries, Carrying Case, One Key Start, Altitude Hold,Headless Mode,3D Flips",hobbies-stuff,drones;hobbies-stuff,25.99,https://m.media-amazon.com/images/I/41fbkaQBIeL.jpg,https://techwhizmart.com/product/mocvoo-drones-with-camera-for-adults-kids-foldable-rc-quadcopter-helicopter-toys-1080p-fpv-video-drone-for-beginners-2-batteries-carrying-case-one-key-start-altitude-holdheadless-mode3d-flips__trashed/,1,False,True
B00JGRBSS6,Marcy 150-lb Multifunctional Home Gym Station for Total Body Training,hobbies-stuff,hobbies-stuff,599.99,https://m.media-amazon.com/images/I/41ChxxKqiYL.jpg,https://techwhizmart.com/product/marcy-150-lb-multifunctional-home-gym-station-for-total-body-training__trashed/,1,False,True
B07HHF5QM7,"Marcy 3 in 1 Smith Machine Home Gym System with Upper and Lower Dual Cable Crossovers and Adjustable Bench for Full Body Training, Black",hobbies-stuff,hobbies-stuff,1299.00,https://m.media-amazon.com/images/I/51p7pHMWK0S.jpg,https://techwhizmart.com/product/marcy-pro-smith-machine-home-gym-system-with-upper-and-lower-dual-cable-crossovers-and-adjustable-bench-for-full-body-training__trashed/,1,False,True
B002KV1MJU,Marcy Home Fitness Personal Exercise Bike with Adjustable Magnetic Resistance for Cardio Workout and Cycle Training,hobbies-stuff,hobbies-stuff,187.46,https://m.media-amazon.com/images/I/41dQHNAbvzL.jpg,https://techwhizmart.com/product/marcy-recumbent-exercise-bike-with-resistance-me-709__trashed/,1,False,True
B0090OKEB2,Marcy Multifunction Steel Home Gym 150lb Weight Stack Machine,hobbies-stuff,hobbies-stuff,499.99,https://m.media-amazon.com/images/I/41bnqMALfyL.jpg,https://techwhizmart.com/product/marcy-multifunction-steel-home-gym-150lb-weight-stack-machine__trashed/,1,False,True
B076ZTRSZG,"Marcy Pro Deluxe Cage System with Weightlifting Bench All-in-One Home Gym Equipment PM-5108,Black/Silver",hobbies-stuff,hobbies-stuff,349.99,https://m.media-amazon.com/images/I/41EdtLD8sEL.jpg,https://techwhizmart.com/product/marcy-pro-deluxe-cage-system-with-weightlifting-bench-all-in-one-home-gym-equipment-pm-5108__trashed/,1,False,True
B0041NM0ZU,Marcy Smith Cage Machine with Workout Bench and Weight Bar Home Gym Equipment SM-4008,hobbies-stuff,hobbies-stuff,999.00,https://m.media-amazon.com/images/I/41cwrWe0OxL.jpg,https://techwhizmart.com/product/marcy-smith-cage-machine-with-workout-bench-and-weight-bar-home-gym-equipment-sm-4008__trashed/,1,False,True
B01KIIGKRK,"Matty's Toy Stop Deluxe 20"" Wooden Table Top Air Hockey (Extra Pucks) & Foosball (Soccer) (Extra Balls) Games Gift Set Bundle - 2 Pack",hobbies-stuff,hobbies-stuff,69.95,https://m.media-amazon.com/images/I/519YYiK-RJL.jpg,https://techwhizmart.com/product/mattys-toy-stop-deluxe-20-wooden-table-top-air-hockey-extra-pucks-foosball-soccer-extra-balls-games-gift-set-bundle-2-pack__trashed/,1,False,True
B09JXK7SHG,"Matty's Toy Stop Deluxe Wooden 16"" Mini Table Top Air Hockey (Extra Pucks) & Foosball (Soccer) (Extra Balls) Games Gift Set Bundle - 2 Pack",hobbies-stuff,hobbies-stuff,44.95,https://m.media-amazon.com/images/I/51gSapiDv8L.jpg,https://techwhizmart.com/product/mattys-toy-stop-deluxe-wooden-16-mini-table-top-air-hockey-extra-pucks-foosball-soccer-extra-balls-games-gift-set-bundle-2-pack__trashed/,1,False,True
B0B82GLNRY,"Mini Drone with Camera for Adults Youth - 1080P HD FPV Camera Drones with 90Â° Adjustable Lens, Gestures Selfie, One Key Start, 360Â° Flips, Toys Gifts RC Quadcopter for Boys Girls with 2 Batteries",hobbies-stuff,drones;hobbies-stuff,49.99,https://m.media-amazon.com/images/I/41sBNzVyqhL.jpg,https://techwhizmart.com/product/mini-drone-with-camera-for-adults-kids-1080p-hd-fpv-camera-drones-with-carrying-case-foldable-drone-remote-control-toys-gifts-rc-quadcopter-for-boys-girls-with-4-batteries-auto-hover-headless__trashed/,1,False,True
B0BCNMWYK8,"NEHEME NH525 Foldable Drones with 1080P HD Camera for Adults, RC Quadcopter WiFi FPV Live Video, Altitude Hold, Headless Mode, One Key Take Off Kids or Beginners 2 Batteries, Upgraded Version",hobbies-stuff,drones;hobbies-stuff,58.99,https://m.media-amazon.com/images/I/41149l9-RaL.jpg,https://techwhizmart.com/product/neheme-nh525-foldable-drones-with-1080p-hd-camera-for-adults-rc-quadcopter-wifi-fpv-live-video-altitude-hold-headless-mode-one-key-take-off-for-kids-or-beginners-with-2-batteries-upgraded-ver__trashed/,1,False,True
B07GG92K1B,"NIBIRU SPORT Ping Pong Paddles Set - Professional Table Tennis Rackets and Balls, Retractable Net with Posts and Storage Case - Pingpong Paddle and Game Table Accessories",hobbies-stuff,hobbies-stuff,32.99,https://m.media-amazon.com/images/I/51EeFTv2OOL.jpg,https://techwhizmart.com/product/nibiru-sport-ping-pong-paddles-set-professional-table-tennis-rackets-and-balls-retractable-net-with-posts-and-storage-case-pingpong-paddle-and-game-table-accessories__trashed/,1,False,True
B08V8M5ZGS,"Niceday Elliptical Machine, Elliptical Exercise Machine for Home with Hyper-Quiet Magnetic Driving System, Elliptical Trainer with 15.5IN-18IN Stride, 16 Resistance Levels, 400LBS Loading Capacity",hobbies-stuff,hobbies-stuff,599.99,https://m.media-amazon.com/images/I/41OKwNEE75S.jpg,https://techwhizmart.com/product/niceday-elliptical-machine-cross-trainer-with-hyper-quiet-magnetic-driving-system-16-resistance-levels-400lb-weight-limit__trashed/,1,False,True
B09NSTL95C,"Niceday Recumbent Exercise Bike, Recumbent Bike for Home, Recumbent Stationary Bike 400LBS Weight Capacity, Magnetic Recumbent Bike with Smart APP, LCD Monitor, Heart Rate Handle",hobbies-stuff,hobbies-stuff,499.99,https://m.media-amazon.com/images/I/41dGwH7FrNL.jpg,https://techwhizmart.com/product/niceday-indoor-recumbent-exercise-bike-workout-equipment-for-home-gym-with-dust-cover-400lbs-weight-capacity__trashed/,1,False,True
B08KBWQ9FJ,NordicTrack Commercial Studio Cycle,hobbies-stuff,hobbies-stuff,1499.99,https://m.media-amazon.com/images/I/41977CnUp7L.jpg,https://techwhizmart.com/product/nordictrack-commercial-studio-cycle__trashed/,1,False,True
B07H162988,"NordicTrack T Series: Perfect Treadmills for Home Use, Walking or Running Treadmill with Incline, Bluetooth Enabled, 300 lbs User Capacity",hobbies-stuff,hobbies-stuff,1299.00,https://m.media-amazon.com/images/I/41hm8bniirL.jpg,https://techwhizmart.com/product/nordictrack-t-series-treadmills__trashed/,1,False,True
B0B2KQKHL5,"Original Peloton Bike | Indoor Stationary Exercise Bike with Immersive 22"" HD Touchscreen",hobbies-stuff,hobbies-stuff,1245.00,https://m.media-amazon.com/images/I/41YOzjtQxtL.jpg,https://techwhizmart.com/product/original-peloton-bike-indoor-stationary-exercise-bike-with-immersive-22-hd-touchscreen__trashed/,1,False,True
B07D7Y2CVC,Pedal Exerciser Mini Exercise Bike for Leg and Arm Cycling Recovery Exercise Low Resistance Portable Bike,hobbies-stuff,hobbies-stuff,39.68,https://m.media-amazon.com/images/I/4157L+nteRL.jpg,https://techwhizmart.com/product/pedal-exerciser-mini-exercise-bike-foot-peddler-for-leg-and-arm-rehab-low-impact-under-desk__trashed/,1,False,True
B0BFWS4N4T,"Potensic ATOM SE GPS Drone with 4K EIS Camera, Under 249g, 62 Mins Flight, 4KM FPV Transmission, Brushless Motor, Max Speed 16m/s, Auto Return, Lightweight and Foldable Drone for Adults, Beginner",hobbies-stuff,drones;hobbies-stuff,249.99,https://m.media-amazon.com/images/I/41J9AtX4q2L.jpg,https://techwhizmart.com/product/potensic-atom-se-fly-more-combo-gps-drone-with-4k-shakevanish-eis-camera-for-adults-and-beginners-quadcopter-with-4km-13123ft-fpv-transmission-auto-return-62mins-flight-time-less-than-0-55lbs__trashed/,1,False,True
B0BCG78LTW,"Potensic P5G Drones with Camera for Adults 4K, GPS Drone for Beginners, FPV 5G WiFi Transmission, Auto Return Home…",hobbies-stuff,drones;hobbies-stuff,169.99,https://m.media-amazon.com/images/I/41a9tlmkuUL.jpg,https://techwhizmart.com/product/potensic-p5g-drones-with-camera-for-adults-4k-gps-drone-for-beginners-fpv-5g-wifi-transmission-auto-return-home-follow-me-40-mins-long-flight__trashed/,1,False,True
B0B633N44L,"RADCLO Mini Drone with Camera - 1080P HD FPV Foldable Drone with Carrying Case, 2 Batteries, 90° Adjustable Lens, One Key Take Off/Land, Altitude Hold, 360° Flip, Drones for Kids, Adults, beginner",hobbies-stuff,drones;hobbies-stuff,46.99,https://m.media-amazon.com/images/I/41TWlwMRU7L.jpg,https://techwhizmart.com/product/radclo-mini-drone-with-camera-1080p-hd-fpv-foldable-drone-with-carrying-case-2-batteries-90-adjustable-lens-one-key-take-off-land-altitude-hold-360-flip-toys-gifts-for-kids-and-adu__trashed/,1,False,True
B099S1SMF6,REDLIRO Electric Treadmill Foldable Exercise Walking Machince for Apartment Home/Office Jogging Compact Folding Easy Assembly 12 Preset Program 2 Wheels LCD Display,hobbies-stuff,hobbies-stuff,289.99,https://m.media-amazon.com/images/I/41GXPl3KtkL.jpg,https://techwhizmart.com/product/redliro-electric-treadmill-foldable-exercise-walking-machince-for-apartment-home-office-jogging-compact-folding-easy-assembly-12-preset-program-2-wheels-lcd-display__trashed/,1,False,True
B08Y5G2G84,"Ruko F11GIM2 Drone with 4K HD Camera for Adults, 9800ft Video Transmission, 3-Axis Gimbal (2-Axis + EIS Anti-shake）Quadcopter with 2 Batteries, Brushless Motor Level 6 Wind Resistance GPS Drone",hobbies-stuff,drones;hobbies-stuff,367.99,https://m.media-amazon.com/images/I/410sRqGVw9L.jpg,https://techwhizmart.com/product/ruko-f11gim2-drone-with-4k-hd-camera-for-adults-9800ft-video-transmission-3-axis-gimbal-2-axis-eis-anti-shake%ef%bc%89quadcopter-with-2-batteries-brushless-motor-level-6-wind-resistance-gps-d__trashed/,1,False,True
B09B9TKQFX,"Ruko U11S Drones with Camera for Adults 4k, Built-in Remote ID, 120Â° FOV, GPS Auto Return, 40 Min Flight, 5G Live Transmission, Foldable Mini FPV Quadcopter for Beginners with Follow Me, Circle Fly",hobbies-stuff,drones;hobbies-stuff,229.99,https://m.media-amazon.com/images/I/41m-E+GprSL.jpg,https://techwhizmart.com/product/ruko-u11s-drones-with-camera-for-adults-4k-40-mins-flight-time-foldable-fpv-gps-drones-for-beginners-with-live-video-follow-me-auto-return-home-encircling-flight2-batteries-and-carrying-case__trashed/,1,False,True
B0B8HN53J3,"SIMREX X900 Drone Optical Flow Positioning RC Quadcopter with 1080P HD Camera, Altitude Hold Headless Mode, Foldable FPV Drones WiFi Live Video 3D Flips 6axis RTF Easy Fly Steady for Learning Matte White",hobbies-stuff,drones;hobbies-stuff,69.99,https://m.media-amazon.com/images/I/41I5oBnOdBL.jpg,https://techwhizmart.com/product/simrex-x900-drone-optical-flow-positioning-rc-quadcopter-with-1080p-hd-camera-altitude-hold-headless-mode-foldable-fpv-drones-wifi-live-video-3d-flips-6axis-rtf-easy-fly-steady-for-learning-m__trashed/,1,False,True
B0B5LBX7YW,"SYMA Drone with Camera 1080P HD FPV Cameras Remote Control Toys RC Quadcopter Helicopter Gifts for Boys Girls Adults Beginners with Altitude Hold, Headless Mode, One Key Start, 3D Flips 2 Batteries",hobbies-stuff,drones;hobbies-stuff,79.99,https://m.media-amazon.com/images/I/41DG7UJOWkL.jpg,https://techwhizmart.com/product/syma-drone-with-camera-1080p-hd-fpv-cameras-remote-control-toys-rc-quadcopter-helicopter-gifts-for-boys-girls-adults-beginners-with-altitude-hold-headless-mode-one-key-start-3d-flips-2-batter__trashed/,1,False,True
B089QNP5KC,"SYMA X500 4K Drone with UHD Camera for Adults, Easy GPS Quadcopter for Beginner with 56mins Flight Time, Brush Motor, 5GHz FPV Transmission, Auto Return Home, Follow Me, Light Positioning, 2 Batteries",hobbies-stuff,drones;hobbies-stuff,199.90,https://m.media-amazon.com/images/I/51-lsU3ZZML.jpg,https://techwhizmart.com/product/syma-x500-4k-drone-with-uhd-camera-for-adults-easy-gps-quadcopter-for-beginner-with-56mins-flight-time-brush-motor-5ghz-fpv-transmission-auto-return-home-follow-me-light-positioning-2-batteri__trashed/,1,False,True
B07QHLM51Q,Sport Squad Flux Magnetic Reversible Soccer & Hockey Tabletop Multi Sport Game Set - Portable Mini Desktop Set - Great…,hobbies-stuff,hobbies-stuff,24.95,https://m.media-amazon.com/images/I/51zUZbv0L3L.jpg,https://techwhizmart.com/product/sport-squad-flux-magnetic-reversible-soccer-hockey-tabletop-multi-sport-game-set-portable-mini-desktop-set-great-for-kids-and-adults-magnet-miniature-table-game__trashed/,1,False,True
B00QIM5CMK,"Sunny Health & Fitness Foldable Manual Treadmill, Compact Cardio Fitness, Durable Non-Electric Incline Exercise, Walking Tread Pad, Transportation Wheels, Non-Slip Handlebars with Digital Monitor",hobbies-stuff,hobbies-stuff,149.00,https://m.media-amazon.com/images/I/31wHwdAobiL.jpg,https://techwhizmart.com/product/sunny-health-fitness-sf-t1407m-foldable-manual-walking-treadmill-gray__trashed/,1,False,True
B09R5R5MR1,Sunny Health & Fitness Magnetic Resistance Recumbent Bike with Optional Exclusive SunnyFit™ App and Smart Bluetooth Connectivity,hobbies-stuff,hobbies-stuff,539.98,https://m.media-amazon.com/images/I/41DP4722l9L.jpg,https://techwhizmart.com/product/sunny-health-fitness-magnetic-resistance-recumbent-bike-with-optional-exclusive-sunnyfit-app-and-smart-bluetooth-connectivity__trashed/,1,False,True
B09R95JWZ9,"Sunny Health & Fitness Premium Folding Incline Treadmill with Pulse Sensors, One-Touch Speed Buttons, Shock Absorption, Optional Bluetooth with Exclusive SunnyFit App",hobbies-stuff,hobbies-stuff,649.99,https://m.media-amazon.com/images/I/41rJ6poSCuL.jpg,https://techwhizmart.com/product/sunny-health-fitness-folding-incline-treadmill-with-optional-exclusive-sunnyfit-app-and-smart-bluetooth-connectivity__trashed/,1,False,True
B01NCUO4E9,"Sunny Health & Fitness Premium Treadmill with Auto Incline, Dedicated Speed Buttons, Double Deck Technology, Digital Performance Display, BMI Calculator & Pulse Sensors with Optional SunnyFit App",hobbies-stuff,hobbies-stuff,398.00,https://m.media-amazon.com/images/I/41G937b0enL.jpg,https://techwhizmart.com/product/sunny-health-fitness-sf-t7515-smart-treadmill-with-auto-incline-speakers-bluetooth-lcd-and-pulse-monitor-phone-function-240-lb-max-weight-grey__trashed/,1,False,True
B002CVU2HG,Sunny Health & Fitness Pro Series,hobbies-stuff,hobbies-stuff,330.99,https://m.media-amazon.com/images/I/41JabsjKurL.jpg,https://techwhizmart.com/product/sunny-health-fitness-sf-b901-pro-indoor-cycling-exercise-bike__trashed/,1,False,True
B017L1UOJC,"Sunnydaze 48-Inch Foosball Table for Home, Game Room with 2 Balls - Standard Size Soccer Tabletop",hobbies-stuff,hobbies-stuff,179.00,https://m.media-amazon.com/images/I/41hU+z8mNiL.jpg,https://techwhizmart.com/product/sunnydaze-48-inch-mid-size-indoor-foosball-table-freestanding-arcade-table-soccer-game-for-rec-room-den-and-home-includes-2-balls__trashed/,1,False,True
B075MQGD3H,Sunnydaze 48-Inch Indoor Folding Foosball Table - Hollow Metal Rods - Space Saving Design,hobbies-stuff,hobbies-stuff,135.38,https://m.media-amazon.com/images/I/41D0KBoAE+L.jpg,https://techwhizmart.com/product/sunnydaze-folding-foosball-table-48-inch-indoor-rod-hockey-hollow-metal-rods-space-saving-design-for-family-game-room-bar-or-recreational-room__trashed/,1,False,True
B08N1J92TR,Sunnydaze Delano 54.5-Inch Indoor Foosball Table Adult Size - Soccer Game Table for Kids and Adults with 2 Balls - Gray Distressed Wood Look,hobbies-stuff,hobbies-stuff,399.49,https://m.media-amazon.com/images/I/41EqUP+8r1L.jpg,https://techwhizmart.com/product/sunnydaze-delano-foosball-table-with-gray-distressed-wood-look-54-5-inch-indoor-heavy-duty-soccer-game-table-table-for-gameroom-man-cave-or-basement-fun-for-the-whole-family__trashed/,1,False,True
B00N5TO7IY,"TRIUMPH SPORTS USA 4-in-1 Rotating Swivel Multigame Table â Air Hockey, Billiards, Table Tennis, and Launch Football , Black/White, 23.75 x 32.00 x 48.00""",hobbies-stuff,hobbies-stuff,130.65,https://m.media-amazon.com/images/I/51dsD4JLrCL.jpg,https://techwhizmart.com/product/triumph-4-in-1-rotating-swivel-multigame-table-air-hockey-billiards-table-tennis-and-launch-football-black-white-23-75-x-32-00-x-48-00__trashed/,1,False,True
B0BBQVQPBV,"Table Football, Foosball Table,Mini Table Games,Table Football Mini Games,for Indoor Family Entertainment(20inches)",hobbies-stuff,hobbies-stuff,26.99,https://m.media-amazon.com/images/I/41ZTHWZrHvL.jpg,https://techwhizmart.com/product/table-football-foosball-tablemini-table-gamestable-football-mini-gamesfor-indoor-family-entertainment20inches__trashed/,1,False,True
B0B71N3X7Z,"Tomzon D15 Mini Drone with Camera for Kids and Adults Beginners, FPV 1080P Foldable Quadcopter with Trajectory Flight, 3D Flip, Gravity Control, Gesture Control, 2 Batteries with Carrying Case",hobbies-stuff,drones;hobbies-stuff,24.99,https://m.media-amazon.com/images/I/41WIRwE2QJL.jpg,https://techwhizmart.com/product/tomzon-d15-mini-drone-with-camera-fpv-1080p-foldable-drone-for-kids-and-beginners-quadcopter-with-trajectory-flight-3d-flip-headless-mode-gravity-control-and-gesture-control__trashed/,1,False,True
B002XPOHUO,Tornado Foosball Table - Made in The USA - Commercial Tournament Quality Table Soccer Game for The Home,hobbies-stuff,hobbies-stuff,2695.00,https://m.media-amazon.com/images/I/41HGwYcX2nL.jpg,https://techwhizmart.com/product/tornado-foosball-table-made-in-the-usa-commercial-tournament-quality-table-soccer-game-for-the-home__trashed/,1,False,True
B09CYWRRR1,"UREVO Folding Treadmill, 2.25HP Foldable Treadmill with 12 HIIT Modes, Compact Mini Treadmill for Home Office, Space…",hobbies-stuff,hobbies-stuff,319.99,https://m.media-amazon.com/images/I/41FLAlcDDJL.jpg,https://techwhizmart.com/product/urevo-folding-treadmill-2-25hp-foldable-treadmill-with-12-hiit-modes-compact-mini-treadmill-for-home-office-space-saving-small-treadmill-with-large-running-area-lcd-display-easy-to-fold__trashed/,1,False,True
B0882KNMPQ,WIN.MAX Mini Foosball Table (Upgrade) 20-Inch Foosball Table Adult Size Top Football/Soccer Game Table for Kids Easy to Store,hobbies-stuff,hobbies-stuff,40.99,https://m.media-amazon.com/images/I/51E9jmOv3zS.jpg,https://techwhizmart.com/product/win-max-mini-foosball-table-upgrade-20-inch-table-top-football-soccer-game-table-for-kids-easy-to-store__trashed/,1,False,True
B09NN62S38,"Walking Pad Treadmill Under Desk Treadmill for Home Office, DAEYEGIM 2 in 1 Portable Walking Treadmill with Remote Control, Walking Jogging Machine in LED Display",hobbies-stuff,hobbies-stuff,155.00,https://m.media-amazon.com/images/I/310fFNVZxDL.jpg,https://techwhizmart.com/product/under-desk-treadmill-daeyegim-2-in-1-walking-pad-desk-treadmill-powerful-and-quiet-walking-jogging-running-treadmill-with-remote-control-portable-slim-compact-and-installation-free-for-home-o__trashed/,1,False,True
B01LYFWKMH,"XTERRA Fitness Folding Exercise Bike, 225 LB Weight Capacity",hobbies-stuff,hobbies-stuff,129.99,https://m.media-amazon.com/images/I/41DTs1TNlUL.jpg,https://techwhizmart.com/product/xterra-fitness-folding-exercise-bike__trashed/,1,False,True
B01M0L0D90,"XTERRA Fitness Premium Folding Smart Treadmill, Compact Design, 250+ LB Weight Capacity, Powerful Motor, XTERRA+ Fitness App Included with Purchase",hobbies-stuff,hobbies-stuff,389.49,https://m.media-amazon.com/images/I/41fkZV-A4WL.jpg,https://techwhizmart.com/product/xterra-fitness-tr-folding-treadmill__trashed/,1,False,True
B073HRGQW8,"XTERRA Fitness Sport Series Premium Folding Smart Treadmill, Handlebar Speed and Incline Controls, Large XTRASoft Cushioned Running Deck, Built-in FTMS-Enabled Bluetooth with XTERRA+ Fitness App",hobbies-stuff,hobbies-stuff,888.00,https://m.media-amazon.com/images/I/31+mDRkcn3L.jpg,https://techwhizmart.com/product/xterra-fitness-trx3500-folding-treadmill__trashed/,1,False,True
B07D528W98,YOSUDA Indoor Cycling Bike Stationary Bike - Cycle Bike with Ipad Mount & Comfortable Seat Cushion,hobbies-stuff,hobbies-stuff,259.99,https://m.media-amazon.com/images/I/41V+648Kj5S.jpg,https://techwhizmart.com/product/yosuda-indoor-cycling-bike-stationary-bike-cycle-bike-with-ipad-mount-comfortable-seat-cushion__trashed/,1,False,True
B097P77B69,"YOSUDA PRO Magnetic Exercise Bike 350 lbs Weight Capacity - Indoor Cycling Bike Stationary with Comfortable Seat Cushion, Silent Belt Drive",hobbies-stuff,hobbies-stuff,399.99,https://m.media-amazon.com/images/I/414waenG7PL.jpg,https://techwhizmart.com/product/yosuda-pro-magnetic-exercise-bike-350-lbs-weight-capacity-l-010-brake-pad-indoor-cycling-bike-stationary-l-007a-with-comfortable-seat-cushion-silent-belt-drive__trashed/,1,False,True
B08TLTPJXZ,"dOvOb Army Tank Building Block(1080 PCS),WW2 Military M1A2 Abrams Tank Model with Soldier Figures,Toys Gifts for Kid and Adult",hobbies-stuff,hobbies-stuff,54.99,https://m.media-amazon.com/images/I/513msJIG5BL.jpg,https://techwhizmart.com/product/dovob-armed-tanks-building-block923-pcsww2-military-m1a2-abrams-tank-model-with-6-soldier-figurestoys-gifts-for-kid-and-adult__trashed/,1,False,True
B0861LM4KX,"dOvOb Micro Mini Blocks Taj Mahal Building and Architecture Model Set,(4000Pieces) Toys Gifts for Kid and Adult",hobbies-stuff,hobbies-stuff,44.93,https://m.media-amazon.com/images/I/41xknf6QwWL.jpg,https://techwhizmart.com/product/dovob-micro-mini-blocks-taj-mahal-building-and-architecture-model-set4000pieces-toys-gifts-for-kid-and-adult__trashed/,1,False,True
B0D68TBMS5,"2024 Apple MacBook Air with Apple M3 Chip (13-inch, 8GB RAM, 256GB SSD Storage) (QWERTY English) Midnight (Renewed)",laptops,computers;laptops,849.00,https://m.media-amazon.com/images/I/41WU3tTCFwL.jpg,https://techwhizmart.com/product/2024-apple-macbook-air-with-apple-m3-chip-13-inch-8gb-ram-256gb-ssd-storage-qwerty-english-midnight-renewed/,1,True,False
B0D9MSF9QN,"2024 Apple MacBook Air with Apple M3 Chip (15-inch, 8GB RAM, 256GB SSD Storage) (QWERTY English) Starlight (Renewed)",laptops,computers;laptops,989.99,https://m.media-amazon.com/images/I/41cgBFdKbfL.jpg,https://techwhizmart.com/product/2024-apple-macbook-air-with-apple-m3-chip-15-inch-8gb-ram-256gb-ssd-storage-qwerty-english-starlight-renewed/,1,True,False
B0CRDCXRK2,"ASUS ROG Strix G16 (2024) Gaming Laptop, 16” 16:10 FHD 165Hz Display, NVIDIA® GeForce RTX™ 4060, Intel Core i7-13650HX, 16GB DDR5, 1TB PCIe Gen4 SSD, Wi-Fi 6E, Windows 11, G614JV-AS74",laptops,computers;laptops,1276.56,https://m.media-amazon.com/images/I/41kjMvKK9mL.jpg,https://techwhizmart.com/product/asus-rog-strix-g16-2024-gaming-laptop-16-1610-fhd-165hz-display-nvidia-geforce-rtx-4060-intel-core-i7-13650hx-16gb-ddr5-1tb-pcie-gen4-ssd-wi-fi-6e-windows-11-g614jv/,1,True,False
B07RK5M35T,"ASUS VivoBook 15 Thin and Light Laptop, 15.6” FHD, Intel Core i3-8145U CPU, 8GB RAM, 128GB SSD, Windows 10 in S Mode, F512FA-AB34, Slate Gray",laptops,computers;laptops,386.00,https://m.media-amazon.com/images/I/419MqI3z2DL.jpg,https://techwhizmart.com/product/asus-vivobook-15-thin-and-light-laptop-15-6-fhd-intel-core-i3-8145u-cpu-8gb-ram-128gb-ssd-windows-10-in-s-mode-f512fa-ab34-slate-gray__trashed/,1,False,True
B0BS4BP8FB,"Acer Aspire 3 A315-24P-R7VH Slim Laptop | 15.6"" Full HD IPS Display | AMD Ryzen 3 7320U Quad-Core Processor | AMD Radeon Graphics | 8GB LPDDR5 | 128GB NVMe SSD | Wi-Fi 6 | Windows 11 Home in S Mode",laptops,computers;laptops,299.99,https://m.media-amazon.com/images/I/41Y-4pXNZTL.jpg,https://techwhizmart.com/product/acer-aspire-3-a315-24p-r7vh-slim-laptop-15-6-full-hd-ips-display-amd-ryzen-3-7320u-quad-core-processor-amd-radeon-graphics-8gb-lpddr5-128gb-nvme-ssd-wi-fi-6-windows-11-home-in-s-mode/,1,True,False
B08VKT45K4,"Acer Aspire 5 A515-56-36UT, 15.6"" Full HD Display, 11th Gen Intel Core i3-1115G4 Processor, 4GB DDR4, 128GB NVMe SSD, WiFi 6, Windows 11 Home (S Mode)",laptops,computers;laptops,305.00,https://m.media-amazon.com/images/I/41rbgzJ5SPL.jpg,https://techwhizmart.com/product/acer-aspire-5-a515-56-36ut-15-6-full-hd-display-11th-gen-intel-core-i3-1115g4-processor-4gb-ddr4-128gb-nvme-ssd-wifi-6-windows-11-home-s-mode__trashed/,1,False,True
B09HJKGK5V,"Acer Nitro 5 AN517-54-79L1 Gaming Laptop | Intel Core i7-11800H | NVIDIA GeForce RTX 3050Ti GPU | 17.3"" FHD 144Hz IPS Display | 16GB DDR4 | 1TB NVMe SSD | Killer Wi-Fi 6 | Backlit KB | Win 11",laptops,computers;laptops,820.62,https://m.media-amazon.com/images/I/51jqd3x26UL.jpg,https://techwhizmart.com/product/acer-nitro-5-an517-54-79l1-gaming-laptop-intel-core-i7-11800h-nvidia-geforce-rtx-3050ti-laptop-gpu-17-3-fhd-144hz-ips-display-16gb-ddr4-1tb-nvme-ssd-killer-wi-fi-6-backlit-kb-win-11__trashed/,1,False,True
B092YHJLS6,"Acer Predator Helios 300 PH315-54-760S Gaming Laptop | Intel i7-11800H | NVIDIA GeForce RTX 3060 GPU | 15.6"" FHD 144Hz 3ms IPS Display | 16GB DDR4 | 512GB SSD | Killer WiFi 6 | RGB Keyboard",laptops,computers;laptops,1084.99,https://m.media-amazon.com/images/I/41KFDR7DVCL.jpg,https://techwhizmart.com/product/acer-predator-helios-300-ph315-54-760s-gaming-laptop-intel-i7-11800h-nvidia-geforce-rtx-3060-laptop-gpu-15-6-fhd-144hz-3ms-ips-display-16gb-ddr4-512gb-ssd-killer-wifi-6-rgb-keyboard__trashed/,1,False,True
B08N5LNQCX,"Apple 2020 MacBook Air Laptop M1 Chip, 13” Retina Display, 8GB RAM, 256GB SSD Storage, Backlit Keyboard, FaceTime HD Camera, Touch ID. Works with iPhone/iPad; Space Gray",laptops,computers;laptops,657.79,https://m.media-amazon.com/images/I/316ArzLeJ2L.jpg,https://techwhizmart.com/product/2020-apple-macbook-air-laptop-apple-m1-chip-13-retina-display-8gb-ram-256gb-ssd-storage-backlit-keyboard-facetime-hd-camera-touch-id-works-with-iphone-ipad-space-gray__trashed/,1,False,True
B0CB73MSX4,"Apple 2022 MacBook Air M2 Chip (13-inch, 8GB RAM, 256GB SSD Storage) (QWERTY English) Midnight (Renewed Premium)",laptops,computers;laptops,775.62,https://m.media-amazon.com/images/I/41UnYGu7AGL.jpg,https://techwhizmart.com/product/apple-2022-macbook-air-m2-chip-13-inch-8gb-ram-256gb-ssd-storage-qwerty-english-midnight-renewed-premium/,1,True,False
B0CYHRTQN8,"Apple 2024 MacBook Air 13-inch Laptop with M3 chip, 16GB Unified Memory, 256GB SSD Storage, Midnight - Z1BC0015S",laptops,computers;laptops,1249.00,https://m.media-amazon.com/images/I/41WU3tTCFwL.jpg,https://techwhizmart.com/product/apple-2024-macbook-air-13-inch-laptop-with-m3-chip-16gb-unified-memory-256gb-ssd-storage-midnight-z1bc0015s/,1,True,False
B0CXZLV9TH,"Apple 2024 MacBook Air 15-inch Laptop with M3 chip, 16GB Unified Memory, 1TB SSD Storage, Space Gray - Z1GD000JF",laptops,computers;laptops,1898.95,https://m.media-amazon.com/images/I/419g6yfSRgL.jpg,https://techwhizmart.com/product/apple-2024-macbook-air-15-inch-laptop-with-m3-chip-16gb-unified-memory-1tb-ssd-storage-space-gray-z1gd000jf/,1,True,False
B013HD3FDK,Apple MacBook Air MJVM2LL/A 11.6-Inch 128GB Laptop (Renewed),laptops,computers;laptops,270.00,https://m.media-amazon.com/images/I/41RmNjxpFOL.jpg,https://techwhizmart.com/product/apple-macbook-air-mjvm2ll-a-11-6-inch-128gb-laptop-renewed__trashed/,1,False,True
B082P8N4KJ,"Apple MacBook Pro Late 2019 with 2.6GHz Intel Core i7 (16 inch, 16GB RAM, 512GB) Space Gray (Renewed)",laptops,computers;laptops,570.00,https://m.media-amazon.com/images/I/31vUH3AsDsL.jpg,https://techwhizmart.com/product/late-2019-apple-macbook-pro-with-2-6ghz-intel-core-i7-16-inch-16gb-ram-512gb-space-gray-renewed/,1,True,False
B09G8SK2KK,"HP 14 Laptop, AMD Ryzen 5 5500U, 8 GB RAM, 256 GB SSD Storage, 14-inch Full HD Display, Windows 11 Home, Thin & Portable, Micro-edge & Anti-glare Screen, Long Battery Life (14-fq1025nr, 2021)",laptops,computers;laptops,380.00,https://m.media-amazon.com/images/I/31fKbMCPWCL.jpg,https://techwhizmart.com/product/hp-14-laptop-amd-ryzen-5-5500u-8-gb-ram-256-gb-ssd-storage-14-inch-full-hd-display-windows-11-home-thin-portable-micro-edge-anti-glare-screen-long-battery-life-14-fq1025nr-2021__trashed/,1,False,True
B0947BJ67M,"HP 14 Laptop, Intel Celeron N4020, 4 GB RAM, 64 GB Storage, 14-inch Micro-edge HD Display, Windows 11 Home, Thin & Portable, 4K Graphics, One Year of Microsoft 365 (14-dq0040nr, Snowflake White)",laptops,computers;laptops,176.95,https://m.media-amazon.com/images/I/41iUBrIDcDS.jpg,https://techwhizmart.com/product/hp-14-laptop-intel-celeron-n4020-4-gb-ram-64-gb-storage-14-inch-micro-edge-hd-display-windows-11-home-thin-portable-4k-graphics-one-year-of-microsoft-365-14-dq0040nr-snowflake-white/,1,True,False
B08KGZ79N6,"HP 15 Laptop, 11th Gen Intel Core i5-1135G7 Processor, 8 GB RAM, 256 GB SSD Storage, 15.6” Full HD IPS Display, Windows 10 Home, HP Fast Charge, Lightweight Design (15-dy2021nr, 2020)",laptops,computers;laptops,431.00,https://m.media-amazon.com/images/I/41B9o0e+BFL.jpg,https://techwhizmart.com/product/hp-15-laptop-11th-gen-intel-core-i5-1135g7-processor-8-gb-ram-256-gb-ssd-storage-15-6-full-hd-ips-display-windows-10-home-hp-fast-charge-lightweight-design-15-dy2021nr-2020__trashed/,1,False,True
B09FXFDGN3,"HP 15.6 Inch Laptop, Intel Iris Xe Graphics, 11th Generation Intel Core Processor, 8 GB RAM, 256 GB SSD, Windows 11 Home (15-dy2024nr, Natural silver)",laptops,computers;laptops,390.00,https://m.media-amazon.com/images/I/31ljMjpP2rL.jpg,https://techwhizmart.com/product/hp15-6-inch-laptop-intel-iris-xe-graphics-12th-generation-intel-core-processor-8-gb-ram-256-gb-ssd-windows-11-home-15-dy2024nr-natural-silver__trashed/,1,False,True
B0D15LTVQ2,"HP 2024 17 Pavilion Laptop, 17.3'' FHD IPS Anti-Glare Display, 6-Core Intel i3-1215U, 32GB RAM, 1TB SSD, Wi-Fi, Privacy Camera, Fast Charge, Long Battery, Windows 11 Pro +HubxcelAccessory",laptops,computers;laptops,544.00,https://m.media-amazon.com/images/I/4180HAQuhQL.jpg,https://techwhizmart.com/product/hp-2024-newest-17-pavilion-laptop-17-3-fhd-ips-anti-glare-display-6-core-intel-i3-1215u-32gb-ram-1tb-ssd-wi-fi-privacy-camera-fast-charge-long-battery-windows-11-pro-hubxcelaccessory/,1,True,False
B0DDHR9CVT,"HP 2024 Flagship 14"" Laptop with Free AI-Powered Microsoft 365 | 16GB RAM | 512GB External Drive & 64GB EMMC & 1TB Cloud Storage | Intel 4-Core Processor | 14"" HD Display | Windows 11",laptops,computers;laptops,349.81,https://m.media-amazon.com/images/I/415AR4BjFdL.jpg,https://techwhizmart.com/product/hp-2024-flagship-14-laptop-with-free-ai-powered-microsoft-365-16gb-ram-1-6tb-storage64gb-emmc-512gb-external-drive-1tb-cloud-storage-intel-4-core-processor-14-hd-display-windows-11/,1,True,False
B0D9B5B5RV,"HP 2024 Newest 14"" Laptop Student Business, with Office Lifetime License & Windows 11 Pro, Intel Dual-Core N4120, 16GB RAM, 384GB Storage(128GB eMMC+256GB Micro SD), Ultra Light, Webcam, WiFi, HDMI",laptops,computers;laptops,294.00,https://m.media-amazon.com/images/I/41Lb9UsSeyL.jpg,https://techwhizmart.com/product/hp-2024-newest-14-laptop-student-business-with-office-lifetime-license-windows-11-pro-intel-dual-core-n4120-16gb-ram-384gb-storage128gb-emmc256gb-micro-sd-ultra-light-webcam-wifi-hdmi/,1,True,False
B0CPD4WD6Q,"HP 2024 Premium 13.8"" IPS Touchscreen Laptop, Ryzen 3-5300U Processor Up to 3.80GHz, 12GB Ram, 256GB SSD, Super-Fast WiFi, HDMI, Webcam, Window 11, Coal Black (Renewed)",laptops,computers;laptops,239.99,https://m.media-amazon.com/images/I/515uHuYiPhL.jpg,https://techwhizmart.com/product/hp-2024-premium-13-8-ips-touchscreen-laptop-ryzen-3-5300u-processor-up-to-3-80ghz-12gb-ram-256gb-ssd-super-fast-wifi-hdmi-webcam-window-11-coal-black-renewed/,1,True,False
B0DCWCJCC8,"HP NEWEST Elite Laptop (2024) | AMD Ryzen 3 7330U(Beats intel i5-1135G7) | 32GB Memory,1TB PCle Storage | Windows 11 Pro | 15.6"" Full HD Display | AMD Radeon Graphics | Microsoft Office Trial Included",laptops,computers;laptops,449.68,https://m.media-amazon.com/images/I/41d+1doaKZL.jpg,https://techwhizmart.com/product/hp-newest-elite-laptop-2024-amd-ryzen-3-7330ubeats-intel-i5-1135g7-32gb-memory1tb-pcle-storage-windows-11-pro-15-6-full-hd-display-amd-radeon-graphics-microsoft-office-trial-included/,1,True,False
B0B2D77YB8,"HP Newest 14"" Ultral Light Laptop for Students and Business, Intel Quad-Core N4120, 8GB RAM, 192GB Storage(64GB eMMC+128GB Micro SD), 1 Year Office 365, Webcam, HDMI, WiFi, USB-A&C, Win 11 S",laptops,computers;laptops,246.99,https://m.media-amazon.com/images/I/41g8cqp0cLL.jpg,https://techwhizmart.com/product/hp-newest-14-ultral-light-laptop-for-students-and-business-intel-quad-core-n4120-8gb-ram-192gb-storage64gb-emmc128gb-micro-sd-1-year-office-365-webcam-hdmi-wifi-usb-ac-win-11-s/,1,True,False
B0CPKS65P5,"HP Portable Laptop, Student and Business, 14"" HD Display, Intel Quad-Core N4120, 16GB DDR4 RAM, 64GB eMMC, 1 Year Office 365, Webcam, RJ-45, HDMI, Wi-Fi, Windows 11 Home, Silver",laptops,computers;laptops,216.87,https://m.media-amazon.com/images/I/41do5px3AUL.jpg,https://techwhizmart.com/product/hp-portable-laptop-student-and-business-14-hd-display-intel-quad-core-n4120-16gb-ddr4-ram-64gb-emmc-1-year-office-365-webcam-rj-45-hdmi-wi-fi-windows-11-home-silver/,1,True,False
B09BG96KFJ,"Lenovo Flex 5 Laptop, 14.0"" FHD Touch Display, AMD Ryzen 5 5500U, 16GB RAM, 256GB Storage, AMD Radeon Graphics, Windows 11 Home, Graphite Grey",laptops,computers;laptops,633.60,https://m.media-amazon.com/images/I/41wSFYIzhxL.jpg,https://techwhizmart.com/product/lenovo-flex-5-laptop-14-0-fhd-touch-display-amd-ryzen-5-5500u-16gb-ram-256gb-storage-amd-radeon-graphics-windows-11-home-graphite-grey__trashed/,1,False,True
B087YW8FQB,"Lenovo IdeaPad 3 11 Chromebook Laptop,11.6"" HD Display,Intel Celeron N4020, 4GB RAM, 64GB Storage, UHD Graphics 600, Chrome OS, Onyx Black",laptops,computers;laptops,109.40,https://m.media-amazon.com/images/I/419bCR3JqHL.jpg,https://techwhizmart.com/product/lenovo-ideapad-3-11-chromebook-laptop11-6-hd-displayintel-celeron-n4020-4gb-ram-64gb-storage-uhd-graphics-600-chrome-os-onyx-black__trashed/,1,False,True
B0713X4DKY,"Microsoft Surface Laptop (1st Gen) DAL-00001 Laptop (Windows 10 S, Intel Core i7, 13.5"" LED-Lit Screen, Storage: 512 GB, RAM: 16 GB) Platinum",laptops,computers;laptops,789.00,https://m.media-amazon.com/images/I/41erPQLRs5L.jpg,https://techwhizmart.com/product/microsoft-surface-laptop-1st-gen-dal-00001-laptop-windows-10-s-intel-core-i7-13-5-led-lit-screen-storage-512-gb-ram-16-gb-platinum__trashed/,1,False,True
B08GSFXVCP,"Antarctic Star Mini Fridge Cooler - 70 Can Beverage Refrigerator Black Glass Door for Beer Soda or Wine –Small Drink Dispenser Machine Clear Front Removable for Home, Office or Bar, 1.6cu.ft., Black",minibars,hobbies-stuff;minibars,169.99,https://m.media-amazon.com/images/I/51wP3-xyElL.jpg,https://techwhizmart.com/product/antarctic-star-mini-fridge-cooler-70-can-beverage-refrigerator-black-glass-door-for-beer-soda-or-wine-small-drink-dispenser-machine-clear-front-removable-for-home-office-or-bar-1-6cu-ft__trashed/,1,False,True
B07JFW7K6H,"Convenience Concepts Newport Serving Bar, White Faux Marble/Espresso",minibars,hobbies-stuff;minibars,203.09,https://m.media-amazon.com/images/I/4160kvjuSRL.jpg,https://techwhizmart.com/product/convenience-concepts-newport-serving-bar-white-faux-marble-espresso__trashed/,1,False,True
B0843PL1BK,Highball & Chaser Cocktail Shaker Set: Bartender Kit for Home Bar Mixology Cocktail Bar Set Plus E-Book with 30 Recipes…,minibars,hobbies-stuff;minibars,28.99,https://m.media-amazon.com/images/I/516xUs-Ty4L.jpg,https://techwhizmart.com/product/highball-chaser-cocktail-shaker-set-bartender-kit-for-home-bar-mixology-cocktail-bar-set-plus-e-book-with-30-recipes-silver__trashed/,1,False,True
B00XK490P4,"Kings Brand Furniture Bar Table with Two Tempered Glass Shelves, Black (16 in x 47 in x 41 in)",minibars,hobbies-stuff;minibars,164.61,https://m.media-amazon.com/images/I/51B58sz1QmL.jpg,https://techwhizmart.com/product/kings-brand-furniture-bar-table-with-two-tempered-glass-shelves-black__trashed/,1,False,True
B07C8HRNZ9,"Mango Steam Contemporary Modern Home Entertainment Liquor Bar Catalina Table (Medium, Clear)",minibars,hobbies-stuff;minibars,189.99,https://m.media-amazon.com/images/I/51wxTwCrWZL.jpg,https://techwhizmart.com/product/mango-steam-contemporary-modern-home-entertainment-liquor-bar-catalina-table-medium-clear__trashed/,1,False,True
B01LYXI05A,NewAir Beverage Refrigerator Cooler with 177 Can Capacity - Stainless Steel Mini Bar Beer Fridge with Reversible Hinge Glass Door - Cools to 37F,minibars,hobbies-stuff;minibars,679.99,https://m.media-amazon.com/images/I/417eXbnOB3L.jpg,https://techwhizmart.com/product/newair-large-beverage-refrigerator-cooler-with-177-can-capacity-mini-bar-beer-fridge-with-reversible-hinge-glass-door-and-bottom-key-lock-cools-to-37f-stainless-steel-abr-1770__trashed/,1,False,True
B01M4RTNN8,"NewAir Beverage Refrigerator Cooler with 96 Can Capacity - Built-in Mini Bar Beer Fridge for Bedroom, Dorm, Office - Small Refrigerator Cools to 34F Perfect For Beer, Soda, And Drinks",minibars,hobbies-stuff;minibars,499.99,https://m.media-amazon.com/images/I/41BLQt6UbKL.jpg,https://techwhizmart.com/product/newair-15-inch-beverage-refrigerator-cooler-with-96-can-capacity-mini-bar-beer-fridge-with-reversible-hinge-glass-door-cools-beer-wine-and-beverages-to-36f-stainless-steel-abr-960__trashed/,1,False,True
B07GWNR969,"NewAir Beverage Refrigerator Cooler, 90 Can Capacity Fridge in Black, Adjustable Shelves and Glass Door with Lock, Small Refrigerator, Beer or Soda Can Organizer, Mini Fridge for Bedroom, Home Office",minibars,hobbies-stuff;minibars,289.99,https://m.media-amazon.com/images/I/41acK4eaA5L.jpg,https://techwhizmart.com/product/newair-beverage-refrigerator-cooler-with-90-can-capacity-mini-bar-beer-fridge-with-right-hinge-glass-door-cools-to-34f-ab-850b-black__trashed/,1,False,True
B0C27TH58B,"Aiifunlvoo Switch Joycon, Joycon Controller for Switch/Lite/OLED, Replacement for Joy Con Support Wake-up/Vibration Function and 6-Axis Gyroscope, L/R Joy Cons with Wrist Straps (Blue and Yellow)",nintendo,consoles-and-vr;nintendo,35.99,https://m.media-amazon.com/images/I/41pX0HfAQ3L.jpg,https://techwhizmart.com/product/aiifunlvoo-switch-joycon-joycon-controller-for-switch-lite-oled-replacement-for-joy-con-support-wake-up-vibration-function-and-6-axis-gyroscope-l-r-joy-cons-with-wrist-straps-blue-and-yellow__trashed/,1,False,True
B09QPWT86S,"Gammeefy Switch Controller for Switch/OLED, One-Piece Joypad Controller Replacement for Switch Pro Controller, Switch Controllers Remote with Adjustable TURBO and Dual Motor Vibration",nintendo,consoles-and-vr;nintendo,39.99,https://m.media-amazon.com/images/I/51LUDzHnVJL.jpg,https://techwhizmart.com/product/switch-controller-for-nintendo-switch-oled-one-piece-joypad-controller-replacement-for-nintendo-switch-pro-controller-switch-controllers-remote-with-adjustable-turbo-and-dual-motor-vibration__trashed/,1,False,True
B07VHR4Y8G,Nintendo Neon Purple/ Neon Orange Joy-Con (L-R) - Switch,nintendo,consoles-and-vr;nintendo,71.99,https://m.media-amazon.com/images/I/411MmYwjQ5L.jpg,https://techwhizmart.com/product/nintendo-neon-purple-neon-orange-joy-con-l-r-switch__trashed/,1,False,True
B098RKWHHZ,Nintendo Switch (OLED model) with White Joy-Con,nintendo,consoles-and-vr;nintendo,337.99,https://m.media-amazon.com/images/I/51yJ+OqktYL.jpg,https://techwhizmart.com/product/nintendo-switch-oled-model-w-white-joy-con__trashed/,1,False,True
B092VT1JGD,Nintendo Switch Lite - Blue,nintendo,consoles-and-vr;nintendo,189.99,https://m.media-amazon.com/images/I/412bcGclFmS.jpg,https://techwhizmart.com/product/nintendo-switch-lite-blue__trashed/,1,False,True
B07V4GCFP9,Nintendo Switch Lite - Turquoise,nintendo,consoles-and-vr;nintendo,179.99,https://m.media-amazon.com/images/I/41f2bsOLm4L.jpg,https://techwhizmart.com/product/nintendo-switch-lite-turquoise__trashed/,1,False,True
B07VGRJDFY,Nintendo Switch with Neon Blue and Neon Red JoyâCon,nintendo,consoles-and-vr;nintendo,299.99,https://m.media-amazon.com/images/I/41C4JkSnyzL.jpg,https://techwhizmart.com/product/nintendo-switch-with-neon-blue-and-neon-red-joy%e2%80%91con__trashed/,1,False,True
B0BZK5M9TD,Nintendo Switch – OLED Model - The Legend of Zelda: Tears of the Kingdom Edition,nintendo,consoles-and-vr;nintendo,344.99,https://m.media-amazon.com/images/I/41bicWJ2fbL.jpg,https://techwhizmart.com/product/nintendo-switch-oled-model-the-legend-of-zelda-tears-of-the-kingdom-edition__trashed/,1,False,True
B0C4YNL6K2,"PEIFAM [Newest Version] 26PCS Mini NFC Cards Compatible forTears of The Kingdom & Breath of The Wild, Switch/Switch Lite Wii U New 3DS",nintendo,consoles-and-vr;nintendo,25.99,https://m.media-amazon.com/images/I/51rSKygjcaL.jpg,https://techwhizmart.com/product/peifam-newest-version-26pcs-mini-nfc-cards-compatible-fortears-of-the-kingdom-breath-of-the-wild-switch-switch-lite-wii-u-new-3ds__trashed/,1,False,True
B07GXLBCC3,PowerA Wireless GameCube Style Controller for Nintendo Switch - Purple,nintendo,consoles-and-vr;nintendo,83.09,https://m.media-amazon.com/images/I/41Bh5OzHAUL.jpg,https://techwhizmart.com/product/powera-wireless-gamecube-style-controller-for-nintendo-switch-purple__trashed/,1,False,True
B097B2YWFX,The Legend of Zelda: Tears of the Kingdom - Nintendo Switch,nintendo,consoles-and-vr;nintendo,67.99,https://m.media-amazon.com/images/I/51GXBV-caXL.jpg,https://techwhizmart.com/product/the-legend-of-zelda-tears-of-the-kingdom-nintendo-switch__trashed/,1,False,True
B01F0XHA5E,"Cmhoo XXL Professional Large Mouse Pad & Computer Game Mouse Mat (35.4x15.7x0.1IN, Map) (90 * 40 Map)",office-gadgets,office-gadgets,12.98,https://m.media-amazon.com/images/I/512MtLq-ZmS.jpg,https://techwhizmart.com/product/xxl-professional-large-mouse-pad-computer-game-mouse-mat-35-4x15-7x0-1in-map-90-40-map/,1,True,False
B00L2AN9PK,"3M Precise Mouse Pad Enhances the Precision of Optical Mice at Fast Speeds, Easy to Clean, Stays in Place, 9 in x 8 in (MP114-BSD1)",peripherals,mouse-pads;peripherals,6.26,https://m.media-amazon.com/images/I/51e+IAAgTUL.jpg,https://techwhizmart.com/product/3m-precise-mouse-pad-enhances-the-precision-of-optical-mice-at-fast-speeds-easy-to-clean-stays-in-place-9-in-x-8-in-mp114-bsd1__trashed/,1,False,True
B0188WO9LC,"3M Precise Mouse Pad with Gel Wrist Rest, Soothing 3M Gel Technology and Satin Smooth Cover for All Day Comfort, Optical Mouse Performance and Battery Saving Design (MW85B), Extended, Black",peripherals,mouse-pads;peripherals,20.28,https://m.media-amazon.com/images/I/21EBX7+dCiL.jpg,https://techwhizmart.com/product/3m-precise-mouse-pad-with-gel-wrist-rest-soothing-3m-gel-technology-and-satin-smooth-cover-for-all-day-comfort-optical-mouse-performance-mw85b__trashed/,1,False,True
B0BK9B4DGH,"4x5520mWh Controller Battery Pack for X-Series X/S, DXKK Rechargeable Battery for X1/One S/One X/One Elite Controller Charger Batteries",peripherals,controllers;peripherals,29.99,https://m.media-amazon.com/images/I/41ZIlvvYJKL.jpg,https://techwhizmart.com/product/4x5520mwh-controller-battery-pack-for-x-series-x-s-dxkk-rechargeable-battery-for-x1-one-s-one-x-one-elite-controller-charger-batteries/,1,True,False
B08RS85HBR,"6amLifestyle 2 Pack 10FT PS5 Controller Charger Charging Cable with LED Indicator, Nylon Braided Fast Charging Data Sync USB Type C Cord for Xbox Series X/Series S Switch Controller",peripherals,controllers;peripherals,16.99,https://m.media-amazon.com/images/I/51K1qNUR3yL.jpg,https://techwhizmart.com/product/6amlifestyle-2-pack-10ft-ps5-controller-charger-charging-cable-with-led-indicator-nylon-braided-fast-charging-data-sync-usb-type-c-cord-for-xbox-series-x-series-s-switch-controller/,1,True,False
B08Y9QLCKM,"8Bitdo Sn30 Pro Bluetooth Controller for Switch/Switch OLED, PC, macOS, Android, Steam Deck & Raspberry Pi (Gray Edition)",peripherals,controllers;peripherals,44.99,https://m.media-amazon.com/images/I/41YC0KDBIeL.jpg,https://techwhizmart.com/product/8bitdo-sn30-pro-bluetooth-controller-for-switch-switch-oled-pc-macos-android-steam-raspberry-pi-gray-edition__trashed/,1,False,True
B01EF5DBZ6,"AILIHEN C8 Headphones Wired, On-Ear Headphones with Microphone and Volume Control Foldable Corded Stereo 3.5mm Headset for Smartphones Chromebook Laptop Computer PC Tablets Travel(Black/Blue)",peripherals,headphones;peripherals,16.99,https://m.media-amazon.com/images/I/41Oq9BDgYzL.jpg,https://techwhizmart.com/product/ailihen-c8-headphones-wired-on-ear-headphones-with-microphone-and-volume-control-foldable-corded-stereo-3-5mm-headset-for-smartphones-chromebook-laptop-computer-pc-tablets-travelblack-blue/,1,True,False
B0D7CD4L33,"ATEngeus Compressed Air Duster, Stepless Speed Electric Air Duster with Storage Case, Cordless Air Duster with LED Replace Canned Air, 6 Accessories Air Blower, Keyboard Cleaner for Car, PC, Home",peripherals,keyboards;peripherals,69.99,https://m.media-amazon.com/images/I/41gNNh+wvTL.jpg,https://techwhizmart.com/product/atengeus-compressed-air-duster-stepless-speed-electric-air-duster-with-storage-case-cordless-air-duster-with-led-replace-canned-air-6-accessories-air-blower-keyboard-cleaner-for-car-pc-home/,1,True,False
B0CQ4TBV2N,"AULA F99 Wireless Mechanical Keyboard,Tri-Mode BT5.0/2.4GHz/USB-C Hot Swappable Custom Keyboard,Pre-lubed Linear Switches,Gasket Structure,RGB Backlit Gaming Keyboard for PC/Tablet/Xbox/PS4/PS5",peripherals,keyboards;peripherals,66.31,https://m.media-amazon.com/images/I/41kaUswhXcL.jpg,https://techwhizmart.com/product/aula-f99-wireless-mechanical-keyboardtri-mode-bt5-0-2-4ghz-usb-c-hot-swappable-custom-keyboardpre-lubed-linear-switchesgasket-structurergb-backlit-gaming-keyboard-for-pc-tablet-xbox-ps4-ps5/,1,True,False
B08CVQPP72,"Allsop Powertrack Plush Wireless Charging Mouse Pad with Wrist Rest, 11.8 x 11.6, Gray",peripherals,mouse-pads;peripherals,28.34,https://m.media-amazon.com/images/I/51T8JFbpLHL.jpg,https://techwhizmart.com/product/allsop-powertrack-plush-wireless-charging-mousepad__trashed/,1,False,True
B07WJ5D3H4,"Amazon Basics Wired Keyboard, Full-Sized, QWERTY Layout, Black",peripherals,keyboards;peripherals,18.04,https://m.media-amazon.com/images/I/41nSmwAwZHL.jpg,https://techwhizmart.com/product/amazon-basics-wired-keyboard-full-sized-qwerty-layout-black/,1,True,False
B08PZHYWJS,"Apple AirPods Max Wireless Over-Ear Headphones, Active Noise Cancelling, Transparency Mode, Personalized Spatial Audio, Dolby Atmos, Bluetooth Headphones for iPhone â Space Gray",peripherals,headphones;peripherals,449.00,https://m.media-amazon.com/images/I/81F7g6wqhWL.jpg,https://techwhizmart.com/product/apple-airpods-max-wireless-over-ear-headphones-active-noise-cancelling-transparency-mode-personalized-spatial-audio-dolby-atmos-bluetooth-headphones-for-iphone-space-gray/,1,True,False
B07D34L57F,Arteck 2.4G Wireless Keyboard Stainless Steel Ultra Slim Full Size Keyboard with Numeric Keypad for Computer/Desktop/PC/Laptop/Surface/Smart TV and Windows 10/8/ 7 Built in Rechargeable Battery,peripherals,keyboards;peripherals,34.99,https://m.media-amazon.com/images/I/417AD5xAlhL.jpg,https://techwhizmart.com/product/arteck-2-4g-wireless-keyboard-stainless-steel-ultra-slim-full-size-keyboard-with-numeric-keypad-for-computer-desktop-pc-laptop-surface-smart-tv-and-windows-10-8-7-built-in-rechargeable-battery/,1,True,False
B087JWTWF9,"Artix CL750 Wired Headphones with Mic & Volume Control â Noise Isolating Computer Headphones Wired, On-Ear Headphones with Wire, Plug In Headphones for Laptop, Corded Headphone Over Ear Aux Jack 3.5mm",peripherals,headphones;peripherals,30.99,https://m.media-amazon.com/images/I/41ZQHqRYzbL.jpg,https://techwhizmart.com/product/artix-cl750-adult-kids-wired-headphones-with-mic-on-ear-headphones-wired-over-head-stereo-corded-headphones-for-laptop-90-noise-cancelling-headphones-with-microphone-for-compute__trashed/,1,False,True
B09LYF2ST7,"BERIBES Bluetooth Headphones Over Ear, 65H Playtime and 6 EQ Music Modes Wireless Headphones with Microphone, HiFi Stereo Foldable Lightweight Headset, Deep Bass for Home Office Cellphone PC Ect.",peripherals,headphones;peripherals,26.99,https://m.media-amazon.com/images/I/410sYwp5x+L.jpg,https://techwhizmart.com/product/beribes-bluetooth-headphones-over-ear-65h-playtime-and-6-eq-music-modes-wireless-headphones-with-microphone-hifi-stereo-foldable-lightweight-headset-deep-bass-for-home-office-cellphone-pc-ect/,1,True,False
B0CDC4X65Q,"BERIBES Upgraded Hybrid Active Noise Cancelling Headphones with Transparent Modes,70H Playtime Bluetooth Headphones Wireless Bluetooth with Mic, Deep Bass,3.5MM Cable,Soft-Earpads,Fast Charging-Black",peripherals,headphones;peripherals,25.49,https://m.media-amazon.com/images/I/31ojnWm3mAL.jpg,https://techwhizmart.com/product/beribes-upgraded-hybrid-active-noise-cancelling-headphones-with-transparent-modes70h-playtime-bluetooth-headphones-wireless-bluetooth-with-mic-deep-bass3-5mm-cablesoft-earpadsfast-charging-black/,1,True,False
B0CCBKGDJD,Beats Solo 3 Wireless Headphones - Silver(Latest Model),peripherals,headphones;peripherals,119.99,https://m.media-amazon.com/images/I/414JBI9BmHL.jpg,https://techwhizmart.com/product/beats-solo-3-wireless-headphones-silverlatest-model/,1,True,False
B07YVYZ8T5,"Beats Solo3 Wireless On-Ear Headphones - Apple W1 Headphone Chip, Class 1 Bluetooth, 40 Hours of Listening Time, Built-in Microphone - Black",peripherals,headphones;peripherals,119.00,https://m.media-amazon.com/images/I/414JBI9BmHL.jpg,https://techwhizmart.com/product/beats-solo3-wireless-on-ear-headphones-apple-w1-headphone-chip-class-1-bluetooth-40-hours-of-listening-time-built-in-microphone-black/,1,True,False
B07YVZ15SK,"Beats Solo3 Wireless On-Ear Headphones - Apple W1 Headphone Chip, Class 1 Bluetooth, 40 Hours of Listening Time, Built-in Microphone - Satin Silver (Latest Model)",peripherals,headphones;peripherals,147.99,https://m.media-amazon.com/images/I/41wxRcOxVsL.jpg,https://techwhizmart.com/product/beats-solo3-wireless-on-ear-headphones-apple-w1-headphone-chip-class-1-bluetooth-40-hours-of-listening-time-built-in-microphone-satin-silver-latest-model__trashed/,1,False,True
B0C8PR4W22,"Beats Studio Pro - Wireless Bluetooth Noise Cancelling Headphones - Personalized Spatial Audio, USB-C Lossless Audio, Apple & Android Compatibility, Up to 40 Hours Battery Life - Black",peripherals,headphones;peripherals,249.95,https://m.media-amazon.com/images/I/713tE1Vr8gL.jpg,https://techwhizmart.com/product/beats-studio-pro-wireless-bluetooth-noise-cancelling-headphones-personalized-spatial-audio-usb-c-lossless-audio-apple-android-compatibility-up-to-40-hours-battery-life-black/,1,True,False
B085296FLT,"Beats Studio3 Wireless Noise Cancelling Over-Ear Headphones - Apple W1 Headphone Chip, Class 1 Bluetooth, 22 Hours of Listening Time, Built-in Microphone - Matte Black",peripherals,headphones;peripherals,159.00,https://m.media-amazon.com/images/I/41kIz55KmML.jpg,https://techwhizmart.com/product/beats-studio3-wireless-noise-cancelling-over-ear-headphones-apple-w1-headphone-chip-class-1-bluetooth-22-hours-of-listening-time-built-in-microphone-matte-black-latest-model__trashed/,1,False,True
B00006HTZ0,"Belkin Large Mouse Pad, 8 Inch by 9 Inch, for Computer or Gaming Mouse Pad, Non-slip Base, Neoprene Backing and Jersey Surface for Smooth Mouse Control and Pinpoint Accuracy (Black)",peripherals,mouse-pads;peripherals,3.72,https://m.media-amazon.com/images/I/31cJlX0lwPL.jpg,https://techwhizmart.com/product/belkin-large-mouse-pad-8-inch-by-9-inch-for-computer-or-gaming-mouse-pad-non-slip-base-neoprene-backing-and-jersey-surface-for-smooth-mouse-control-and-pinpoint-accuracy-black__trashed/,1,False,True
B0C2D21HBX,"Bluetooth Headphones, Premium Active Noise Cancelling Wireless Headphones Over Ear, 50H Playtime, Hi-Res Audio, Deep Bass, Memory Foam Ear Cups for Travel, Home Office",peripherals,headphones;peripherals,79.99,https://m.media-amazon.com/images/I/41YO+K1hxpL.jpg,https://techwhizmart.com/product/bluetooth-headphones-premium-active-noise-cancelling-wireless-headphones-over-ear-50h-playtime-hi-res-audio-deep-bass-memory-foam-ear-cups-for-travel-home-office/,1,True,False
B0CQLM31CF,"Boconna Wireless Switch Controllers, Switch Controller Compatible with Switch/OLED/Lite, Controllers for Switch Support Wake-up and 6-Axis Gyro with Wrist Straps (Green and Blue)",peripherals,controllers;peripherals,45.99,https://m.media-amazon.com/images/I/31nBZ708Q1L.jpg,https://techwhizmart.com/product/boconna-wireless-switch-controllers-switch-controller-compatible-with-switch-oled-lite-controllers-for-switch-support-wake-up-and-6-axis-gyro-with-wrist-straps-green-and-blue/,1,True,False
B098FKXT8L,Bose QuietComfort 45 Bluetooth Wireless Noise Cancelling Headphones - Triple Black,peripherals,headphones;peripherals,249.99,https://m.media-amazon.com/images/I/31gXnogBxkL.jpg,https://techwhizmart.com/product/bose-quietcomfort-45-bluetooth-wireless-noise-cancelling-headphones-triple-black__trashed/,1,False,True
B0CCZ26B5V,"Bose QuietComfort Bluetooth Headphones, Wireless Headphones with Active Over Ear Noise Cancelling and Mic, Deep Bass, Up to 24 Hours of Playtime, Black",peripherals,headphones;peripherals,349.00,https://m.media-amazon.com/images/I/31FgRhyNo+L.jpg,https://techwhizmart.com/product/bose-quietcomfort-bluetooth-headphones-wireless-headphones-over-ear-noise-cancelling-headphones-with-mic-up-to-24-hours-of-battery-life-black/,1,True,False
B0CCZ1L489,"Bose QuietComfort Ultra Bluetooth Headphones, Wireless Headphones with Spatial Audio, Over Ear Noise Cancelling with Mic, Up to 24 Hours of Playtime, Black",peripherals,headphones;peripherals,429.00,https://m.media-amazon.com/images/I/312Gw7w4CVL.jpg,https://techwhizmart.com/product/bose-quietcomfort-ultra-bluetooth-headphones-wireless-headphones-with-spatial-audio-over-ear-noise-cancelling-headphones-with-mic-up-to-24-hours-of-battery-life-black/,1,True,False
B0CH1LT68Z,"Bowers & Wilkins Px7 S2e Over-Ear Headphones - Enhanced Noise Cancellation & Transparency Mode, Crystal-Clear Calls, Bluetooth, 30-Hour Playback, Forest Green",peripherals,headphones;peripherals,354.99,https://m.media-amazon.com/images/I/31TUH8Ki37L.jpg,https://techwhizmart.com/product/bowers-wilkins-px7-s2e-over-ear-headphones-enhanced-noise-cancellation-transparency-mode-crystal-clear-calls-bluetooth-30-hour-playback-forest-green/,1,True,False
B08Y681W3X,"CORSAIR K55 RGB PRO-Dynamic RGB Backlighting - Six Macro Keys with Elgato Stream Deck Software Integration-IP42 Dust and Spill Resistant-Detachable Palm Rest-Dedicated Media and Volume Keys, Black",peripherals,keyboards;peripherals,62.99,https://m.media-amazon.com/images/I/41q9dT-VT2L.jpg,https://techwhizmart.com/product/corsair-k55-rgb-pro-dynamic-rgb-backlighting-six-macro-keys-with-elgato-stream-deck-software-integration-ip42-dust-and-spill-resistant-detachable-palm-rest-dedicated-media-and-volume-keys-bla__trashed/,1,False,True
B086QLLZZN,"Cipon Wired Controller Compatible with PS-2 Console, Black Remote Controllers Gamepad with 71 IN Cable",peripherals,controllers;peripherals,12.99,https://m.media-amazon.com/images/I/41-az+al++L.jpg,https://techwhizmart.com/product/cipon-wired-controller-compatible-with-ps-2-console-black-remote-controllers-gamepad-with-71-in-cable/,1,True,False
B0DPQ9W4HS,"Compressed Air Duster 130,000 RPM Super Power Turbo Jet Fan Mini Blower, Cordless Electric Air Duster for Cleaning Keyboard, PC, Cars, Outdoor Dust and Snow – Portable & Rechargeable",peripherals,keyboards;peripherals,39.99,https://m.media-amazon.com/images/I/41HD2h2+L2L.jpg,https://techwhizmart.com/product/compressed-air-duster-130000-rpm-super-power-turbo-jet-fan-mini-blower-cordless-electric-air-duster-for-cleaning-keyboard-pc-cars-outdoor-dust-and-snow-portable-rechargeable/,1,True,False
B09NLS9TK4,"Computer Keyboard Wired, Plug Play USB , Low Profile Chiclet Keys, Large Number Pad, Caps Indicators, Foldable Stands, Spill-Resistant, Anti-Wear Letters for Windows Mac PC Laptop, Full Size",peripherals,keyboards;peripherals,14.99,https://m.media-amazon.com/images/I/41ZPA418GOL.jpg,https://techwhizmart.com/product/computer-keyboard-wired-plug-play-usb-keyboard-low-profile-chiclet-keys-large-number-pad-caps-indicators-foldable-stands-spill-resistant-anti-wear-letters-for-windows-mac-pc-laptop-full-size__trashed/,1,False,True
B01798VS4C,"Corsair MM300 - Anti-Fray Cloth Gaming - High-Performance Mouse Pad Optimized for Gaming Sensors - Designed for Maximum Control - Extended, Multi Color",peripherals,mouse-pads;peripherals,29.99,https://m.media-amazon.com/images/I/41CMfgp900L.jpg,https://techwhizmart.com/product/corsair-mm300-anti-fray-cloth-gaming-mouse-pad-high-performance-mouse-pad-optimized-for-gaming-sensors-designed-for-maximum-control-extended-multi-color__trashed/,1,False,True
B08TQLLJYX,Custom Controllerzz Wireless Controller for Microsoft Xbox Series X/S & Xbox One - Custom Soft Touch Feel - Custom Xbox Series X/S Controller (X/S Galaxy),peripherals,controllers;peripherals,109.95,https://m.media-amazon.com/images/I/41fhwL8iRHL.jpg,https://techwhizmart.com/product/custom-controllerzz-wireless-controller-for-microsoft-xbox-series-x-s-xbox-one-custom-soft-touch-feel-custom-xbox-series-x-s-controller-x-s-galaxy/,1,True,False
B08LKXPZF5,"DOQAUS Bluetooth Headphones Over Ear, 90 Hours Playtime Wireless Headphones with 3 EQ Modes,HiFi Stereo Headphones with Microphone and Soft Protein Earpads for iPhone/TV/PC/Home Office (Black-Red)",peripherals,headphones;peripherals,19.99,https://m.media-amazon.com/images/I/41wcG-CBFQL.jpg,https://techwhizmart.com/product/doqaus-bluetooth-headphones-over-ear-90-hours-playtime-wireless-headphones-with-3-eq-modeshifi-stereo-headphones-with-microphone-and-soft-protein-earpads-for-iphone-tv-pc-home-office-black-red/,1,True,False
B09TZWLFLY,"Dacoity Gaming Keyboard, 104 Keys All-Metal Panel, Rainbow LED Backlit Quiet Computer Keyboard, Wrist Rest, Multimedia…",peripherals,keyboards;peripherals,29.99,https://m.media-amazon.com/images/I/51US9efYZeL.jpg,https://techwhizmart.com/product/dacoity-gaming-keyboard-104-keys-all-metal-panel-rainbow-led-backlit-quiet-computer-keyboard-wrist-rest-multimedia-keys-anti-ghosting-keys-waterproof-light-up-usb-wired-keyboard-for-pc-mac-xb__trashed/,1,False,True
B092PPJ9YT,"Das Keyboard 5QS Smart RGB Programmable Mechanical Keyboard for Work & Gaming, Soft Tactile Mechanical Switches, Built-in RGB Profiles, Palm Rest, Volume Knob, Aluminum Top (104 Keys, Black)",peripherals,keyboards;peripherals,199.00,https://m.media-amazon.com/images/I/41dCrCvnCTL.jpg,https://techwhizmart.com/product/das-keyboard-5qs-smart-rgb-programmable-mechanical-keyboard-for-work-gaming-soft-tactile-mechanical-switches-built-in-rgb-profiles-palm-rest-volume-knob-aluminum-top-104-keys-black/,1,True,False
B00ZYLMQH0,Dell Wired Keyboard - Black KB216 (580-ADMT),peripherals,keyboards;peripherals,14.24,https://m.media-amazon.com/images/I/4178Hx01kZL.jpg,https://techwhizmart.com/product/dell-wired-keyboard-black-kb216-580-admt__trashed/,1,False,True
B01LWVX2RG,DualShock 4 Wireless Controller for PlayStation 4 - Jet Black,peripherals,controllers;peripherals,68.24,https://m.media-amazon.com/images/I/41mCozLA9CL.jpg,https://techwhizmart.com/product/dualshock-4-wireless-controller-for-playstation-4-jet-black__trashed/,1,False,True
B0799976M1,DualShock 4 Wireless Controller for PlayStation 4 - Midnight Blue,peripherals,controllers;peripherals,64.99,https://m.media-amazon.com/images/I/415-s5FkXIL.jpg,https://techwhizmart.com/product/dualshock-4-wireless-controller-for-playstation-4-midnight-blue__trashed/,1,False,True
B094QH5MWN,"E-YOOSO Wireless Mouse for Laptop, Portable Optical Computer Mouse, 6 Buttons, Cordless 2.4GHz with USB Receiver, 5-Level 4800 DPI, 18 Months Battery Life, for PC, Chromebook, Windows, Mac",peripherals,mice;peripherals,10.99,https://m.media-amazon.com/images/I/31+1rKo3TvS.jpg,https://techwhizmart.com/product/e-yooso-wireless-mouse-computer-mouse-18-months-battery-life-cordless-mouse-5-level-2400-dpi-6-button-ergo-wireless-mice-2-4g-portable-usb-wireless-mouse-for-laptop-mac-chromebook-pc-windows__trashed/,1,False,True
B09DKDH4TZ,"E-YOOSO Wireless Mouse for Laptop, Portable Optical Computer Mouse, 6 Buttons, Cordless 2.4GHz with USB Receiver, 5-Level 4800 DPI, 18 Months Battery Life, for PC, Chromebook, Windows, Mac(Black)",peripherals,mice;peripherals,13.99,https://m.media-amazon.com/images/I/31OXDPbAsLL.jpg,https://techwhizmart.com/product/e-yooso-wireless-mouse-computer-mouse-18-months-battery-life-cordless-mouse-5-level-2400-dpi-6-button-ergo-wireless-mice-2-4g-portable-usb-wireless-mouse-for-laptop-mac-chromebook-pcblack__trashed/,1,False,True
B0CZLB3S83,"FASIGO PS4 Controller 2 Pack, Wireless PS4 Controller for PS4 / Pro/Slim & PC, with 2 USB C Cable - Black",peripherals,controllers;peripherals,31.98,https://m.media-amazon.com/images/I/416nLqPspqL.jpg,https://techwhizmart.com/product/fasigo-ps4-controller-2-pack-wireless-ps4-controller-for-ps4-pro-slim-pc-with-2-usb-c-cable-black/,1,True,False
B0CRR1WR9W,FLYDIGI APEX 4 Wireless PC Controller Force Feedback Trigger Force-Adjustable Alloy Joysitck Full-Color LCD Display 1500mAh 1000hz Report Rate Stereo Vibration PC/NS/TV/Android/Laptop,peripherals,controllers;peripherals,159.99,https://m.media-amazon.com/images/I/31ezDB20lyL.jpg,https://techwhizmart.com/product/flydigi-apex-4-wireless-pc-controller-force-feedback-trigger-force-adjustable-alloy-joysitck-full-color-lcd-display-1500mah-1000hz-report-rate-stereo-vibration-pc-ns-tv-android-laptop/,1,True,False
B0002CE0WU,"Fellowes 5933901 Mouse Pad w/Microban, Nonskid Base, 9 x 8, Black (FEL5933901), 8"" x 9"" x 0.1""",peripherals,mouse-pads;peripherals,5.69,https://m.media-amazon.com/images/I/31pLAXqNzDL.jpg,https://techwhizmart.com/product/fellowes-5933901-mouse-pad-w-microban-nonskid-base-9-x-8-black-fel5933901-8-x-9-x-0-1__trashed/,1,False,True
B0C7GW9F88,"GameSir G7 SE Wired Controller for Xbox Series X|S, Xbox One & Windows 10/11, Plug and Play Gaming Gamepad with Hall Effect Joysticks/Hall Trigger, 3.5mm Audio Jack",peripherals,controllers;peripherals,44.99,https://m.media-amazon.com/images/I/31laVdQyRKL.jpg,https://techwhizmart.com/product/gamesir-g7-se-wired-controller-for-xbox-series-xs-xbox-one-windows-10-11-plug-and-play-gaming-gamepad-with-hall-effect-joysticks-hall-trigger-3-5mm-audio-jack/,1,True,False
B08ML8RTC8,"HP Wireless Mouse Z3700 (26V63AA#ABL, Black), Dimensions (mm) : 101 x 60 x 25.3",peripherals,mice;peripherals,20.41,https://m.media-amazon.com/images/I/31AP8mIx-ML.jpg,https://techwhizmart.com/product/hp-wireless-mouse-z3700-26v63aaabl-black__trashed/,1,False,True
B08NM2GF2V,"HP X3000 G2 Wireless Mouse - Ambidextrous 3-Button Control, & Scroll Wheel Multi-Surface Technology, 1600 DPI Optical Sensor Win, Chrome, Mac OS Up to 15-Month Battery Life (â28Y30AA#ABA, Black)",peripherals,mice;peripherals,11.26,https://m.media-amazon.com/images/I/41I1MLNOfpL.jpg,https://techwhizmart.com/product/hp-wireless-mouse-x3000-g2-28y30aa-black-up-to-15-month-batteryscroll-wheel-side-grips-for-control-travel-friendly-blue-led-powerful-1600-dpi-optical-sensor-win-xp8-11-compatible__trashed/,1,False,True
B074M96FKW,"INPHIC Wireless Mouse Rechargeable, 700mAh, with USB Receiver, 6 Buttons, Ergonomic for Laptop, Computer, Mac, PC etc.",peripherals,mice;peripherals,9.98,https://m.media-amazon.com/images/I/41-zEBmViHL.jpg,https://techwhizmart.com/product/wireless-mouse-700mah-inphic-large-ergonomic-rechargeable-2-4g-optical-pc-laptop-cordless-mice-with-usb-nano-receiver-for-windows-computer-office-black__trashed/,1,False,True
B0B5G69Q3J,"JBL Live 650BTNC, Black - Wireless Over-Ear Bluetooth Headphones - Up to 20 Hours of Noise-Cancelling Streaming - Includes Multi-Point Connection & Voice Assistant",peripherals,headphones;peripherals,79.96,https://m.media-amazon.com/images/I/41guQ7OdpNL.jpg,https://techwhizmart.com/product/jbl-live-650btnc-headphones-black-wireless-over-ear-bluetooth-headphones-up-to-20-hours-of-noise-cancelling-streaming-includes-multi-point-connection-voice-assistant__trashed/,1,False,True
B08WM3LMJF,"JBL Tune 510BT - Bluetooth headphones with up to 40 hours battery, microphone for call, foldable and comfortable, Android and iOs compatible (Black)",peripherals,headphones;peripherals,29.95,https://m.media-amazon.com/images/I/31gJ-BK4BbL.jpg,https://techwhizmart.com/product/jbl-tune-510bt-wireless-on-ear-headphones-with-purebass-sound-black__trashed/,1,False,True
B08WM1V5P1,"JBL Tune 510BT: Wireless On-Ear Headphones with Purebass Sound - Blue, Medium",peripherals,headphones;peripherals,49.99,https://m.media-amazon.com/images/I/31iN3Y8q4nL.jpg,https://techwhizmart.com/product/jbl-tune-510bt-wireless-on-ear-headphones-with-purebass-sound-blue-medium/,1,True,False
B0B8VM8RBR,"Jekeno Video Gamer Blackout Curtains - Gaming Theme Controller Gamepad Computer Game Drapes Decor Playroom Bedroom Living Room Darkening Grommet Window Treatments 2 Panels Set, Black White 52""x 84""",peripherals,controllers;peripherals,49.99,https://m.media-amazon.com/images/I/61656XtFn2L.jpg,https://techwhizmart.com/product/jekeno-video-gamer-blackout-curtains-gaming-theme-controller-gamepad-computer-game-drapes-decor-playroom-bedroom-living-room-darkening-grommet-window-treatments-2-panels-set-black-white-52x-84/,1,True,False
B07FLKYRFB,KLIM Chroma Wireless Gaming Keyboard RGB - Backlit Wireless Keyboard - Long-Lasting Rechargeable Battery - Quiet Water Resistant Ergonomic Keyboard - Teclado Gamer - PC PS5 PS4 Xbox One Mac - Black,peripherals,keyboards;peripherals,33.97,https://m.media-amazon.com/images/I/41s3xlo1UmL.jpg,https://techwhizmart.com/product/klim-chroma-wireless-gaming-keyboard-rgb-new-2022-version-long-lasting-rechargeable-battery-quick-and-quiet-typing-water-resistant-backlit-wireless-keyboard-for-pc-ps5-ps4-xbox-one-mac-black__trashed/,1,False,True
B09QKPCJ7Q,"KNOWSQT Wireless Keyboard and Mouse Combo - MilkTea Colorful 2.4G Typewriter Full-Size Cute Keyboards - USB Receiver Plug and Play, for Computer, PC, Laptop, Desktop, Windows",peripherals,keyboards;peripherals,39.99,https://m.media-amazon.com/images/I/41yIRjIWZCL.jpg,https://techwhizmart.com/product/knowsqt-wireless-keyboard-and-mouse-combo-milktea-colorful-2-4g-typewriter-full-size-cute-keyboards-usb-receiver-plug-and-play-for-computer-pc-laptop-desktop-windows/,1,True,False
B09BF64J55,"KVIDIO [Updated Bluetooth Headphones Over Ear, 65 Hours Playtime Wireless Headphones with Microphone,Foldable Lightweight Headset with Deep Bass,HiFi Stereo Sound for Travel Work Cellphone",peripherals,headphones;peripherals,26.99,https://m.media-amazon.com/images/I/41aXNBJ4b8L.jpg,https://techwhizmart.com/product/kvidio-bluetooth-headphones-over-ear-55-hours-playtime-wireless-headphones-with-microphonefoldable-lightweight-headset-with-deep-basshifi-stereo-sound-for-travel-work-laptop-pc-cellphone__trashed/,1,False,True
B0869HZV81,"Keychron K2 Version 2 Wireless Gaming Mechanical Keyboard, Bluetooth/USB Wired Compact 84 Keys RGB LED Backlit Aluminum Frame for Mac Windows, Gateron G Pro Blue Switch",peripherals,keyboards;peripherals,99.99,https://m.media-amazon.com/images/I/41ssJcrLXUL.jpg,https://techwhizmart.com/product/keychron-k2-version-2-wireless-gaming-mechanical-keyboard-bluetooth-usb-wired-compact-84-keys-rgb-led-backlit-aluminum-frame-for-mac-windows-gateron-g-pro-blue-switch__trashed/,1,False,True
B0CQQWHW6V,"LOFREE Flow Low Profile Mechanical Keyboard, 100 Keys Rechargeable Wireless Keyboards with Bluetooth and Wired Connection for Windows, Mac OS/Black Phantom Tactile Switches",peripherals,keyboards;peripherals,179.99,https://m.media-amazon.com/images/I/31kp-IVoF1L.jpg,https://techwhizmart.com/product/lofree-flow-low-profile-mechanical-keyboard-100-keys-rechargeable-wireless-keyboards-with-bluetooth-and-wired-connection-for-windows-mac-os-black-phantom-tactile-switches/,1,True,False
B083P1HG9S,"LORELEI X6 Over-Ear Headphones with Microphone, Lightweight Foldable & Portable Stereo Bass Headphones with 1.45M No-Tangle, Wired Headphones for Smartphone Tablet MP3 / 4 (Space Black)",peripherals,headphones;peripherals,16.99,https://m.media-amazon.com/images/I/414LsloG1NL.jpg,https://techwhizmart.com/product/lorelei-x6-over-ear-headphones-with-microphone-lightweight-foldable-portable-stereo-bass-headphones-with-1-45m-no-tangle-wired-headphones-for-smartphone-tablet-mp3-4-space-black__trashed/,1,False,True
B08JCD23MJ,"LORELEI X8 Over-Ear Wired Headphones with Microphone with 1.45m-Tangle-Free Nylon Line&3.5mm Plug,Lightweight Foldable…",peripherals,headphones;peripherals,16.99,https://m.media-amazon.com/images/I/41bG-ufetFL.jpg,https://techwhizmart.com/product/lorelei-x8-over-ear-wired-headphones-with-microphone-with-1-45m-tangle-free-nylon-line3-5mm-pluglightweight-foldable-portable-headphones-for-smartphonetabletcomputermp3-4dark-purple__trashed/,1,False,True
B07YN82X3B,"Logitech G203 Wired Gaming Mouse, 8,000 DPI, Rainbow Optical Effect LIGHTSYNC RGB, 6 Programmable Buttons, On-Board Memory, Screen Mapping, PC/Mac Computer and Laptop Compatible - Black",peripherals,mice;peripherals,29.41,https://m.media-amazon.com/images/I/41zEY42v1tL.jpg,https://techwhizmart.com/product/logitech-g203-wired-gaming-mouse-8000-dpi-rainbow-optical-effect-lightsync-rgb-6-programmable-buttons-on-board-memory-screen-mapping-pc-mac-computer-and-laptop-compatible-black__trashed/,1,False,True
B07CMS5Q6P,"Logitech G305 LIGHTSPEED Wireless Gaming Mouse, Hero 12K Sensor, 12,000 DPI, Lightweight, 6 Programmable Buttons, 250h Battery Life, On-Board Memory, PC/Mac - Black",peripherals,mice;peripherals,39.88,https://m.media-amazon.com/images/I/31+saSWhrFL.jpg,https://techwhizmart.com/product/logitech-g305-lightspeed-wireless-gaming-mouse-hero-12k-sensor-12000-dpi-lightweight-6-programmable-buttons-250h-battery-life-on-board-memory-pc-mac-black__trashed/,1,False,True
B08Z7J4KV3,"Logitech G413 TKL SE Mechanical Gaming Keyboard - Compact Backlit Keyboard with Tactile Mechanical Switches, Anti-Ghosting, Compatible with Windows, macOS - Black Aluminum",peripherals,keyboards;peripherals,60.19,https://m.media-amazon.com/images/I/31hUfgJWI9L.jpg,https://techwhizmart.com/product/logitech-g413-tkl-se-mechanical-gaming-keyboard-compact-backlit-keyboard-with-tactile-mechanical-switches-anti-ghosting-compatible-with-windows-macos-black-aluminum__trashed/,1,False,True
B07GBZ4Q68,"Logitech G502 HERO High Performance Wired Gaming Mouse, HERO 25K Sensor, 25,600 DPI, RGB, Adjustable Weights, 11 Programmable Buttons, On-Board Memory, PC / Mac",peripherals,mice;peripherals,29.99,https://m.media-amazon.com/images/I/4189N8RLVYL.jpg,https://techwhizmart.com/product/logitech-g502-hero-high-performance-wired-gaming-mouse-hero-25k-sensor-25600-dpi-rgb-adjustable-weights-11-programmable-buttons-on-board-memory-pc-mac__trashed/,1,False,True
B085RLZ1C4,"Logitech G915 TKL Tenkeyless Lightspeed Wireless RGB Mechanical Gaming Keyboard, Low Profile Switch Options, Lightsync RGB, Advanced Wireless and Bluetooth Support - Tactile",peripherals,keyboards;peripherals,159.99,https://m.media-amazon.com/images/I/4194IDIrP+L.jpg,https://techwhizmart.com/product/logitech-g915-tkl-tenkeyless-lightspeed-wireless-rgb-mechanical-gaming-keyboard-low-profile-switch-options-lightsync-rgb-advanced-wireless-and-bluetooth-support-tactile__trashed/,1,False,True
B00P43PCI8,"Logitech M185 Wireless Mouse, 2.4GHz with USB Mini Receiver, 12-Month Battery Life, 1000 DPI Optical Tracking, Ambidextrous, Compatible with PC, Mac, Laptop - Black",peripherals,mice;peripherals,12.77,https://m.media-amazon.com/images/I/31vPeNJvQGL.jpg,https://techwhizmart.com/product/logitech-m185-wireless-mouse-2-4ghz-with-usb-mini-receiver-12-month-battery-life-1000-dpi-optical-tracking-ambidextrous-compatible-with-pc-mac-laptop-black__trashed/,1,False,True
B087Z5WDJ2,Logitech M510 Wireless Computer Mouse for PC with USB Unifying Receiver - Graphite,peripherals,mice;peripherals,27.89,https://m.media-amazon.com/images/I/4104-zMkirL.jpg,https://techwhizmart.com/product/logitech-m510-wireless-computer-mouse-for-pc-with-usb-unifying-receiver-graphite__trashed/,1,False,True
B003NR57BY,"Logitech M525 Wireless Mouse, Black/Gray",peripherals,mice;peripherals,34.99,https://m.media-amazon.com/images/I/41Jo5RpWPWL.jpg,https://techwhizmart.com/product/logitech-m525-wireless-mouse-long-3-year-battery-life-ergonomic-shape-for-right-or-left-hand-use-micro-precision-scroll-wheel-and-usb-unifying-receiver-for-computers-and-laptops-black-gr__trashed/,1,False,True
B087Z733CM,"Logitech M705 Marathon Wireless Mouse, 2.4 GHz USB Unifying Receiver, 1000 DPI, 5-Programmable Buttons, 3-Year Battery, Compatible with PC, Mac, Laptop, Chromebook - Black",peripherals,mice;peripherals,29.99,https://m.media-amazon.com/images/I/31Jy-QDNemL.jpg,https://techwhizmart.com/product/logitech-m705-marathon-wireless-mouse-2-4-ghz-usb-unifying-receiver-1000-dpi-5-programmable-buttons-3-year-battery-compatible-with-pc-mac-laptop-chromebook-black__trashed/,1,False,True
B003NREDC8,"Logitech MK120 Wired Keyboard and Mouse Combo for Windows, Optical Wired Mouse, Full-Size Keyboard, USB Plug-and-Play, Compatible with PC, Laptop - Black",peripherals,keyboards;peripherals,16.59,https://m.media-amazon.com/images/I/41a4R1h4-eL.jpg,https://techwhizmart.com/product/logitech-mk120-wired-keyboard-and-mouse-combo-for-windows-optical-wired-mouse-full-size-keyboard-usb-plug-and-play-compatible-with-pc-laptop-black/,1,True,False
B072JX77X6,Logitech MK335 Wireless Keyboard and Mouse Combo - Black/Silver,peripherals,keyboards;peripherals,34.99,https://m.media-amazon.com/images/I/313lrqpa-dL.jpg,https://techwhizmart.com/product/logitech-mk335-wireless-keyboard-and-mouse-combo-black-silver__trashed/,1,False,True
B09N7532L7,"Loigys Wireless Keyboard, 2.4G Full-Sized Ergonomic Wireless Computer Keyboard with Wrist Rest for Windows, Mac OS…",peripherals,keyboards;peripherals,25.99,https://m.media-amazon.com/images/I/41RRz9gsr9L.jpg,https://techwhizmart.com/product/loigys-wireless-keyboard-2-4g-full-sized-ergonomic-wireless-computer-keyboard-with-wrist-rest-for-windows-mac-os-laptop-pc-desktop-notebook-black__trashed/,1,False,True
B078Y2ZK49,Londo Top Grain Leather Mousepad with Wrist Rest,peripherals,mouse-pads;peripherals,16.99,https://m.media-amazon.com/images/I/41R3SOb9U9L.jpg,https://techwhizmart.com/product/londo-top-grain-leather-mousepad-with-wrist-rest__trashed/,1,False,True
B0CLNBLM5F,"Lyyes Switch Controller, Wireless Pro Controller Joystick Compatible with Switch, 2 Pack",peripherals,controllers;peripherals,29.99,https://m.media-amazon.com/images/I/41vBC5IcKIL.jpg,https://techwhizmart.com/product/lyyes-switch-controller-wireless-pro-controller-joystick-compatible-with-switch-2-pack/,1,True,False
B08HFNSCMV,"Mad Catz The Authentic EGO Arcade Fight Stick for PS4, Xbox One, Nintendo Switch and PC (Windows Direct and X-Input),Black",peripherals,controllers;peripherals,189.99,https://m.media-amazon.com/images/I/31GkoykAYYL.jpg,https://techwhizmart.com/product/mad-catz-the-authentic-ego-arcade-fight-stick-for-ps4-xbox-one-nintendo-switch-and-pc-windows-direct-and-x-input__trashed/,1,False,True
B07RQVB3HQ,"Manhattan Wired Computer Keyboard â Basic Black Keyboard - with 4.5ft USB-A Cable, 104-keys, Foldable Stands - Compatible for Windows, PC, Laptop - 3 Yr Mfg Warranty â 179324",peripherals,keyboards;peripherals,11.99,https://m.media-amazon.com/images/I/31n2Pl6SBKL.jpg,https://techwhizmart.com/product/manhattan-wired-computer-keyboard-basic-black-keyboard-with-4-5ft-usb-a-cable-104-keys-foldable-stands-compatible-for-windows-pc-laptop-3-yr-mfg-warranty-179324__trashed/,1,False,True
B08XPY3K9Q,Microsoft Xbox Series S or X Wireless Controller Robot White plus VGSION battery,peripherals,controllers;peripherals,65.00,https://m.media-amazon.com/images/I/41dEVPluuyL.jpg,https://techwhizmart.com/product/microsoft-xbox-series-s-or-x-wireless-controller-robot-white-plus-vgsion-battery/,1,True,False
B09V2QMXZH,"Nepartak Wireless Bluetooth Headphones with 120 Hours Playback, Built-in Mic, in-Ear Design, Stereo Bass, Noise Reduction, Waterproof Sports Neckband Headset",peripherals,headphones;peripherals,25.99,https://m.media-amazon.com/images/I/31yoUICausL.jpg,https://techwhizmart.com/product/neckband-bluetooth-headphones-long-battery-life100-hours-playtimeipx5-waterproof-black-bluetooth-wireless-sport-headphonesbluetooth-neckband-running-headset-with-microphone__trashed/,1,False,True
B01IHSUE0M,"OTM Essentials Artist Series: Plume Jolie Fabric Mouse Pad, Peonies Corners Florals & Nature",peripherals,mouse-pads;peripherals,12.99,https://m.media-amazon.com/images/I/41nuUPU3mRL.jpg,https://techwhizmart.com/product/otm-essentials-artist-series-plume-jolie-fabric-mouse-pad-peonies-corners-florals-nature__trashed/,1,False,True
B07VFCJHFQ,"PDP Gaming Afterglow Wireless Nintendo Switch Pro Controller: Prismatic RGB LED Lighting, Full Motion Control Gamepad, Customizable Paddle Buttons",peripherals,controllers;peripherals,36.99,https://m.media-amazon.com/images/I/41yy7mGoe-L.jpg,https://techwhizmart.com/product/pdp-gaming-afterglow-wireless-nintendo-switch-pro-controller-prismatic-rgb-led-lighting-full-motion-control-gamepad-customizable-paddle-buttons/,1,True,False
B09STGMJVK,"PS5 Controller Charger, PS5 Controller Charging Station Dock, Fast Dual Charging for Dualsense, PlayStation 5 Controller with Wireless Controller Accessories, Blue LED ON/Off Automatically afbptek",peripherals,controllers;peripherals,21.89,https://m.media-amazon.com/images/I/41ZjRG2To5L.jpg,https://techwhizmart.com/product/ps5-controller-charger-ps5-controller-charging-station-dock-fast-dual-charging-for-dualsense-playstation-5-controller-with-wireless-controller-accessories-blue-led-on-off-automatically-afbptek/,1,True,False
B0CFV9XR2Q,"Picun B8 Bluetooth Headphones, 120H Playtime Headphones Wireless Bluetooth with 3 EQ Modes, Low Latency, Hands-Free Calls, Over Ear Headphones for Travel Home Office Cellphone PC Black",peripherals,headphones;peripherals,21.99,https://m.media-amazon.com/images/I/41HikImm1zL.jpg,https://techwhizmart.com/product/picun-b8-bluetooth-headphones-120h-playtime-headphones-wireless-bluetooth-with-3-eq-modes-low-latency-hands-free-calls-over-ear-headphones-for-travel-home-office-cellphone-pc-black/,1,True,False
B09RBZ134K,PlayStation DualSense Wireless Controller – Galactic Purple,peripherals,controllers;peripherals,74.99,https://m.media-amazon.com/images/I/31oc0gzpkyL.jpg,https://techwhizmart.com/product/playstation-dualsense-wireless-controller-galactic-purple/,1,True,False
B0CGVKF54H,Playseat Challenge X - Logitech G Edition Sim Racing Cockpit,peripherals,controllers;peripherals,299.00,https://m.media-amazon.com/images/I/41VvHtcFtNL.jpg,https://techwhizmart.com/product/playseat-challenge-x-logitech-g-edition-sim-racing-cockpit/,1,True,False
B0B7NXH9KS,"PowerA Spectra Infinity Enhanced Wired Controller for Xbox Series X|S - White (Amazon Exclusive), gamepad, video gaming controller, works with Xbox One and Windows 10/11, officially licensed",peripherals,controllers;peripherals,52.12,https://m.media-amazon.com/images/I/41woDQCgV6L.jpg,https://techwhizmart.com/product/powera-spectra-infinity-enhanced-wired-controller-for-xbox-series-xs-white-amazon-exclusive-gamepad-wired-video-game-controller-gaming-controller-works-with-xbox-one-and-windows-10-11-offici__trashed/,1,False,True
B0CWKPLHLH,"ProtoArc Ergonomic Foldable Keyboard Mouse, XKM03 Portable Folding Bluetooth Keyboard Mouse Combo for Business and Travel, Split Design, 3 Bluetooth, Rechargeable, for iPad, Tablet, iPhone, Laptop",peripherals,keyboards;peripherals,89.99,https://m.media-amazon.com/images/I/415vm4OOObL.jpg,https://techwhizmart.com/product/protoarc-ergonomic-foldable-keyboard-mouse-xkm03-portable-folding-bluetooth-keyboard-mouse-combo-for-business-and-travel-split-design-3-bluetooth-rechargeable-for-ipad-tablet-iphone-laptop/,1,True,False
B094NC89P9,"RORSOU R10 On-Ear Headphones with Microphone, Lightweight Folding Stereo Bass Headphones with 1.5M No-Tangle Cord, Portable Wired Headphones for Smartphone Tablet Computer MP3 / 4 (Black)",peripherals,headphones;peripherals,16.99,https://m.media-amazon.com/images/I/41uOlDCxMsS.jpg,https://techwhizmart.com/product/rorsou-r10-on-ear-headphones-with-microphone-lightweight-folding-stereo-bass-headphones-with-1-5m-no-tangle-cord-portable-wired-headphones-for-smartphone-tablet-computer-mp3-4-black__trashed/,1,False,True
B07DG64YL9,"Razer Goliathus Extended Chroma Gaming Mousepad: Customizable Chroma RGB Lighting - Soft, Cloth Material - Balanced Control & Speed - Non-Slip Rubber Base - Classic Black",peripherals,mouse-pads;peripherals,59.77,https://m.media-amazon.com/images/I/31TyhCUskYL.jpg,https://techwhizmart.com/product/razer-goliathus-extended-chroma-gaming-mousepad-customizable-chroma-rgb-lighting-soft-cloth-material-balanced-control-speed-non-slip-rubber-base-classic-black__trashed/,1,False,True
B099MR91RP,Razer Strider Hybrid Mouse Mat with a Soft Base & Smooth Glide: Firm Gliding Surface - Anti-Slip Base - Rollable & Portable - Anti-Fraying Stitched Edges - Water-Resistant - XXLarge,peripherals,mouse-pads;peripherals,49.99,https://m.media-amazon.com/images/I/11G5iqsbr3L.jpg,https://techwhizmart.com/product/razer-strider-hybrid-mouse-mat-with-a-soft-base-smooth-glide-firm-gliding-surface-anti-slip-base-rollable-portable-anti-fraying-stitched-edges-water-resistant-xxlarge__trashed/,1,False,True
B07YPC3BQC,Razer Viper Ultimate Hyperspeed Lightest Wireless Gaming Mouse & RGB Charging Dock: Fastest Switch - 20K DPI Optical Sensor - Chroma Lighting - 8 Programmable Buttons - 70 Hr Battery,peripherals,mice;peripherals,149.99,https://m.media-amazon.com/images/I/41JGMi9cikL.jpg,https://techwhizmart.com/product/razer-viper-ultimate-hyperspeed-lightweight-wireless-gaming-mouse-rgb-charging-dock-fastest-gaming-mouse-switch-20k-dpi-optical-sensor-chroma-lighting-8-programmable-buttons-70-hr-battery__trashed/,1,False,True
B074RNL1RX,"Razer Wolverine Ultimate Officially Licensed Xbox One Controller: 6 Remappable Buttons and Triggers - Interchangeable Thumbsticks and D-Pad - For PC, Xbox One, Xbox Series X & S - Black",peripherals,controllers;peripherals,68.94,https://m.media-amazon.com/images/I/41CXof5bwUL.jpg,https://techwhizmart.com/product/razer-wolverine-ultimate-officially-licensed-xbox-one-controller-6-remappable-buttons-and-triggers-interchangeable-thumbsticks-and-d-pad-for-pc-xbox-one-xbox-series-x-s-black__trashed/,1,False,True
B08LRTTGM6,"Razer Wolverine V2 Wired Gaming Controller for Xbox Series X|S, Xbox One, PC: Remappable Front-Facing Buttons - Mecha-Tactile Action Buttons and D-Pad - Trigger Stop-Switches - Black",peripherals,controllers;peripherals,76.00,https://m.media-amazon.com/images/I/41NKyQZvAjL.jpg,https://techwhizmart.com/product/razer-wolverine-v2-wired-gaming-controller-for-xbox-series-xs-xbox-one-pc-remappable-front-facing-buttons-mecha-tactile-action-buttons-and-d-pad-trigger-stop-switches-black__trashed/,1,False,True
B0951YQGFJ,"RedThunder K10 Wireless Gaming Keyboard, Rechargeable 3000mAh 2.4G LED Backlit Wireless Keyboard, Ergonomic Keyboard with Mechanical Feeling Keys for PC PS4 Xbox One Mac, Teclado Gamer, Black",peripherals,keyboards;peripherals,29.99,https://m.media-amazon.com/images/I/41-t9qKzUXS.jpg,https://techwhizmart.com/product/redthunder-k10-wireless-gaming-keyboard-rechargeable-3000mah-2-4g-led-backlit-wireless-keyboard-ergonomic-keyboard-with-mechanical-feeling-keys-for-pc-ps4-xbox-one-mac-teclado-gamer-black__trashed/,1,False,True
B0B8C9GRWD,"RedThunder K84 Wireless Keyboard and Mouse Combo, RGB Backlit Rechargeable Battery, 75% Layout 84 Keys TKL Ultra Compact Gaming Keyboard & Lightweight 3200 DPI Honeycomb Optical Mouse (White-Gray)",peripherals,keyboards;peripherals,35.99,https://m.media-amazon.com/images/I/51R8E5YjdDL.jpg,https://techwhizmart.com/product/redthunder-k84-75-wireless-gaming-keyboard-and-mouse-combo-rgb-backlit-rechargeable-battery-mechanical-feel-tkl-ultra-compact-keyboard-lightweight-3200-dpi-honeycomb-optical-mouse-white-gray__trashed/,1,False,True
B00NLZUM36,"Redragon S101 Gaming Keyboard, M601 Mouse, RGB Backlit Gaming Keyboard, Programmable Backlit Gaming Mouse, Value Combo Set [New Version]",peripherals,keyboards;peripherals,39.99,https://m.media-amazon.com/images/I/51vOyKGea+L.jpg,https://techwhizmart.com/product/redragon-s101-wired-gaming-keyboard-and-mouse-combo-rgb-backlit-gaming-keyboard-with-multimedia-keys-wrist-rest-and-red-backlit-gaming-mouse-3200-dpi-for-windows-pc-gamers-black__trashed/,1,False,True
B0C5J4MHYF,Replacement Laptop English Black Backlit Keyboard Without Frame for ASUS TUF Gaming F15 FA507 FX507 FX707 FX517 FA507R FX507ZC,peripherals,keyboards;peripherals,38.99,https://m.media-amazon.com/images/I/41p+7VYVLYL.jpg,https://techwhizmart.com/product/replacement-laptop-english-black-backlit-keyboard-without-frame-for-asus-tuf-gaming-f15-fa507-fx507-fx707-fx517-fa507r-fx507zc/,1,True,False
B0B6G9TPNQ,"Sennheiser Consumer Audio Momentum 4 Wireless Headphones - Bluetooth Headset for Crystal-Clear Calls with Adaptive Noise Cancellation, 60h Battery Life, Customizable Sound - White )",peripherals,headphones;peripherals,249.95,https://m.media-amazon.com/images/I/31XYpoJOAIL.jpg,https://techwhizmart.com/product/sennheiser-consumer-audio-momentum-4-wireless-headphones-bluetooth-headset-for-crystal-clear-calls-with-adaptive-noise-cancellation-60h-battery-life-customizable-sound-white/,1,True,False
B01L1IIEKM,Sennheiser HD 559 Open Back Headphone - Black,peripherals,headphones;peripherals,149.98,https://m.media-amazon.com/images/I/318AhGewVRL.jpg,https://techwhizmart.com/product/sennheiser-hd-559-open-back-headphone-black__trashed/,1,False,True
B00NCSIN4W,"Skullcandy Hesh 2 Over-Ear Wireless Headphones, 15 Hr Battery, Microphone, Works with iPhone Android and Bluetooth Devices - Black",peripherals,headphones;peripherals,57.99,https://m.media-amazon.com/images/I/41GqPiMmLPL.jpg,https://techwhizmart.com/product/skullcandy-hesh-2-wireless-over-ear-bluetooth-headphones-for-iphone-and-android-with-microphone-15-hours-of-battery-life-great-for-music-school-workouts-travel-and-gaming-black__trashed/,1,False,True
B097T276QL,"Snpurdiri 60% Wired Gaming Keyboard, RGB Backlit Ultra-Compact Mini Keyboard, Waterproof Small Compact 61 Keys Keyboard for PC/Mac Gamer, Typist, Travel, Easy to Carry on Business Trip(Black-white)",peripherals,keyboards;peripherals,27.98,https://m.media-amazon.com/images/I/41k2LiuH7QL.jpg,https://techwhizmart.com/product/snpurdiri-60-wired-gaming-keyboard-rgb-backlit-ultra-compact-mini-keyboard-waterproof-small-compact-61-keys-keyboard-for-pc-mac-gamer-typist-travel-easy-to-carry-on-business-tripblack-white__trashed/,1,False,True
B08GSL374K,Sony PlayStation Dualsense Wireless Controller - PlayStation 5,peripherals,controllers;peripherals,94.99,https://m.media-amazon.com/images/I/41UK+fp9jcS.jpg,https://techwhizmart.com/product/sony-playstation-dualsense-wireless-controller-playstation-5__trashed/,1,False,True
B0CWVX1GNX,"Sony ULT WEAR Over-Ear Noise Cancelling Bluetooth Headphones with Alexa Built-in, Comfortable Design, 30-Hour Battery, Massive Bass, Black",peripherals,headphones;peripherals,198.00,https://m.media-amazon.com/images/I/31XKUEX6jgL.jpg,https://techwhizmart.com/product/sony-ult-wear-over-ear-headphones-noise-cancelling-headphones-bluetooth-made-with-recycled-plastic-material-unique-thermo-foaming-design-swivel-fold-design-headphones-noise-cancelling-black/,1,True,False
B0CFT4N7T9,"Sony WH-1000XM4 Wireless Premium Noise Canceling Overhead Headphones - 30hr Battery Life, Over Ear Style with Mic for Phone-Call and Alexa Voice Control - Black International Version",peripherals,headphones;peripherals,239.99,https://m.media-amazon.com/images/I/21pGfX7r8oL.jpg,https://techwhizmart.com/product/sony-wh-1000xm4-wireless-premium-noise-canceling-overhead-headphones-30hr-battery-life-over-ear-style-with-mic-for-phone-call-and-alexa-voice-control-black-international-version/,1,True,False
B0863TXGM3,"Sony WH-1000XM4 Wireless Premium Noise Canceling Overhead Headphones with Mic for Phone-Call and Alexa Voice Control, Black WH1000XM4",peripherals,headphones;peripherals,298.00,https://m.media-amazon.com/images/I/21Vf6jjGhzL.jpg,https://techwhizmart.com/product/sony-wh-1000xm4-wireless-premium-noise-canceling-overhead-headphones-with-mic-for-phone-call-and-alexa-voice-control-black-wh1000xm4/,1,True,False
B09XSDMT4F,"Sony WH-1000XM5 The Best Wireless Noise Canceling Headphones, Made Of Soft Fit Synthetic Leather, Integrated Processor V1, With 4 Beamforming Microphones, Up To 30-Hour Battery Life, Silver",peripherals,headphones;peripherals,348.00,https://m.media-amazon.com/images/I/21F6MKKV6EL.jpg,https://techwhizmart.com/product/sony-wh-1000xm5-the-best-wireless-noise-canceling-headphones-made-of-soft-fit-synthetic-leather-integrated-processor-v1-with-4-beamforming-microphones-up-to-30-hour-battery-life-silver/,1,True,False
B0BS1RT9S2,"Sony WH-CH520 Wireless Headphones Bluetooth On-Ear Headset with Microphone, Blue",peripherals,headphones;peripherals,59.99,https://m.media-amazon.com/images/I/31QB73-5IEL.jpg,https://techwhizmart.com/product/sony-wh-ch520-wireless-headphones-bluetooth-on-ear-headset-with-microphone-blue/,1,True,False
B0BS1QCFHX,"Sony WH-CH720N Noise Canceling Wireless Headphones Bluetooth Over The Ear Headset with Microphone and Alexa Built-in, Black New",peripherals,headphones;peripherals,103.95,https://m.media-amazon.com/images/I/31+CMjgVyHL.jpg,https://techwhizmart.com/product/sony-wh-ch720n-noise-canceling-wireless-headphones-bluetooth-over-the-ear-headset-with-microphone-and-alexa-built-in-black-new/,1,True,False
B00NJ2M33I,"Sony ZX Series Wired On-Ear Headphones, Black MDR-ZX110",peripherals,headphones;peripherals,8.99,https://m.media-amazon.com/images/I/41Tahh82E9L.jpg,https://techwhizmart.com/product/sony-zx-series-wired-on-ear-headphones-black-mdr-zx110__trashed/,1,False,True
B07NM3RSRQ,"Soundcore Anker Life Q20 Hybrid Active Noise Cancelling Headphones, Wireless Over Ear Bluetooth Headphones, 60H Playtime, Hi-Res Audio, Deep Bass, Memory Foam Ear Cups, for Travel, Home Office",peripherals,headphones;peripherals,49.99,https://m.media-amazon.com/images/I/41e4Qwo-opL.jpg,https://techwhizmart.com/product/soundcore-anker-life-q20-hybrid-active-noise-cancelling-headphones-wireless-over-ear-bluetooth-headphones-40h-playtime-hi-res-audio-deep-bass-memory-foam-ear-cups-for-travel-home-office__trashed/,1,False,True
B0C6KFZC9Z,"Soundcore by Anker, Space One, Active Noise Cancelling Headphones, 2X Stronger Voice Reduction, 40H ANC Playtime, App Control, LDAC Hi-Res Wireless Audio, Comfortable Fit, Clear Calls, Bluetooth 5.3",peripherals,headphones;peripherals,99.00,https://m.media-amazon.com/images/I/41T31LVvZ6L.jpg,https://techwhizmart.com/product/soundcore-by-anker-space-one-active-noise-cancelling-over-ear-headphones-40h-anc-playtime-clear-calls-comfortable-fit-2x-stronger-voice-reduction-ldac-hi-res-wireless-audio-bluetooth-5-3/,1,True,False
B083S6Q8VK,"Srhythm NC25 Active Noise Cancelling Headphones Bluetooth 5.3,ANC Stereo Headset Over-Ear with Hi-Fi,Mic,50H Playtime…",peripherals,headphones;peripherals,65.99,https://m.media-amazon.com/images/I/31I8si2xyVL.jpg,https://techwhizmart.com/product/srhythm-nc25-active-noise-cancelling-headphones-bluetooth-5-3anc-stereo-headset-over-ear-with-hi-fimic50h-playtimevoice-assistantlow-latency-game-mode__trashed/,1,False,True
B000UVRU6G,SteelSeries QcK Gaming Mouse Pad - Large Cloth - Optimized For Gaming Sensors,peripherals,mouse-pads;peripherals,14.99,https://m.media-amazon.com/images/I/21wQjer-WTL.jpg,https://techwhizmart.com/product/steelseries-qck-gaming-surface-large-cloth-optimized-for-gaming-sensors__trashed/,1,False,True
B000V7ARAU,SteelSeries QcK Gaming Mouse Pad - Large Thick Cloth - Peak Tracking and Stability - Optimized For Gaming Sensors,peripherals,mouse-pads;peripherals,24.99,https://m.media-amazon.com/images/I/21YU-iUn2RL.jpg,https://techwhizmart.com/product/steelseries-qck-gaming-surface-large-thick-cloth-peak-tracking-and-stability-optimized-for-gaming-sensors__trashed/,1,False,True
B000UEZ36W,SteelSeries QcK Gaming Mouse Pad - Medium Cloth - Optimized For Gaming Sensors,peripherals,mouse-pads;peripherals,9.99,https://m.media-amazon.com/images/I/2139iN8LBGL.jpg,https://techwhizmart.com/product/steelseries-qck-gaming-surface-medium-cloth-optimized-for-gaming-sensors__trashed/,1,False,True
B07HZ6NZNJ,SteelSeries QcK Gaming Mouse Pad - Medium RGB Prism Cloth - Optimized For Gaming Sensors,peripherals,mouse-pads;peripherals,39.99,https://m.media-amazon.com/images/I/31NT-YYmXnL.jpg,https://techwhizmart.com/product/steelseries-qck-gaming-surface-medium-rgb-prism-cloth-optimized-for-gaming-sensors__trashed/,1,False,True
B07K1X9NXM,SteelSeries QcK Gaming Mouse Pad - Medium Thick Cloth - Peak Tracking and Stability - Black,peripherals,mouse-pads;peripherals,9.99,https://m.media-amazon.com/images/I/31YFFMacT8L.jpg,https://techwhizmart.com/product/steelseries-qck-gaming-surface-medium-thick-cloth-mouse-pad-of-all-time-peak-tracking-and-stability-black__trashed/,1,False,True
B00WAA2704,SteelSeries QcK Gaming Mouse Pad - XXL Thick Cloth - Sized to Cover Desks,peripherals,mouse-pads;peripherals,26.22,https://m.media-amazon.com/images/I/21ihKrGhvAL.jpg,https://techwhizmart.com/product/steelseries-qck-gaming-surface-xxl-thick-cloth-mouse-pad-sized-to-cover-desks__trashed/,1,False,True
B08BJFDFS7,SteelSeries QcK Prism RGB Gaming Mouse Pad - 3XL Cloth - Optimized For Gaming Sensors - Maximum Control,peripherals,mouse-pads;peripherals,99.00,https://m.media-amazon.com/images/I/31tIzuT26kL.jpg,https://techwhizmart.com/product/qck-prism-cloth-cloth-rgb-gaming-mousepad__trashed/,1,False,True
B0BZJ4RFKR,"Switch Controller Compatible with Switch/Switch Lite/Switch OLED/Windows/iOS/Android, RGB Lightning Programmable 1000mAh Wireless Switch Pro Controller with One Key Pairing Wake Up Turbo Vibration",peripherals,controllers;peripherals,19.99,https://m.media-amazon.com/images/I/51vlK4T6wZL.jpg,https://techwhizmart.com/product/switch-controller-compatible-with-switch-switch-lite-switch-oled-windows-ios-android-rgb-lightning-programmable-1000mah-wireless-switch-pro-controller-with-one-key-pairing-wake-up-turbo-vibration/,1,True,False
B09QS2GS2H,"T-DAGGER Wireless Gaming Mouse- USB Cordless PC Accessories Computer Mice with LED Backlit, Ergonomic Gamer Laptop Mouse with 7 Silent Buttons, 5 Adjustable DPI Plug & Play for PC",peripherals,mice;peripherals,15.99,https://m.media-amazon.com/images/I/41idQjdmvwL.jpg,https://techwhizmart.com/product/rgb-wireless-gaming-mouse-usb-cordless-pc-computer-mice-with-rgb-backlit-ergonomic-silent-gamer-laptop-mouse-with-7-silent-click-buttons-5-adjustable-dpi-plug-play-for-pc-windows-mac__trashed/,1,False,True
B08QZBY6Z2,"TECKNET Wired Mouse for Laptop, 3600DPI USB Mouse with 6-Button, Optical Computer Mouse Wired, Home and Office 5FT Corded Ergonomic Mouse for PC Desktop, USB Plug & Play, NO Battery Required-Grey",peripherals,mice;peripherals,9.99,https://m.media-amazon.com/images/I/31ymhMzyfRL.jpg,https://techwhizmart.com/product/tecknet-wired-mouse-usb-wired-computer-mouse-3600dpi-4-adjustable-levels-6-button-ergonomic-mice-home-and-office-mouse-for-laptop-pc-desktop-notebook-grey__trashed/,1,False,True
B015NBTMMC,"TECKNET Wireless Mouse Rechargeable, 2.4G USB-A Silent Mouse, Quiet Click, 6 Adjustable 4800 DPI, Cordless Computer Mouse, Ergonomic Mouse for Laptop, 6 Buttons Mouse for Chromebook, Ergo Grip - Black",peripherals,mice;peripherals,11.99,https://m.media-amazon.com/images/I/414dikpZkIL.jpg,https://techwhizmart.com/product/tecknet-wireless-mouse-pro-2-4g-ergonomic-wireless-optical-mouse-with-usb-nano-receiver-for-laptoppccomputerchromebooknotebook6-buttons24-months-battery-life-2600-dpi-5-adjustment-levels__trashed/,1,False,True
B07KY8G9NM,"TOZO HT2 Hybrid Active Noise Cancelling Headphones, Wireless Over Ear Bluetooth Headset, 60H Playtime, Hi-Res Audio Custom EQ via App Deep Bass Comfort Fit Ear Cups, for Home Office Travel Black",peripherals,headphones;peripherals,49.98,https://m.media-amazon.com/images/I/41SYv7whxTL.jpg,https://techwhizmart.com/product/tozo-ht2-hybrid-active-noise-cancelling-headphones-wireless-over-ear-bluetooth-headphones-60h-playtime-hi-res-audio-custom-eq-via-app-deep-bass-comfort-fit-ear-cups-for-home-office-travel/,1,True,False
B0D46X7LPW,"TV Dock Station for Switch - 3 in 1 TV Base Replacement Docking Station Set with Original IC Module, Charger, HDMI Cable Accessories for Switch Console",peripherals,controllers;peripherals,44.99,https://m.media-amazon.com/images/I/31Hd7F6gPbL.jpg,https://techwhizmart.com/product/tv-dock-station-for-switch-3-in-1-tv-base-replacement-docking-station-set-with-original-ic-module-charger-hdmi-cable-accessories-for-switch-console/,1,True,False
B09JSH81HZ,"Trueque Wireless Mouse for Laptop, 2.4GHz Ergonomic Computer Mouse with Back & Forward Buttons, 3 Levels Tracking Speed, 6 Buttons, Optical USB Cordless Mice for Windows Chromebook MacBook PC (Gray)",peripherals,mice;peripherals,7.99,https://m.media-amazon.com/images/I/31RDMZfXJmL.jpg,https://techwhizmart.com/product/trueque-wireless-mouse-for-laptop-2-4ghz-ergonomic-computer-mouse-with-3-adjustable-dpi-levels-page-up-down-buttons-usb-mouse-for-chromebook-pc-desktop-notebook-macbook-grey__trashed/,1,False,True
B0B6233ZCY,"Turtle Beach Recon Controller Wired Game Controller Officially Licensed for Xbox Series X, Xbox Series S, Xbox One & Windows - Audio Enhancements, Remappable Buttons, Superhuman Hearing â Arctic Camo",peripherals,controllers;peripherals,59.99,https://m.media-amazon.com/images/I/41t4iPutP2L.jpg,https://techwhizmart.com/product/turtle-beach-recon-controller-wired-gaming-controller-for-xbox-series-x-xbox-series-s-xbox-one-windows-10-pcs-featuring-remappable-buttons-audio-enhancements-and-superhuman-hearing-arct__trashed/,1,False,True
B096GQBLM2,"Turtle Beach Recon Controller Wired Game Controller Officially Licensed for Xbox Series X, Xbox Series S, Xbox One & Windows - Audio Enhancements, Remappable Buttons, Superhuman Hearing â Black",peripherals,controllers;peripherals,47.90,https://m.media-amazon.com/images/I/41TDCjKbQnL.jpg,https://techwhizmart.com/product/turtle-beach-recon-controller-wired-gaming-controller-for-xbox-series-x-xbox-series-s-xbox-one-windows-10-pcs-featuring-remappable-buttons-audio-enhancements-and-superhuman-hearing-black__trashed/,1,False,True
B0836GXKKB,"Uiosmuph LED Wireless Mouse, G12 Slim Rechargeable Silent Mouse, 2.4G Portable USB Optical Computer Mice with USB Receiver and Type C Adapter (Matte Black)",peripherals,mice;peripherals,11.99,https://m.media-amazon.com/images/I/317IAgJuohS.jpg,https://techwhizmart.com/product/uiosmuph-led-wireless-mouse-g12-slim-rechargeable-wireless-silent-mouse-2-4g-portable-usb-optical-wireless-computer-mice-with-usb-receiver-and-type-c-adapter-matte-black__trashed/,1,False,True
B09NNBBY8F,"Uliptz Wireless Bluetooth Headphones, 65H Playtime, 6 EQ Sound Modes, HiFi Stereo Over Ear Headphones with Microphone, Foldable Lightweight Bluetooth 5.3 Headphones for Travel/Office/Cellphone/PC",peripherals,headphones;peripherals,17.99,https://m.media-amazon.com/images/I/4126N3l+ENL.jpg,https://techwhizmart.com/product/uliptz-wireless-bluetooth-headphones-65h-playtime-6-eq-sound-modes-hifi-stereo-over-ear-headphones-with-microphone-foldable-lightweight-bluetooth-5-3-headphones-for-travel-office-cellphone-pc/,1,True,False
B0BNTK5C8B,"VOYEE Switch Controller Wireless, Pro Controllers Compatible with Lite/OLED/Android/iOS/PC, One-Key Pairing Gamepad with 9-Color RGB LEDs 1000mAh Battery 6-Axis Motion Wake Up Function",peripherals,controllers;peripherals,16.99,https://m.media-amazon.com/images/I/41in7nqv47L.jpg,https://techwhizmart.com/product/voyee-switch-controller-wireless-pro-controllers-compatible-with-lite-oled-android-ios-pc-one-key-pairing-gamepad-with-9-color-rgb-leds-1000mah-battery-6-axis-motion-wake-up-function/,1,True,False
B0CCJMTZHJ,"VOYEE Switch Controller, LED Star Wireless Pro Controllers Compatible with Lite/OLED, Multi-Platform Windows PC/IOS/Android with 9 Colors RGB Light/Programmabele/Vibration/Turbo/Wakeup",peripherals,controllers;peripherals,19.99,https://m.media-amazon.com/images/I/41M6USGvpgL.jpg,https://techwhizmart.com/product/voyee-switch-controller-led-star-wireless-pro-controllers-compatible-with-lite-oled-multi-platform-windows-pc-ios-android-with-9-colors-rgb-light-programmabele-vibration-turbo-wakeup/,1,True,False
B0B3MC7S21,"Vssoplor Wireless Mouse, 2.4G Slim Portable Computer Mouse with Nano Receiver Quiet Silent Optical Laptop Mouse for Notebook, PC, Laptop, Computer-Black and Gold",peripherals,mice;peripherals,9.98,https://m.media-amazon.com/images/I/31EOO72jT7L.jpg,https://techwhizmart.com/product/wireless-mouse-vssoplor-2-4g-slim-portable-computer-mice-with-nano-receiver-for-notebook-pc-laptop-computer-black-and-gold__trashed/,1,False,True
B09NBV52FS,"WEEMSBOX Wired Gaming Mouse [Breathing RGB LED] [Plug Play] High-Precision Adjustable 7200 DPI, 7 Programmable Buttons, Ergonomic Computer USB Mice for Windows/PC/Mac/Laptop Gamer",peripherals,mice;peripherals,16.99,https://m.media-amazon.com/images/I/3105hiP40mL.jpg,https://techwhizmart.com/product/wired-gaming-mouse-pc-gaming-mice-breathing-rgb-led-plug-play-high-precision-adjustable-7200-dpi-7-programmable-buttons-ergonomic-computer-usb-mouse-for-windows-pc-mac-laptop-gamer__trashed/,1,False,True
B0DSW7R4VN,"WOLFBOX MF50 Electric Air Duster-110000RPM Super Power Cordless Air Duster, 3-Gear Adjustable Mini Blower with Rechargeable Battery, Dust Blower for Computer, Keyboard, House, Outdoor and Car",peripherals,keyboards;peripherals,69.99,https://m.media-amazon.com/images/I/41uiaeC4acL.jpg,https://techwhizmart.com/product/wolfbox-mf50-electric-air-duster-110000rpm-super-power-cordless-air-duster-3-gear-adjustable-mini-blower-with-rechargeable-battery-dust-blower-for-computer-keyboard-house-outdoor-and-car/,1,True,False
B0BLHCHCVL,"Wireless Controller for PS4, Custom Design V2 Gamepad Joystick for PS4 with Non-Slip Grip of Both Sides and 3.5mm Audio Jack! Thumb Caps Included! (Galaxy)",peripherals,controllers;peripherals,19.99,https://m.media-amazon.com/images/I/51+QbBAIpZL.jpg,https://techwhizmart.com/product/wireless-controller-for-ps4-custom-design-v2-gamepad-joystick-for-ps4-with-non-slip-grip-of-both-sides-and-3-5mm-audio-jack-thumb-caps-included-galaxy/,1,True,False
B01LPZM7VI,Xbox Wireless Controller – Black,peripherals,controllers;peripherals,60.30,https://m.media-amazon.com/images/I/41OClau+4LL.jpg,https://techwhizmart.com/product/xbox-wireless-controller-black/,1,True,False
B0D72VPZWF,"ZENAIM Keyboard TKL, Wired US Layout, Low Profile, Rapid Trigger(Motion HACK), Magnetic Key Switch, Adjustable Actuation Point in 0.05mm increments",peripherals,keyboards;peripherals,299.99,https://m.media-amazon.com/images/I/31XZFSKWDkL.jpg,https://techwhizmart.com/product/zenaim-keyboard-tkl-wired-us-layout-low-profile-rapid-triggermotion-hack-magnetic-key-switch-adjustable-actuation-point-in-0-05mm-increments/,1,True,False
B0962WYR8P,"ZIHNIC Active Noise Cancelling Headphones, 40H Playtime Wireless Bluetooth Headset with Deep Bass Hi-Fi Stereo Sound,Comfortable Earpads for Travel/Home/Office (Black)",peripherals,headphones;peripherals,45.44,https://m.media-amazon.com/images/I/413RZj0fGZL.jpg,https://techwhizmart.com/product/zihnic-active-noise-cancelling-headphones-40h-playtime-wireless-bluetooth-headset-with-deep-bass-hi-fi-stereo-soundcomfortable-earpads-for-travel-home-office-black__trashed/,1,False,True
B07QGVMCJG,"ZIHNIC Bluetooth Headphones Over-Ear, Foldable Wireless and Wired Stereo Headset Micro SD/TF, FM for Cell Phone,PC,Soft Earmuffs &Light Weight for Prolonged Wearing (Black/Blue)",peripherals,headphones;peripherals,26.99,https://m.media-amazon.com/images/I/41qzfBjbTfS.jpg,https://techwhizmart.com/product/zihnic-bluetooth-headphones-over-ear-foldable-wireless-and-wired-stereo-headset-micro-sd-tf-fm-for-cell-phonepcsoft-earmuffs-light-weight-for-prolonged-wearing-black-blue__trashed/,1,False,True
B085ZDXGZW,"havit Mechanical Keyboard, Wired Compact PC Keyboard with Number Pad Red Switch Mechanical Gaming Keyboard 89 Keys for Computer/Laptop (Black)",peripherals,keyboards;peripherals,42.99,https://m.media-amazon.com/images/I/41x6sywcSNL.jpg,https://techwhizmart.com/product/havit-mechanical-keyboard-wired-compact-pc-keyboard-with-number-pad-red-switch-mechanical-gaming-keyboard-89-keys-for-computer-laptop-black__trashed/,1,False,True
B01HNMTCE2,"iJoy Bluetooth Headphones Over Ear, Wireless and Wired Foldable Headset Built-in Microphone - (Stealth) Adults Kids Men Women - Audifonos Auriculares Inalambricos",peripherals,headphones;peripherals,19.99,https://m.media-amazon.com/images/I/415RX4mgRLL.jpg,https://techwhizmart.com/product/ijoy-bluetooth-headphones-wireless-over-ear-foldable-headset-with-built-in-microphone-fm-micro-sd-card-slot-stealth-holiday-christmas-birthday-gift-adults-kids-audifonos-auriculares-inalambri__trashed/,1,False,True
B0C84PHSVY,"j5create Wireless Extender for USB Webcam, Microphones, or Speakers, Ideal for Streaming & Conferencing, No USB Mouse/Keyboard Compatibility (JVW120)",peripherals,keyboards;peripherals,132.99,https://m.media-amazon.com/images/I/41CLoFd1iYL.jpg,https://techwhizmart.com/product/j5create-wireless-extender-for-usb-webcam-microphones-or-speakers-ideal-for-streaming-conferencing-no-usb-mouse-keyboard-compatibility-jvw120/,1,True,False
B0B8296L6C,"kuyaon Wireless Headphones for Kids, Cat Ear LED Light Up Bluetooth Kids Headphones with Microphone for School/Travel/Sports/Gaming/Gifts/Christmas (Pink)",peripherals,headphones;peripherals,19.99,https://m.media-amazon.com/images/I/416UVX-3ojL.jpg,https://techwhizmart.com/product/wireless-headphones-for-kids-kuyaon-cat-ear-led-light-up-bluetooth-kids-headphones-with-microphone-for-school-travel-sports-gaming-gifts-christmas-pink__trashed/,1,False,True
B07H8TJMX7,"seenda Wireless Mouse, 2.4G Noiseless Mouse with USB Receiver - Portable Computer Mice for PC, Tablet, Laptop with Windows System - Mint Green",peripherals,mice;peripherals,9.98,https://m.media-amazon.com/images/I/41kGOuOgsgL.jpg,https://techwhizmart.com/product/seenda-wireless-mouse-2-4g-noiseless-mouse-with-usb-receiver-portable-computer-mice-for-pc-tablet-laptop-with-windows-system-mint-green__trashed/,1,False,True
B09YRBD8TM,"yesbeaut Gaming Keyboard, 7-Color Rainbow LED Backlit, 104 Keys Quiet Light Up Keyboard, Wrist Rest, Whisper Silent, Anti-ghosting Multimedia Keys, Waterproof USB Wired Keyboard for PC Mac Xbox",peripherals,keyboards;peripherals,21.99,https://m.media-amazon.com/images/I/41R2W2xnQGL.jpg,https://techwhizmart.com/product/gaming-keyboard-7-color-rainbow-led-backlit-104-keys-quiet-light-up-keyboard-with-wrist-rest-multimedia-keys-whisper-silent-19-anti-ghosting-keys-waterproof-office-wired-keyboard-for-pc-mac-x__trashed/,1,False,True
B088NDL2G1,"【Upgrade】 LED Wireless Mouse, Slim Silent Mouse 2.4G Portable Mobile Optical Office Mouse with USB & Type-c Receiver, 3 Adjustable DPI Levels for Notebook, PC, Laptop, Computer, MacBook (Black)",peripherals,mice;peripherals,8.99,https://m.media-amazon.com/images/I/41+YhibHeiL.jpg,https://techwhizmart.com/product/%e3%80%90upgrade%e3%80%91-led-wireless-mouse-rechargeable-slim-silent-mouse-2-4g-portable-mobile-optical-office-mouse-with-usb-type-c-receiver-3-adjustable-dpi-for-notebook-pc-laptop-computer__trashed/,1,False,True
B08289199B,"Flagship Newest Play Station 4 1TB HDD Only on Playstation PS4 Console Slim Bundle with Three Games: The Last of Us, God of War, Horizon Zero Dawn 1TB HDD Dualshock 4 Wireless Controller -Jet Black",playstation,consoles-and-vr;playstation,409.00,https://m.media-amazon.com/images/I/41Fr6ilL2eL.jpg,https://techwhizmart.com/product/flagship-newest-play-station-4-1tb-hdd-only-on-playstation-ps4-console-slim-bundle-with-three-games-the-last-of-us-god-of-war-horizon-zero-dawn-1tb-hdd-dualshock-4-wireless-controller-jet-bla__trashed/,1,False,True
B0BHBWSJN3,PS5 Digital Edition – God of War Ragnarök Bundle,playstation,consoles-and-vr;playstation,539.00,https://m.media-amazon.com/images/I/31phRSx5O1L.jpg,https://techwhizmart.com/product/ps5-digital-edition-god-of-war-ragnarok-bundle__trashed/,1,False,True
B0B167VTXQ,PS5 Digital Edition- Horizon Forbidden West Bundle,playstation,consoles-and-vr;playstation,449.99,https://m.media-amazon.com/images/I/315hvRDrAqL.jpg,https://techwhizmart.com/product/ps5-digital-edition-horizon-forbidden-west-bundle__trashed/,1,False,True
B0BCNKKZ91,PlayStation 5 Console (PS5),playstation,consoles-and-vr;playstation,495.84,https://m.media-amazon.com/images/I/31i9Fft3dqL.jpg,https://techwhizmart.com/product/playstation-5-console__trashed/,1,False,True
B0BCNTW8GH,PlayStation 5 Digital Edition,playstation,consoles-and-vr;playstation,415.00,https://m.media-amazon.com/images/I/31XJkxpydqL.jpg,https://techwhizmart.com/product/playstation-5-digital-edition__trashed/,1,False,True
B094WN6SY2,PlayStation DualSense Wireless Controller â Cosmic Red,playstation,consoles-and-vr;playstation,73.00,https://m.media-amazon.com/images/I/41x3xju7cfS.jpg,https://techwhizmart.com/product/playstation-dualsense-wireless-controller-cosmic-red__trashed/,1,False,True
B0BHC395WW,PlayStation PS5 Console – God of War Ragnarök Bundle,playstation,consoles-and-vr;playstation,659.22,https://m.media-amazon.com/images/I/31aLQdeRg+L.jpg,https://techwhizmart.com/product/playstation-ps5-console-god-of-war-ragnarok-bundle__trashed/,1,False,True
B07JMNNPXC,"Playstation Sony 4, 500GB Slim System [CUH-2215AB01], Black, 3003347",playstation,consoles-and-vr;playstation,329.00,https://m.media-amazon.com/images/I/31aelHds6gL.jpg,https://techwhizmart.com/product/playstation-sony-4-500gb-slim-system-cuh-2215ab01-black-3003347__trashed/,1,False,True
B0BXL43SRQ,Miyoo Mini Plus Handheld Game Console 3.5 inch Classic System Retro Video Games Consoles Portable Rechargeable Hand Held 64G Black,plug-and-play-videogames,consoles-and-vr;plug-and-play-videogames,81.99,https://m.media-amazon.com/images/I/31f5Udvu8YL.jpg,https://techwhizmart.com/product/miyoo-mini-plus-handheld-game-console-3-5-inch-classic-system-retro-video-games-consoles-portable-rechargeable-hand-held-64g-black__trashed/,1,False,True
B0BXL3JPK2,Miyoo Mini Plus Handheld Game Console 3.5 inch Classic System Retro Video Games Consoles Portable Rechargeable Hand Held 64G Gray,plug-and-play-videogames,consoles-and-vr;plug-and-play-videogames,81.99,https://m.media-amazon.com/images/I/317Q13hjsOL.jpg,https://techwhizmart.com/product/miyoo-mini-plus-handheld-game-console-3-5-inch-classic-system-retro-video-games-consoles-portable-rechargeable-hand-held-64g-gray__trashed/,1,False,True
B0BXL3SQVK,Miyoo Mini Plus Handheld Game Console 3.5 inch Classic System Retro Video Games Consoles Portable Rechargeable Hand Held 64G Purple,plug-and-play-videogames,consoles-and-vr;plug-and-play-videogames,81.99,https://m.media-amazon.com/images/I/31V9cd2ApKL.jpg,https://techwhizmart.com/product/miyoo-mini-plus-handheld-game-console-3-5-inch-classic-system-retro-video-games-consoles-portable-rechargeable-hand-held-64g-purple__trashed/,1,False,True
B0BXKRKRZ3,Miyoo Mini Plus Handheld Game Console 3.5 inch Classic System Retro Video Games Consoles Portable Rechargeable Hand Held 64G White,plug-and-play-videogames,consoles-and-vr;plug-and-play-videogames,81.99,https://m.media-amazon.com/images/I/31NmLxpixFL.jpg,https://techwhizmart.com/product/miyoo-mini-plus-handheld-game-console-3-5-inch-classic-system-retro-video-games-consoles-portable-rechargeable-hand-held-64g-white__trashed/,1,False,True
B09XMP3FVW,"AMORIL 1:14 Fast RC Cars for Adults,Top Speed 70+KMH,Hobby Remote Control Car,4X4 Large Truck Off-Road Racing Buggy,Electric Vehicle Toy for Kids with Oil-Filled Shocks,Upgraded Metal Parts",rc-vehicles,hobbies-stuff;rc-vehicles,149.99,https://m.media-amazon.com/images/I/51hbjSW-F9L.jpg,https://techwhizmart.com/product/amoril-114-fast-rc-cars-for-adultstop-speed-70kmhhobby-remote-control-car4x4-large-truck-off-road-racing-buggyelectric-vehicle-toy-gift-for-kids-with-oil-filled-shocksupgraded-metal-parts__trashed/,1,False,True
B09XVG27LZ,"BEZGAR Remote Control Car - Double Sided Mini RC Stunt Car, 360° Flips Rotating RC Cars with LED Lights, 2.4Ghz Indoor…",rc-vehicles,hobbies-stuff;rc-vehicles,29.99,https://m.media-amazon.com/images/I/51jIVhamLFL.jpg,https://techwhizmart.com/product/bezgar-remote-control-car-double-sided-mini-rc-stunt-car-360-flips-rotating-rc-cars-with-led-lights-2-4ghz-indoor-outdoor-all-terrain-rechargeable-electric-toy-cars-gifts-for-boys-kids-and-a__trashed/,1,False,True
B099DFN4M7,"DE60 Large 1:8 Scale Upgraded RC Cars Remote Control Car for Adults Boys, Off Road Monster Truck with Realistic Sound, 2.4Ghz 4WD Rock Crawler Toy All Terrain Climbing, 2 Batteries for 80 Min Play",rc-vehicles,hobbies-stuff;rc-vehicles,89.99,https://m.media-amazon.com/images/I/41H6K40GuLL.jpg,https://techwhizmart.com/product/deerc-de60-large-18-scale-upgraded-rc-cars-remote-control-car-for-adults-boysoff-road-monster-truck-with-realistic-sound2-4ghz-4wd-rock-crawler-toy-all-terrain-climbing2-batteries-for-80-min__trashed/,1,False,True
B09PQL64P7,"DEERC 9201E 1:10 Large Remote Control Truck with Lights, Fast Short Course RC Car, 48 km/h 4x4 Off-Road Hobby Grade Toy…",rc-vehicles,hobbies-stuff;rc-vehicles,99.99,https://m.media-amazon.com/images/I/51-duPd78sL.jpg,https://techwhizmart.com/product/deerc-9201e-110-large-remote-control-truck-with-lights-fast-short-course-rc-car-48-km-h-4x4-off-road-hobby-grade-toy-monster-crawler-electric-vehicle-with-2-rechargeable-batteries-for-adult-k__trashed/,1,False,True
B0B317X5X1,"DEERC DE70 Remote Control Truck W/Metal Shell, 60+ Mins, 2.4G, 1:22 RC Cars Crawler for Boys, Monster Trucks, Toy Vehicle Car Gift for Kids Adults Girls",rc-vehicles,hobbies-stuff;rc-vehicles,19.99,https://m.media-amazon.com/images/I/51ZWk2fXX4L.jpg,https://techwhizmart.com/product/deerc-de70-remote-control-truck-w-metal-shell-60-mins-2-4g-remote-control-car-122-rc-cars-crawler-for-boys-rc-monster-trucks-toy-vehicle-car-gift-for-kids-adults-girls__trashed/,1,False,True
B09DFDYJS7,"DOUBLE E Remote Control Excavator Toy Construction Toys Tractor Rechargeable Battery RC Vehicles Electric Truck Sandbox Digger Toys for Boys Girls Kids, Gray",rc-vehicles,hobbies-stuff;rc-vehicles,62.99,https://m.media-amazon.com/images/I/517m6HeOOlL.jpg,https://techwhizmart.com/product/double-e-construction-toys-350-degree-remote-control-excavator-2-batteries-rc-vehicles-electric-truck-toys-for-boys-girls-kids-gray__trashed/,1,False,True
B073PVRSDL,"HAIBOXING 1:18 Scale All Terrain RC Car 18859, 36 KPH High Speed 4WD Electric Vehicle with 2.4 GHz Remote Control, 4X4 Waterproof Off-Road Truck with Two Rechargeable Batteries",rc-vehicles,hobbies-stuff;rc-vehicles,82.99,https://m.media-amazon.com/images/I/51Cyfc1u8lL.jpg,https://techwhizmart.com/product/haiboxing-118-scale-all-terrain-rc-car-18859e-36-kph-high-speed-4wd-electric-vehicle-with-2-4-ghz-remote-control-4x4-waterproof-off-road-truck-with-two-rechargeable-batteries__trashed/,1,False,True
B09YTG1LFD,"HYPER GO H16DR 1:16 Scale Ready to Run Fast Remote Control Car, High Speed Jump RC Monster Truck, Off Road RC Cars, 4WD All Terrain RTR RC Truck with 2 LiPo Batteries for Boys and Adults",rc-vehicles,hobbies-stuff;rc-vehicles,99.99,https://m.media-amazon.com/images/I/51CZgQowlYL.jpg,https://techwhizmart.com/product/hyper-go-h16dr-116-scale-ready-to-run-4x4-fast-remote-control-car-high-speed-jump-rc-monster-truck-off-road-rc-cars-4wd-all-terrain-rtr-rc-truck-with-2-lipo-batteries-for-boys-and-adults__trashed/,1,False,True
B0B9XP4XJF,"RC Speed Boat for Kids - 20+ MPH Fast Remote Control Boat for Pools Lakes with Portable Storage Pack, 4 Channel 2.4 GHZ and Rechargeable Battery, Summer Outdoor Water Toy Birthday Toys for Boys Teens",rc-vehicles,hobbies-stuff;rc-vehicles,64.99,https://m.media-amazon.com/images/I/51IPeBXx3wL.jpg,https://techwhizmart.com/product/joy-spot-rc-boat-with-portable-storage-pack-20-mph-remote-control-boat-for-pools-and-lakes-2-4-ghz-rc-boats-for-adults-and-kids-blue__trashed/,1,False,True
B09Z9815T9,"RIAARIO 1:14 RTR Brushless Fast RC Cars for Adults, Max 63mph Hobby RC Truck, 4X4 Remote Control Car for Boys with Carbon Fiber Chassis & Metal Gear, Oil Filled Shocks Electric Vehicle Buggy for Kids",rc-vehicles,hobbies-stuff;rc-vehicles,249.99,https://m.media-amazon.com/images/I/51j8b0HCkjL.jpg,https://techwhizmart.com/product/riaario-114-brushless-fast-rc-cars-for-adultstop-speed-90kphhobby-remote-control-monster-truck-for-boys-with-carbon-fiber-chassismetal-gear-parts4x4-electric-buggy-vehicle-gift-for-kids__trashed/,1,False,True
B08DHG99KQ,"Remote Control Car for Kids 3-12 Years Old, Birthday Gift Toy for Boys Age 4 5 6 7 8, RC Car Stunt with Light 4WD Double Side Racing Vehicle 360Â° Flips Offroad Indoor Outdoor Sand Grass Garden Green",rc-vehicles,hobbies-stuff;rc-vehicles,27.86,https://m.media-amazon.com/images/I/51+AXykxSIL.jpg,https://techwhizmart.com/product/amicool-remote-control-car-hobby-rc-car-stunt-car-with-led-light-electric-4wd-2-4ghz-double-side-rotating-racing-vehicle-360-flips-offroad-kids-toy-cars-for-boys-girls-3-12-years-birthday-xma__trashed/,1,False,True
B0827VWZD5,Remote Control Drift Car Toys for Kids: 4x4 off Road Race Vehicle with 360 Degree Rotating and 2.4Ghz - Stunt RC Truck…,rc-vehicles,hobbies-stuff;rc-vehicles,31.99,https://m.media-amazon.com/images/I/51MJ8omiSRL.jpg,https://techwhizmart.com/product/remote-control-drift-car-toys-for-kids-4x4-off-road-race-vehicle-with-360-degree-rotating-and-2-4ghz-stunt-rc-truck-gift-for-boys-girls-and-toddlers-at-age-of-6-7-8-10-12-on-birthday-christma__trashed/,1,False,True
B0BCJ126ZZ,"Supdex Remote Control Car, 2.4Ghz RC Stunt Tank Compatible with Drift, Remote and Hand Gesture Sensing Dual Mode Monster…",rc-vehicles,hobbies-stuff;rc-vehicles,69.99,https://m.media-amazon.com/images/I/51lcniJVxsL.jpg,https://techwhizmart.com/product/supdex-remote-control-car-2-4ghz-rc-stunt-tank-compatible-with-drift-remote-and-hand-gesture-sensing-dual-mode-monster-truck-free-deformation-with-bullets-smoke-cool-lights-music-for-kids-adu__trashed/,1,False,True
B07VSYW2NQ,"XINGRUI 50 Minutes Playing Time RC Military Truck, JJRC Q69 Off-Road Remote Control Car 2.4Ghz 4WD 1:18 Scale Toy Vehicle for Kids Children Boy Gift",rc-vehicles,hobbies-stuff;rc-vehicles,39.99,https://m.media-amazon.com/images/I/419wI4AJABS.jpg,https://techwhizmart.com/product/xingrui-50-minutes-playing-time-rc-military-truck-jjrc-q69-off-road-remote-control-car-2-4ghz-4wd-118-scale-toy-vehicle-for-kids-children-boy-gift__trashed/,1,False,True
B08Z3P83VX,"fisca 1/16 Remote Control High Speed Car, 4WD RC Drifting Racing Cars Fast 20MPH Truck 2.4Ghz Off-Road 4X4 Buggy Car Speed & Steering Control Vehicle Toy with Lights for Kids and Adults",rc-vehicles,hobbies-stuff;rc-vehicles,75.99,https://m.media-amazon.com/images/I/516u5lbwB4L.jpg,https://techwhizmart.com/product/fisca-1-16-remote-control-high-speed-car-4wd-rc-drifting-racing-cars-fast-20mph-truck-2-4ghz-off-road-4x4-buggy-car-speed-steering-control-vehicle-toy-with-lights-for-kids-and-adults__trashed/,1,False,True
B0CHFLHP3K,20mm Watch Band for Garmin fenix 5s fenix 6s fenix 7s pro quickfit 20 bands Replacement for garmin epix 2 42mm sapphire short strap Rose Gold women men,smartwatches,electronics;smartwatches,24.99,https://m.media-amazon.com/images/I/41PA77EN3kL.jpg,https://techwhizmart.com/product/20mm-watch-band-for-garmin-fenix-5s-fenix-6s-fenix-7s-pro-quickfit-20-bands-replacement-for-garmin-epix-2-42mm-sapphire-short-strap-rose-gold-women-men/,1,True,False
B08HMRY8NG,"AGPTEK Smart Watch for Women, 5ATM Waterproof Smartwatch for Android and iOS Phones, Fitness Tracker Watch with 100+ Sports Modes, Heart Rate Monitor Pedometer Sleep Monitor, Pink",smartwatches,electronics;smartwatches,43.99,https://m.media-amazon.com/images/I/41ajZYNY4AL.jpg,https://techwhizmart.com/product/smart-watch-for-women-agptek-smartwatch-for-android-and-ios-phones-ip68-waterproof-activity-tracker-with-full-touch-color-screen-heart-rate-monitor-pedometer-sleep-monitor-pink-lw11__trashed/,1,False,True
B09X1NN4YS,"Amazfit Bip 3 Pro Smart Watch, Step Tracking, Heart Rate Monitor, Blood Oxygen Measurement, GPS, 14-Day Battery Life, Sleep Quality Analysis, Customizable Watch Faces (Black)",smartwatches,electronics;smartwatches,64.99,https://m.media-amazon.com/images/I/416psY2bWqL.jpg,https://techwhizmart.com/product/amazfit-bip-3-pro-smart-watch-for-android-iphone-4-satellite-positioning-systems-1-69-color-display-14-day-battery-life-60-sports-modes-blood-oxygen-heart-rate-monitor-water-resistantblack__trashed/,1,False,True
B09H5VPVKS,"Amazfit GTR 3 Pro Smart Watch for Men 46mm, 14-Day Battery Life, GPS, Alexa Built-In, Bluetooth Calls, Fitness Tracker with 150+ Sports Modes, Sleep Heart Rate Tracking, for Android iPhone, Black",smartwatches,electronics;smartwatches,150.70,https://m.media-amazon.com/images/I/31Rt-68cN7L.jpg,https://techwhizmart.com/product/amazfit-gtr-3-pro-smart-watch-for-men12-day-battery-life-alexa-built-in-bluetooth-call-text-gps-150-sports-modes-1-45amoled-display-fitness-watch-with-spo2-heart-rate-tracker-black__trashed/,1,False,True
B09W52WZKT,"DXPICR Smart Watch(Call Receive/Dial), Full Touch Screen SmartWatch for Android and iOS Phones Compatible Fitness Tracker with Heart Rate,Sleep,Blood Oxygen,Step Counter for Men Women",smartwatches,electronics;smartwatches,29.99,https://m.media-amazon.com/images/I/5160vTnccaL.jpg,https://techwhizmart.com/product/dxpicr-smart-watchcall-receive-dial-full-touch-screen-smartwatch-for-android-and-ios-phones-compatible-fitness-tracker-with-heart-ratesleepblood-oxygenstep-counter-for-men-women__trashed/,1,False,True
B09VGPLPZR,"FILIEKEU Men Smart Watch for Android iOS, Bluetooth Calls Voice Chat with Heart Rate/Sleep Monitor Fitness Tracker, 1.3"" Full Touch Screen IP67 Waterproof Stainless Steel Activity Tracker for Men",smartwatches,electronics;smartwatches,49.99,https://m.media-amazon.com/images/I/51kZy44K-ML.jpg,https://techwhizmart.com/product/filiekeu-men-smart-watch-for-android-ios-bluetooth-calls-voice-chat-with-heart-rate-sleep-monitor-fitness-tracker-1-3-full-touch-screen-ip67-waterproof-stainless-steel-activity-tracker-for-men/,1,True,False
B0B4MZWCXK,"Fitbit Versa 4 Fitness Smartwatch with Daily Readiness, GPS, 24/7 Heart Rate, 40+ Exercise Modes, Sleep Tracking and more, Waterfall Blue/Platinum, One Size (S & L Bands Included)",smartwatches,electronics;smartwatches,199.95,https://m.media-amazon.com/images/I/31rDUCEn2ML.jpg,https://techwhizmart.com/product/fitbit-versa-4-fitness-smartwatch-with-daily-readiness-gps-24-7-heart-rate-40-exercise-modes-sleep-tracking-and-more-waterfall-blue-platinum-one-size-s-l-bands-included__trashed/,1,False,True
B0BDSDCFN4,Google Pixel Watch - Android Smartwatch with Fitbit Activity Tracking - Heart Rate Tracking - Champagne Gold Stainless Steel case with Hazel Active band - WiFi,smartwatches,electronics;smartwatches,239.98,https://m.media-amazon.com/images/I/319bbQzySOL.jpg,https://techwhizmart.com/product/google-pixel-watch-android-smartwatch-with-fitbit-activity-tracking-heart-rate-tracking-watch-champagne-gold-stainless-steel-case-with-hazel-active-band-wifi__trashed/,1,False,True
B08XM8X4VQ,"KALINCO Smart Watch, Fitness Tracker with Heart Rate Monitor, Blood Pressure, Blood Oxygen Tracking, 1.4 Inch Touch Screen Smartwatch Fitness Watch for Women Men Compatible with Android iOS",smartwatches,electronics;smartwatches,29.99,https://m.media-amazon.com/images/I/41ON8HhKn1L.jpg,https://techwhizmart.com/product/kalinco-smart-watch-fitness-tracker-with-heart-rate-monitor-blood-pressure-blood-oxygen-tracking-1-4-inch-touch-screen-smartwatch-fitness-watch-for-women-men-compatible-with-android-iphone-io__trashed/,1,False,True
B0DB75H9NK,"Metal Band for Samsung Galaxy Watch Ultra, Premium Stainless Steel Metal Replacement Adjustable Watch Bands Strap Compatible with Samsung Galaxy Watch 7 Ultra 47mm(2024) Men Women",smartwatches,electronics;smartwatches,19.99,https://m.media-amazon.com/images/I/41zVYqRM9ML.jpg,https://techwhizmart.com/product/metal-band-for-samsung-galaxy-watch-ultra-premium-stainless-steel-metal-replacement-adjustable-watch-bands-strap-compatible-with-samsung-galaxy-watch-7-ultra-47mm2024-men-women/,1,True,False
B0DRGNFH9Y,"Nylon Quick Release Watch Bands for Apple Watch 49mm 46mm 45mm 44mm 42mm, Adjustable Breathable Replacement Nylon Sport Loop Watch Straps for Apple Watch Ultra Band 10/9/8/7/6/SE/5/4/3/2/1/Ultra 2",smartwatches,electronics;smartwatches,21.99,https://m.media-amazon.com/images/I/51OX580-A2L.jpg,https://techwhizmart.com/product/nylon-quick-release-watch-bands-for-apple-watch-49mm-46mm-45mm-44mm-42mm-adjustable-breathable-replacement-nylon-sport-loop-watch-straps-for-apple-watch-ultra-band-10-9-8-7-6-se-5-4-3-2-1-ultra-2/,1,True,False
B0B9MX76FB,"Popglory Smart Watch Answer/Make Calls, 1.85'' Smartwatch with AI Voice Control, Blood Pressure/SpO2/Heart Rate Monitor, Fitness Tracker Watch 2 Straps for Men Women for iOS Android Phones",smartwatches,electronics;smartwatches,45.99,https://m.media-amazon.com/images/I/51t7cV4BcmL.jpg,https://techwhizmart.com/product/smart-watch-call-receive-dial-popglory-1-85-smartwatch-with-ai-voice-control-blood-pressure-spo2-heart-rate-monitor-fitness-tracker-watch-with-2-straps-for-men-women-ios-android-phones__trashed/,1,False,True
B0D3V85TZG,"QCOQ Smart Watch(Answer/Make Call), 1.91"" Smartwatch for Men Women IP68 Waterproof, 110+ Sport Modes, Fitness Activity Tracker, Heart Rate Sleep Monitor, Smart Watches for Android iOS",smartwatches,electronics;smartwatches,12.99,https://m.media-amazon.com/images/I/51HVZ4PwksL.jpg,https://techwhizmart.com/product/smart-watchanswer-make-call-1-91-smartwatch-for-men-women-ip68-waterproof-110-sport-modes-fitness-activity-tracker-heart-rate-sleep-monitor-smart-watches-for-android-ios/,1,True,False
B0B2J5TB3Q,"SAMSUNG Galaxy Watch 5 40mm Bluetooth Smartwatch w/Body, Health, Fitness and Sleep Tracker, Improved Battery, Sapphire Crystal Glass, Enhanced GPS Tracking, US Version, Gray",smartwatches,electronics;smartwatches,277.99,https://m.media-amazon.com/images/I/31ywoxvRoUL.jpg,https://techwhizmart.com/product/samsung-galaxy-watch-5-40mm-bluetooth-smartwatch-w-body-health-fitness-and-sleep-tracker-improved-battery-sapphire-crystal-glass-enhanced-gps-tracking-us-version-gray__trashed/,1,False,True
B0B2HWT9XG,"SAMSUNG Galaxy Watch 5 40mm LTE Smartwatch w/Body, Health, Fitness and Sleep Tracker, Improved Battery, Sapphire Crystal Glass, Enhanced GPS Tracking, US Version, Gray",smartwatches,electronics;smartwatches,329.67,https://m.media-amazon.com/images/I/312+djhCEdL.jpg,https://techwhizmart.com/product/samsung-galaxy-watch-5-40mm-lte-smartwatch-w-body-health-fitness-and-sleep-tracker-improved-battery-sapphire-crystal-glass-enhanced-gps-tracking-us-version-gray__trashed/,1,False,True
B0B2HXJZ98,"Samsung Galaxy Watch 5 Pro 45mm Smartwatch with GPS, Heart Rate, Fitness Tracking - Titanium, Sapphire Glass, Improved Battery",smartwatches,electronics;smartwatches,282.99,https://m.media-amazon.com/images/I/31nCp3KsgYL.jpg,https://techwhizmart.com/product/samsung-galaxy-watch-5-pro-45mm-bluetooth-smartwatch-w-body-health-fitness-and-sleep-tracker-improved-battery-sapphire-crystal-glass-gps-route-tracking-titanium-frame-us-version-black__trashed/,1,False,True
B0DS64HHSC,"Smart Watch (Answer/Make Calls), Ultra Thin 1.43ââ AMOLED Smart Watches for Men Women, 100+ Sport Modes Fitness Tracker with Blood Oxygen/Heart Rate Monitor, IP68, Android IOS(with 2 bands)(Blackï¼",smartwatches,electronics;smartwatches,9.99,https://m.media-amazon.com/images/I/51MGG-RyIiL.jpg,https://techwhizmart.com/product/smart-watch-answer-make-calls-ultra-thin-1-43-amoled-smart-watches-for-men-women-100-sport-modes-fitness-tracker-with-blood-oxygen-heart-rate-monitor-ip68-android-ioswith-2-b/,1,True,False
B0B4J8KZJZ,Smart Watch Full Touch Smart Watches for Android iOS Phones Compatible (Answer/Make Call) Smart Fitness Tracker Watch for Women Man Waterproof Smartwatch with Sleep/Heart Rate/sports/Step (Black),smartwatches,electronics;smartwatches,25.99,https://m.media-amazon.com/images/I/41e8ke4WohL.jpg,https://techwhizmart.com/product/smart-watch-full-touch-smart-watches-for-android-ios-phones-compatible-answer-make-call-smart-fitness-tracker-watch-for-women-man-ip67-waterproof-smartwatch-with-sleep-heart-rate-blood-oxygen__trashed/,1,False,True
B0BBTQT3P3,"Smart Watch Women(Answer/Make Calls), 2023 Newest 1.8'' Bluetooth Smart Watch for Android iPhones, 5ATM Waterproof Outdoor Fitness Tracker with AI Voice/Heart Rate/SpO2/Sleep Monitor, Smartwatch Pink",smartwatches,electronics;smartwatches,49.99,https://m.media-amazon.com/images/I/41aNWSi-BxL.jpg,https://techwhizmart.com/product/smart-watch-womenanswer-make-calls-2022-newest-1-8-bluetooth-smart-watch-for-android-iphones-ip68-waterproof-outdoor-fitness-tracker-with-ai-voice-heart-rate-spo2-sleep-monitor-smartwatch-pin__trashed/,1,False,True
B0BC88JTTZ,"Smart Watch, 1.90"" Smartwatch for Men Women (Answer/Make Call), Fitness Watch with 120+ Sport Modes, Heart Rate/Sleep Monitor/Pedometer, Activity Trackers for Android/iOS Phones - IP68 Waterproof",smartwatches,electronics;smartwatches,29.99,https://m.media-amazon.com/images/I/51c++7CF7TL.jpg,https://techwhizmart.com/product/1-90-with-smart-watchanswer-make-callssmart-fitness-tracker-watches-for-android-ios-phonesbluetooth-call-and-text-message-sleep-monitor-heart-rate-step-counter-android-smartwatch-for-women-me__trashed/,1,False,True
B0BJQ3MJW3,"Smart Watch,2022 1.81'' Bluetooth Smart Watches Touch Answer/Make Call Smartwatch for Women Men,Waterproof Fitness…",smartwatches,electronics;smartwatches,39.99,https://m.media-amazon.com/images/I/513C-LOHfxL.jpg,https://techwhizmart.com/product/smart-watch2022-1-81-bluetooth-smart-watches-touch-answer-make-call-smartwatch-for-women-menwaterproof-fitness-activity-tracker-watch-with-heart-rate-sleep-monitor-for-android-ios-phones-wome__trashed/,1,False,True
B0DK31NWH3,"Smart Watches for Women, Fitness Tracker Smartwatch for Android Phones/iPhone Compatible,1.27"" Womens Watch with Blood Oxygen Monitor, Calls and Messages/Heart Rate/Sleep/Female Cycle(2 Watch Bands)",smartwatches,electronics;smartwatches,79.99,https://m.media-amazon.com/images/I/41isJKqQ30L.jpg,https://techwhizmart.com/product/smart-watches-for-women-fitness-tracker-smartwatch-for-android-phones-iphone-compatible1-27-womens-watch-with-blood-oxygen-monitor-calls-and-messages-heart-rate-sleep-female-cycle2-watch-bands/,1,True,False
B0D8J7ZGYN,Sport Band for Apple Watch ULTRA & ULTRA 2: Adjustable Genuine Leather Apple Watch Band 49mm - Nylon Strap for iWatch Apple Watch ULTRA 2 & ULTRA Series 10/9/8/7/6/5/4/3/2/1 SE 46mm 45mm 44mm 42mm,smartwatches,electronics;smartwatches,19.99,https://m.media-amazon.com/images/I/415a8DoQfZL.jpg,https://techwhizmart.com/product/sport-band-for-apple-watch-ultra-ultra-2-adjustable-genuine-leather-apple-watch-band-49mm-nylon-strap-for-iwatch-apple-watch-ultra-2-ultra-series-10-9-8-7-6-5-4-3-2-1-se-46mm-45mm-44mm-42mm/,1,True,False
B0DR5CC94X,Sport Women Men Bands Soft Silicone Waterproof Strap Compatible with iWatch,smartwatches,electronics;smartwatches,23.99,https://m.media-amazon.com/images/I/41BnfgahmxL.jpg,https://techwhizmart.com/product/sport-women-men-bands-soft-silicone-waterproof-strap-compatible-with-iwatch/,1,True,False
B0DH23DVK9,"Suitisbest Sport Bands Compatible with Samsung Galaxy Watch Ultra 47mm (2024), Ultra Adjustable Nylon Loop Watch Band with S-Hook for Men and Women",smartwatches,electronics;smartwatches,15.99,https://m.media-amazon.com/images/I/41E4W1SmSXL.jpg,https://techwhizmart.com/product/suitisbest-sport-bands-compatible-with-samsung-galaxy-watch-ultra-47mm-2024-ultra-adjustable-nylon-loop-watch-band-with-s-hook-for-men-and-women/,1,True,False
B0DGKQVLWR,"TOZO AMOLED S7 Smart Watch Bluetooth Call 1.85 Inch Ultra HD Screen,Dynamic Dials Messages Push 100+ Sports Modes,Detect Human Health (Heart Rate,Blood Oxygen) with High Battery Life,Touch Function",smartwatches,electronics;smartwatches,39.99,https://m.media-amazon.com/images/I/517UTDBKVJL.jpg,https://techwhizmart.com/product/tozo-amoled-s7-smart-watch-bluetooth-call-1-85-inch-ultra-hd-screendynamic-dials-messages-push-100-sports-modesdetect-human-health-heart-rateblood-oxygen-with-high-battery-lifetouch-function/,1,True,False
B0BK1Q3G88,"TOZO S2 44mm Smart Watch Alexa Built-in Fitness Tracker with Heart Rate and Blood Oxygen Monitor, Sleep Analyzer 5ATM Waterproof HD Touchscreen for Men Women Compatible with iPhone&Android Black",smartwatches,electronics;smartwatches,39.99,https://m.media-amazon.com/images/I/41E5sZGsGAL.jpg,https://techwhizmart.com/product/tozo-s2-44mm-smart-watch-alexa-built-in-fitness-tracker-with-heart-rate-and-blood-oxygen-monitorsleep-monitor-5atm-waterproof-hd-touchscreen-for-men-women-compatible-with-iphoneandroid-black__trashed/,1,False,True
B0DRC48QBP,"VIQIV Pearl Diamond Elastic Metal Strap Wristband - Compatible with Apple Watch Series 10 46/42mm, Ultra 2 49mm, 9/8/7 45/41mm, SE/SE2/6/5/4 40/44mm, 3/2/1 38/42mm - Women's Dressy Fancy iWatch Bands",smartwatches,electronics;smartwatches,22.89,https://m.media-amazon.com/images/I/51YqnKzvw+L.jpg,https://techwhizmart.com/product/viqiv-pearl-diamond-elastic-metal-strap-wristband-compatible-with-apple-watch-series-10-46-42mm-ultra-2-49mm-9-8-7-45-41mm-se-se2-6-5-4-40-44mm-3-2-1-38-42mm-womens-dressy-fancy-iwatch-bands/,1,True,False
B0BWSF6H4Q,"WHOOP 4.0 with 12 Month Subscription â Wearable Health, Fitness & Activity Tracker â Continuous Monitoring, Performance Optimization, Heart Rate Tracking â Improve Sleep, Strain, Recovery, Wellness",smartwatches,electronics;smartwatches,239.00,https://m.media-amazon.com/images/I/518Ru7nkwyL.jpg,https://techwhizmart.com/product/whoop-4-0-with-12-month-subscription-wearable-health-fitness-activity-tracker-continuous-monitoring-performance-optimization-heart-rate-tracking-improve-sleep-strai/,1,True,False
B0DW3D74RV,"baoinse Military Smart Watch with GPS Tracker, Pressure/Altitude/Compass, Rugged Smartwatch with 90 Days Battery, 1ATM Waterproof, Answer/Make Call, 100+ Sport Modes Fitness Tracker for Android iOS",smartwatches,electronics;smartwatches,69.99,https://m.media-amazon.com/images/I/51G0UtI-XKL.jpg,https://techwhizmart.com/product/military-smart-watch-with-gps-tracker-pressure-altitude-compass-rugged-smartwatch-with-90-days-battery-1atm-waterproof-answer-make-call-100-sport-modes-fitness-tracker-for-android-ios/,1,True,False
B07DDK3W5D,"Amazon Basics Stereo 2.0 Speakers for PC or Laptop, 3.5mm Aux input, USB-Powered, 1 Pair, Black",speakers,audio;speakers,14.90,https://m.media-amazon.com/images/I/410rFQDJ67L.jpg,https://techwhizmart.com/product/amazon-basics-stereo-2-0-speakers-for-pc-or-laptop-3-5mm-aux-input-usb-powered-1-pair-black/,1,True,False
B01MTB55WH,"Anker Soundcore 2 Portable Bluetooth Speaker with Stereo Sound, Bluetooth 5, Bassup, IPX7 Waterproof, 24-Hour Playtime, Wireless Stereo Pairing, Speaker for Home, Outdoors, Travel",speakers,audio;speakers,39.99,https://m.media-amazon.com/images/I/41IzMGhkW2L.jpg,https://techwhizmart.com/product/anker-soundcore-2-portable-bluetooth-speaker-with-stereo-sound-bluetooth-5-bassup-ipx7-waterproof-24-hour-playtime-wireless-stereo-pairing-speaker-for-home-outdoors-travel/,1,True,False
B0BRKPVZB4,"Bluetooth Speaker with HD Sound, Portable Wireless, IPX5 Waterproof, Up to 20H Playtime, TWS Pairing, BT5.3, for Home/Party/Outdoor/Beach, Electronic Gadgets, Birthday Gift (Black)",speakers,audio;speakers,26.99,https://m.media-amazon.com/images/I/51z6QbrT8YL.jpg,https://techwhizmart.com/product/bluetooth-speaker-with-hd-sound-portable-wireless-ipx5-waterproof-up-to-24h-playtime-tws-pairing-bt5-3-for-home-party-outdoor-beach-electronic-gadgets-birthday-gift-black/,1,True,False
B0CSDCJFLK,"Bluetooth Speakers with Light, 30W Portable Bluetooth Wireless(100FT Range) Loud Stereo Sound, IPX7 Waterproof Shower Speakers, RGB Multi-Colors Rhythm Lights, 1000mins Playtime for Indoor&Outdoor",speakers,audio;speakers,37.89,https://m.media-amazon.com/images/I/51YoEY9bhZL.jpg,https://techwhizmart.com/product/bluetooth-speakers-with-light-30w-portable-bluetooth-wireless100ft-range-loud-stereo-sound-ipx7-waterproof-shower-speakers-rgb-multi-colors-rhythm-lights-1000mins-playtime-for-indooroutdoor/,1,True,False
B0791H74NT,Creative Pebble 2.0 USB-Powered Desktop Speakers with Far-Field Drivers and Passive Radiators for Pcs and Laptops (Black),speakers,audio;speakers,17.00,https://m.media-amazon.com/images/I/3129Q0loi4L.jpg,https://techwhizmart.com/product/creative-pebble-2-0-usb-powered-desktop-speakers-with-far-field-drivers-and-passive-radiators-for-pcs-and-laptops-black/,1,True,False
B08X4YMTPM,"JBL CHARGE 5 - Portable Waterproof (IP67) Bluetooth Speaker with Powerbank USB Charge out, 20 hours playtime, JBL Partyboost (Black)",speakers,audio;speakers,179.95,https://m.media-amazon.com/images/I/31YUBSz0xxL.jpg,https://techwhizmart.com/product/jbl-charge-5-portable-waterproof-ip67-bluetooth-speaker-with-powerbank-usb-charge-out-20-hours-playtime-jbl-partyboost-black/,1,True,False
B07HKQ6YGX,JBL Charge 4 - Waterproof Portable Bluetooth Speaker - Black,speakers,audio;speakers,114.95,https://m.media-amazon.com/images/I/411XhhP64tL.jpg,https://techwhizmart.com/product/jbl-charge-4-waterproof-portable-bluetooth-speaker-black/,1,True,False
B07Q6ZWMLR,"JBL Clip 3, Black - Waterproof, Durable & Portable Bluetooth Speaker - Up to 10 Hours of Play - Includes Noise-Cancelling Speakerphone & Wireless Streaming",speakers,audio;speakers,44.75,https://m.media-amazon.com/images/I/41YWebN4baL.jpg,https://techwhizmart.com/product/jbl-clip-3-black-waterproof-durable-portable-bluetooth-speaker-up-to-10-hours-of-play-includes-noise-cancelling-speakerphone-wireless-streaming/,1,True,False
B07QK2SPP7,"JBL FLIP 5, Waterproof Portable Bluetooth Speaker, Black, Small",speakers,audio;speakers,89.95,https://m.media-amazon.com/images/I/41lqU3gM2zL.jpg,https://techwhizmart.com/product/jbl-flip-5-waterproof-portable-bluetooth-speaker-black-small/,1,True,False
B000ZH98LU,Logitech S150 USB Speakers with Digital Sound,speakers,audio;speakers,17.04,https://m.media-amazon.com/images/I/41tk6adnyiL.jpg,https://techwhizmart.com/product/logitech-s150-usb-speakers-with-digital-sound/,1,True,False
B074KJ6JQW,Logitech Z207 2.0 Stereo Computer Speakers with Bluetooth,speakers,audio;speakers,59.27,https://m.media-amazon.com/images/I/31iqwaBgCaL.jpg,https://techwhizmart.com/product/logitech-z207-2-0-stereo-computer-speakers-with-bluetooth/,1,True,False
B0CVL1K7DX,"NEW Bose SoundLink Max Portable Speaker, Large Waterproof Bluetooth Speaker, Up to 20 Hours of Battery Life, USB-C, Built-in 3.5mm AUX Input, Black",speakers,audio;speakers,399.00,https://m.media-amazon.com/images/I/41FyxQrrdgL.jpg,https://techwhizmart.com/product/new-bose-soundlink-max-portable-speaker-large-waterproof-bluetooth-speaker-up-to-20-hours-of-battery-life-usb-c-built-in-3-5mm-aux-input-black/,1,True,False
B0CX1FRR27,"Portable Bluetooth Speaker with Lights, Powerful Crystal Clear Sound, IPX5 Waterproof, All Day Playtime, AUX&TF-Card Input, Bluetooth 5.3, TWS Paring, Small Wireless Speaker for Outdoor, Gift Ideas",speakers,audio;speakers,19.99,https://m.media-amazon.com/images/I/512Q2zgnYSL.jpg,https://techwhizmart.com/product/portable-bluetooth-speaker-with-lights-powerful-crystal-clear-sound-ipx5-waterproof-all-day-playtime-auxtf-card-input-bluetooth-5-3-tws-paring-small-wireless-speaker-for-outdoor-gift-ideas/,1,True,False
B08ZJ6DQNY,"Sony SRSXB13/B Extra Bass Portable Waterproof Speaker with Bluetooth, USB Type-C, 16 Hours Battery Life",speakers,audio;speakers,38.00,https://m.media-amazon.com/images/I/41QILblSE7L.jpg,https://techwhizmart.com/product/sony-srsxb13-b-extra-bass-portable-waterproof-speaker-with-bluetooth-usb-type-c-16-hours-battery-life/,1,True,False
B0CQ53RVTW,"Soundcore Boom 2 Outdoor Speaker, 80W, Subwoofer, BassUp 2.0, 24H Playtime, IPX7 Waterproof, Floatable, RGB Lights, USB-C, Custom EQ, Bluetooth 5.3, Portable for Outdoors, Camping, Beach",speakers,audio;speakers,129.99,https://m.media-amazon.com/images/I/510jISriF5L.jpg,https://techwhizmart.com/product/soundcore-boom-2-outdoor-speaker-80w-subwoofer-bassup-2-0-24h-playtime-ipx7-waterproof-floatable-rgb-lights-usb-c-custom-eq-bluetooth-5-3-portable-for-outdoors-camping-beach/,1,True,False
B09G39PJKT,Acer Nitro 50 N50-620-UA91 Gaming Desktop | 11th Gen Intel Core i5-11400F 6-Core Processor | NVIDIA GeForce GTX 1650 | 8GB DDR4 | 512GB NVMe M.2 SSD | Intel Wi-Fi 6 AX201 |,ssd,computers;desktops;ssd,679.99,https://m.media-amazon.com/images/I/41fhar-ePGL.jpg,https://techwhizmart.com/product/acer-nitro-50-n50-620-ua91-gaming-desktop-11th-gen-intel-core-i5-11400f-6-core-processor-nvidia-geforce-gtx-1650-8gb-ddr4-512gb-nvme-m-2-ssd-intel-wi-fi-6-ax201-keyboard-and-mouse__trashed/,1,False,True
B07RX6FBFR,"Roblox Digital Gift Card - 2,200 Robux [Includes Exclusive Virtual Item] [Online Game Code]",subscriptions,consoles-and-vr;subscriptions,25.00,https://m.media-amazon.com/images/I/51LrwIVIf7L.jpg,https://techwhizmart.com/product/roblox-digital-gift-card-2200-robux-includes-exclusive-virtual-item-online-game-code__trashed/,1,False,True
B0029LJIFG,Xbox LIVE 12 Month Gold Membership Card,subscriptions,consoles-and-vr;subscriptions,69.25,https://m.media-amazon.com/images/I/41+mGD28yDL.jpg,https://techwhizmart.com/product/xbox-live-12-month-gold-membership-card__trashed/,1,False,True
B0B42CL8PH,"80mm Aperture 600mm Astronomical Refracting Telescope with AZ Mount, 24X-180X Eyepiece, Wireless Control, Carrying Bag - For Beginners",telescopes,hobbies-stuff;telescopes,99.99,https://m.media-amazon.com/images/I/51FsAeLgCnL.jpg,https://techwhizmart.com/product/telescope-80mm-aperture-600mm-for-beginners-adults-astronomical-refracting-telescopes-az-mount-tripod-fully-multi-coated-optics-24x-180x-high-magnification-with-wireless-control-carrying-bag__trashed/,1,False,True
B09L84CQBG,"ABOTEC Telescope, 80mm Aperture Telescopes for Adults Astronomy & Kids & Beginners, Portable 500mm Refracting Telescope with an Adjustable Tripod, a Bag, a Phone Adapter & a Wireless Remote",telescopes,hobbies-stuff;telescopes,99.99,https://m.media-amazon.com/images/I/41aXCPGOxTL.jpg,https://techwhizmart.com/product/abotec-telescope-80mm-aperture-telescopes-for-adults-astronomy-kids-beginners-portable-500mm-refracting-telescope-25x-250x-with-an-adjustable-tripod-a-bag-a-phone-adapter-a-wireless-remote__trashed/,1,False,True
B001TI9Y2M,Celestron - 70mm Travel Scope - Portable Refractor Telescope - Fully-Coated Glass Optics - Ideal Telescope for Beginners…,telescopes,hobbies-stuff;telescopes,74.99,https://m.media-amazon.com/images/I/41IDEDDz6LL.jpg,https://techwhizmart.com/product/celestron-70mm-travel-scope-portable-refractor-telescope-fully-coated-glass-optics-ideal-telescope-for-beginners-bonus-astronomy-software-package__trashed/,1,False,True
B000MLL6R8,Celestron - AstroMaster 114EQ Newtonian Telescope - Reflector Telescope for Beginners - Fully-Coated Glass Optics…,telescopes,hobbies-stuff;telescopes,224.90,https://m.media-amazon.com/images/I/41bqDcDx3hL.jpg,https://techwhizmart.com/product/celestron-astromaster-114eq-newtonian-telescope-reflector-telescope-for-beginners-fully-coated-glass-optics-adjustable-height-tripod-bonus-astronomy-software-package__trashed/,1,False,True
B0013Z42AK,Celestron - AstroMaster 130EQ-MD Newtonian Telescope - Reflector Telescope for Beginners - Fully-Coated Glass Optics - Adjustable-Height Tripod - Bonus Astronomy Software Package,telescopes,hobbies-stuff;telescopes,320.00,https://m.media-amazon.com/images/I/41jtkph28NL.jpg,https://techwhizmart.com/product/celestron-astromaster-130eq-md-newtonian-telescope-reflector-telescope-for-beginners-fully-coated-glass-optics-adjustable-height-tripod-bonus-astronomy-software-package__trashed/,1,False,True
B0007UQNKY,Celestron - PowerSeeker 127EQ Telescope - Manual German Equatorial Telescope for Beginners - Compact and Portable - Bonus Astronomy Software Package - 127mm Aperture,telescopes,hobbies-stuff;telescopes,199.95,https://m.media-amazon.com/images/I/41jOjtgbCML.jpg,https://techwhizmart.com/product/celestron-powerseeker-127eq-telescope-manual-german-equatorial-telescope-for-beginners-compact-and-portable-bonus-astronomy-software-package-127mm-aperture__trashed/,1,False,True
B081RJ8DW1,"Gskyer Telescope, 70mm Aperture 400mm AZ Mount Astronomical Refracting Telescope for Kids Beginners - Travel Telescope with Carry Bag, Phone Adapter and Wireless Remote",telescopes,hobbies-stuff;telescopes,81.68,https://m.media-amazon.com/images/I/41od1AWZ2WL.jpg,https://techwhizmart.com/product/gskyer-telescope-70mm-aperture-400mm-az-mount-astronomical-refracting-telescope-for-kids-beginners-travel-telescope-with-carry-bag-phone-adapter-and-wireless-remote__trashed/,1,False,True
B093XYK4F6,"KIOSESI Telescope for Adults & Kids, 70mm Aperture 400mm Refractor Telescope (20X-200X) for Astronomy Beginners…",telescopes,hobbies-stuff;telescopes,69.99,https://m.media-amazon.com/images/I/41WeIHjR4YL.jpg,https://techwhizmart.com/product/kiosesi-telescope-for-adults-kids-70mm-aperture-400mm-refractor-telescope-20x-200x-for-astronomy-beginners-portable-telescope-with-phone-adapter-wireless-remote-astronomy-gifts-for-kids__trashed/,1,False,True
B07TM433V8,Quintessy Telescope | Telescope for Adults | Upgraded 500 x 70mm Astronomical Refractor | Perfect Astronomy Gifts…,telescopes,hobbies-stuff;telescopes,139.70,https://m.media-amazon.com/images/I/41itQMU8-nL.jpg,https://techwhizmart.com/product/quintessy-telescope-telescope-for-adults-upgraded-500-x-70mm-astronomical-refractor-perfect-astronomy-gifts-carrying-bag-phone-adaptor-bluetooth-controller-no-tools-required__trashed/,1,False,True
B0B4NNFJXL,"Telescope 130EQ Astronomical Reflector Telescopes - Manual Equatorial Telescope for Adults Astronomy. Comes with 2X Barlow Lens Phone Adapter and Moon Filter, Wireless Control",telescopes,hobbies-stuff;telescopes,339.99,https://m.media-amazon.com/images/I/41QuSMXg5NL.jpg,https://techwhizmart.com/product/hexeum-telescope-130eq-astronomical-reflector-manual-equatorial-for-adults-astronomy-comes-with-2x-barlow-lens-phone-adapter-and-moon-filter-sun-fliter-wireless-control-white__trashed/,1,False,True
B087CRF6CT,"Telescope 130EQ Newtonian Reflector Telescopes for Adults, Professional Telescopes for Adults Astronomy, Comes with 1.5X Barlow Lens Smartphone Adapter & 13% T Moon Filter",telescopes,hobbies-stuff;telescopes,295.67,https://m.media-amazon.com/images/I/51ZaX7ZlqOL.jpg,https://techwhizmart.com/product/telescope-130eq-newtonian-reflector-telescopes-for-adults-professional-telescopes-for-adults-astronomy-comes-with-1-5x-barlow-lens-smartphone-adapter-13-t-moon-filter__trashed/,1,False,True
B09P8JQWF4,"Telescope 80mm Aperture 600mm - Astronomical Portable Refracting Telescopes Fully Multi-Coated High Transmission Coatings AZ Mount with Tripod Phone Adapter, Wireless Control, Carrying Bag.",telescopes,hobbies-stuff;telescopes,159.99,https://m.media-amazon.com/images/I/4110bK0yUrL.jpg,https://techwhizmart.com/product/telescope-80mm-aperture-600mm-astronomical-portable-refracting-telescope-fully-multi-coated-high-transmission-coatings-az-mount-with-tripod-phone-adapter-wireless-control-carrying-bag-easy-se__trashed/,1,False,True
B095S4G6GC,"Telescope for Adults & Kids, 70mm Aperture Refractor (15X-150X) Portable Travel Telescope with Phone Adapter & Wireless Remote, Astronomy Beginners Gifts, Black",telescopes,hobbies-stuff;telescopes,59.49,https://m.media-amazon.com/images/I/41KkypLwggL.jpg,https://techwhizmart.com/product/telescope-for-adults-kids-70mm-aperture-refractor-telescopes-15x-150x-for-astronomy-beginners-portable-travel-telescope-with-phone-adapter-wireless-remote-astronomy-gifts-for-kids__trashed/,1,False,True
B09836V1BD,"Telescope for Kids & Adults - 70mm Aperture 500mm AZ Mount Fully Multi-Coated Optics Astronomical refracting Portable Telescopes, with Tripod Phone Adapter, Carrying Bag, Remote Control",telescopes,hobbies-stuff;telescopes,84.99,https://m.media-amazon.com/images/I/4170V8d9jTL.jpg,https://techwhizmart.com/product/telescope-70mm-aperture-500mm-for-kids-adults-astronomical-refracting-portable-telescopes-az-mount-fully-multi-coated-optics-with-tripod-phone-adapter-wireless-remote-carrying-bag-black__trashed/,1,False,True
B083NPL73W,"Telescope, Gskyer 130EQ Professional Astronomical Reflector Telescope, German Technology Scope, EQ-130 (EQ-130)",telescopes,hobbies-stuff;telescopes,327.99,https://m.media-amazon.com/images/I/41tUAmyHbjL.jpg,https://techwhizmart.com/product/telescope-gskyer-130eq-professional-astronomical-reflector-telescope-german-technology-scope-eq-130-eq-130__trashed/,1,False,True
B07KXL1YVM,Airplane window organization station - One of the HOTTEST new travel accessories ! MAKES AN EXCELLENT GIFT FOR ANY TRAVELER!!,travel-gadgets,travel-gadgets,19.99,https://m.media-amazon.com/images/I/41sboG1OLjL.jpg,https://techwhizmart.com/product/airplane-window-organization-station-one-of-the-hottest-new-travel-accessories-makes-an-excellent-gift-for-any-traveler/,1,True,False
B06XSJ14CX,"Ceptics Universal Travel Adapter Kit - 2 USB, USB-C Cord+2 US Outlets QC 3.0, Surge Protection, Plugs for Europe, UK, China, Australia, Japan - Perfect for Laptop, Cell Phones, Cameras,Safe ETL Tested",travel-gadgets,travel-gadgets,34.99,https://m.media-amazon.com/images/I/41uUynyozrL.jpg,https://techwhizmart.com/product/ceptics-universal-travel-adapter-kit-2-usb-usb-c-cord2-us-outlets-qc-3-0-surge-protection-plugs-for-europe-uk-china-australia-japan-perfect-for-laptop-cell-phones-camerassafe-etl-tested/,1,True,False
B0C6X2VP9R,"Clear Shoe Bags for Travel 5 PCS, 15.7"" x 11.8"" Drawstring Travel Shoe Bags for Packing, Waterproof Dustproof Portable Travel Shoe Storage Bag for Men and Women",travel-gadgets,travel-gadgets,5.99,https://m.media-amazon.com/images/I/41-4UrEbLrL.jpg,https://techwhizmart.com/product/clear-shoe-bags-for-travel-5-pcs-15-7-x-11-8-drawstring-travel-shoe-bags-for-packing-waterproof-dustproof-portable-travel-shoe-storage-bag-for-men-and-women/,1,True,False
B07TXCCQGP,riemot Luggage Travel Cup Holder Free Hand Drink Carrier - Hold Two Coffee Mugs - Fits Roll on Suitcase Handles - Gifts for Flight Attendants Travelers Accessories Grey,travel-gadgets,travel-gadgets,8.49,https://m.media-amazon.com/images/I/41ZKQMV7yKL.jpg,https://techwhizmart.com/product/riemot-luggage-travel-cup-holder-free-hand-drink-carrier-hold-two-coffee-mugs-fits-roll-on-suitcase-handles-gifts-for-flight-attendants-travelers-accessories-grey/,1,True,False
B07QFTGGYF,"travel inspira Luggage Scale, Portable Digital Hanging Baggage Scale for Travel, Suitcase Weight Scale with Rubber Paint, 110 Pounds, Battery Included",travel-gadgets,travel-gadgets,7.80,https://m.media-amazon.com/images/I/414yGMImpOL.jpg,https://techwhizmart.com/product/travel-inspira-luggage-scale-portable-digital-hanging-baggage-scale-for-travel-suitcase-weight-scale-with-rubber-paint-110-pounds-battery-included/,1,True,False
B09ZLTMWWH,INSIGNIA 32-inch Class F20 Series Smart HD 720p Fire TV with Alexa Voice Remote (NS-32F201NA23),tvs,electronics;tvs,79.99,https://m.media-amazon.com/images/I/51RxVrzRC-L.jpg,https://techwhizmart.com/product/insignia-all-new-32-inch-class-f20-series-smart-hd-720p-fire-tv-ns-32f201na23-2022-model__trashed/,1,False,True
B0BCMND272,"INSIGNIA 42-inch Class F20 Series Smart Full HD 1080p Fire TV with Alexa Voice Remote (NS-42F201NA23, 2022 Model)",tvs,electronics;tvs,129.99,https://m.media-amazon.com/images/I/517HB-jl1tL.jpg,https://techwhizmart.com/product/insignia-all-new-42-inch-class-f20-series-smart-full-hd-1080p-fire-tv-ns-42f201na23-2022-model__trashed/,1,False,True
B09RRMBP4C,"LG 65-Inch Class UQ9000 Series Alexa Built-in 4K Smart TV (3840 x 2160),Bluetooth, Wi-Fi, USB, Ethernet, HDMI 60Hz…",tvs,electronics;tvs,576.99,https://m.media-amazon.com/images/I/51gBPxyGbAL.jpg,https://techwhizmart.com/product/lg-65-inch-class-uq9000-series-alexa-built-in-4k-smart-tv-3840-x-2160bluetooth-wi-fi-usb-ethernet-hdmi-60hz-refresh-rate-ai-powered-4k-cloud-gaming-65uq9000pud-2022__trashed/,1,False,True
B07DGCJ3KY,SAMSUNG 32-inch Class LED Smart FHD TV 720P (UN32M4500BFXZA),tvs,electronics;tvs,167.16,https://m.media-amazon.com/images/I/51ABQn4GqfL.jpg,https://techwhizmart.com/product/samsung-32-inch-class-led-smart-fhd-tv-720p-un32m4500bfxza__trashed/,1,False,True
B08Z2823K3,"SAMSUNG 43-Inch Class Crystal 4K UHD AU8000 Series HDR, 3 HDMI Ports, Motion Xcelerator, Tap View, PC on TV, Q Symphony, Smart TV with Alexa Built-In (UN43AU8000FXZA, 2021 Model)",tvs,electronics;tvs,384.95,https://m.media-amazon.com/images/I/41WVhxK7IRL.jpg,https://techwhizmart.com/product/samsung-43-inch-class-crystal-4k-uhd-au8000-series-hdr-3-hdmi-ports-motion-xcelerator-tap-view-pc-on-tv-q-symphony-smart-tv-with-alexa-built-in-un43au8000fxza-2021-model__trashed/,1,False,True
B09YWT3P5Q,"TCL 32"" Class 3-Series HD 720p LED Smart Roku TV - 32S355, Black",tvs,electronics;tvs,159.99,https://m.media-amazon.com/images/I/416rn1lNrrL.jpg,https://techwhizmart.com/product/tcl-32-class-3-series-hd-720p-led-smart-roku-tv-32s355__trashed/,1,False,True
B08HRNG8CR,"Arlo Essential Video Doorbell - HD Video, 180Â° View, Night Vision, 2 Way Audio, Direct to Wi-Fi No Hub Needed, Wire Free or Wired, White - AVD2001",video-doorbells,electronics;video-doorbells,79.99,https://m.media-amazon.com/images/I/31CjD7x16NL.jpg,https://techwhizmart.com/product/arlo-essential-wire-free-video-doorbell-hd-video-180-view-night-vision-2-way-audio-direct-to-wi-fi-no-hub-needed-wire-free-or-wired-white-avd2001__trashed/,1,False,True
B08JNB9C2L,"Arlo Essential Wired Video Doorbell - HD Video, 180 degrees View, Night Vision, 2 Way Audio, Direct to Wi-Fi No Hub Needed, Wired, White (Renewed)",video-doorbells,electronics;video-doorbells,69.99,https://m.media-amazon.com/images/I/21V-hjZWrsL.jpg,https://techwhizmart.com/product/arlo-essential-wired-video-doorbell-hd-video-180-view-night-vision-2-way-audio-direct-to-wi-fi-no-hub-needed-wired-white-avd1001-renewed__trashed/,1,False,True
B07YMV9VMT,"Arlo Essential Wired Video Doorbell - HD Video, 180Â° View, Night Vision, 2 Way Audio, DIY Installation (wiring required), Security Camera, Doorbell Camera, Home Security Cameras, White - AVD1001",video-doorbells,electronics;video-doorbells,49.99,https://m.media-amazon.com/images/I/31y+A1V0ohL.jpg,https://techwhizmart.com/product/arlo-essential-wired-video-doorbell-hd-video-180-view-night-vision-2-way-audio-direct-to-wi-fi-no-hub-needed-easy-installation-existing-doorbell-wiring-required-white-avd1001__trashed/,1,False,True
B0B27PDTRX,"EKEN Doorbell Camera Wireless, Wi-Fi Video Doorbell Camera with Human Detection, Indoor Chime Included, Cloud Storage, 2…",video-doorbells,electronics;video-doorbells,45.99,https://m.media-amazon.com/images/I/31ZkvziTtPL.jpg,https://techwhizmart.com/product/eken-doorbell-camera-wireless-wi-fi-video-doorbell-camera-with-human-detection-indoor-chime-included-cloud-storage-2-way-audio-real-time-alerts-night-vision-battery-powered-easy-installation__trashed/,1,False,True
B0B7WP9BDS,"EKEN Doorbell Camera Wireless, WiFi Video Doorbell with Chime, 2 Way Audio, Human and Motion Detection, Night Vision…",video-doorbells,electronics;video-doorbells,45.99,https://m.media-amazon.com/images/I/41DfeT4xUZL.jpg,https://techwhizmart.com/product/eken-doorbell-camera-wireless-wifi-video-doorbell-with-chime-2-way-audio-human-and-motion-detection-night-vision-cloud-storage-real-time-alert-for-home-2022-updated__trashed/,1,False,True
B09FCLPLWX,Google Nest Doorbell (Battery) - Ash,video-doorbells,electronics;video-doorbells,162.00,https://m.media-amazon.com/images/I/2152g9UZJoL.jpg,https://techwhizmart.com/product/google-nest-doorbell-battery-wireless-doorbell-camera-video-doorbell-ash__trashed/,1,False,True
B0BCWH37DZ,"MUBVIEW Doorbell Camera Wireless with Chime, Video Doorbell - No Subscription, Voice Changer, Motion Zones, 1080HD, PIR Human Detection, 2.4Ghz WiFi, Battery-Powered Smart Doorbell",video-doorbells,electronics;video-doorbells,59.99,https://m.media-amazon.com/images/I/41QAlbcxhhL.jpg,https://techwhizmart.com/product/mubview-doorbell-camera-with-chime-video-doorbell-wireless-with-motion-zones-customization-voice-changer-pir-human-detection-no-monthly-fees-battery-powered-smart-wifi-doorbell__trashed/,1,False,True
B09JF9RJG3,"Wyze Wireless Video Doorbell Pro (Chime Included), 1440 HD Video, 1:1 Aspect Ratio: 1:1 Head-to-Toe View, 2-Way Audio, Night Vision",video-doorbells,electronics;video-doorbells,89.98,https://m.media-amazon.com/images/I/31-PLybi49L.jpg,https://techwhizmart.com/product/wyze-wireless-video-doorbell-pro-chime-included-1440-hd-video-11-aspect-ratio-11-head-to-toe-view-2-way-audio-night-vision__trashed/,1,False,True
B08DXD8LSR,"eufy Security Battery Video Doorbell C210 Kit, 1080p, No Subscription, Wi-Fi, 120-Day Battery Life, AI Detection, 2-Way Audio, Remote Monitoring",video-doorbells,electronics;video-doorbells,99.99,https://m.media-amazon.com/images/I/31YTpJhPBjL.jpg,https://techwhizmart.com/product/eufy-security-battery-video-doorbell-kit-wire-free-doorbell-free-wireless-chime-wi-fi-connectivity-1080p-grade-resolution-no-monthly-fees-120-day-battery-ai-detection-2-way-audio__trashed/,1,False,True
B099RX62SC,"eufy Security Video Doorbell Dual Camera, 2K HD, Wireless, Battery-Powered, HomeBase, Dual Motion Detection, Smart Recognition, No Monthly Fee, 16GB Storage",video-doorbells,electronics;video-doorbells,259.99,https://m.media-amazon.com/images/I/31Qrek9xd6L.jpg,https://techwhizmart.com/product/eufy-security-video-doorbell-dual-camera-battery-powered-with-homebase-wireless-doorbell-camera-dual-motion-and-package-detection-2k-hd-family-recognition-no-monthly-fee-16gb-local-storage__trashed/,1,False,True
B07R3WY95C,"eufy Security, Wi-Fi Doorbell Camera, 2K Resolution, No Monthly Fees, Local Storage, Human Detection, with Wireless ChimeâRequires Existing Doorbell Wires and Installation Experience, 16-24 VAC, 30 VA",video-doorbells,electronics;video-doorbells,99.99,https://m.media-amazon.com/images/I/31aTh2ZOC0L.jpg,https://techwhizmart.com/product/eufy-security-wi-fi-video-doorbell-2k-resolution-no-monthly-fees-local-storage-human-detection-with-wi-fi-chime-requires-existing-doorbell-wires-and-installation-experience-16-24-vac-3__trashed/,1,False,True
B08H8X48X9,"Abacus Brands Bill Nye's VR Science Kit - Virtual Reality Kids Science Kit, Book and Interactive STEM Learning Activity Set (Full Version - Includes Goggles) - for Ages 8 and Up",vr,consoles-and-vr;vr,49.99,https://m.media-amazon.com/images/I/514zcIOrYIL.jpg,https://techwhizmart.com/product/bill-nyes-vr-science-kit-virtual-reality-kids-science-kit-book-and-interactive-stem-learning-activity-set-full-version-includes-goggles-for-ages-8-and-up/,1,True,False
B0BGW1GCPZ,"Abacus Brands Virtual Reality 4 in 1 Deluxe VR Lab - Illustrated Interactive VR Book and STEM Learning Activity Set (Solar System, Dino-Dig, Crystal and Volcano) - for Ages 8 and Up",vr,consoles-and-vr;vr,37.79,https://m.media-amazon.com/images/I/51MKkafmC6L.jpg,https://techwhizmart.com/product/virtual-reality-4-in-1-deluxe-vr-lab-illustrated-interactive-vr-book-and-stem-learning-activity-set-solar-system-dino-dig-crystal-and-volcano-for-ages-8-and-up/,1,True,False
B09JZHPQ5M,Abacus Brands Virtual Reality Dinosaurs Gift Box - Illustrated Interactive VR Book and STEM Learning Activity Set - for Ages 8 and Up,vr,consoles-and-vr;vr,42.49,https://m.media-amazon.com/images/I/41CGTJj7gML.jpg,https://techwhizmart.com/product/virtual-reality-dinosaurs-gift-box-illustrated-interactive-vr-book-and-stem-learning-activity-set-for-ages-8-and-up/,1,True,False
B09JHYY2FH,Abacus Brands Virtual Reality World Atlas Gift Box - Illustrated Interactive VR Atlas and STEM Learning Activity Set - for Ages 8 and Up,vr,consoles-and-vr;vr,42.49,https://m.media-amazon.com/images/I/519a9PO8heL.jpg,https://techwhizmart.com/product/virtual-reality-world-atlas-gift-box-illustrated-interactive-vr-atlas-and-stem-learning-activity-set-for-ages-8-and-up/,1,True,False
B0DJR41MSF,Auto-Clamping Charging Dock for Meta Quest 3 and Accessories Controllers,vr,consoles-and-vr;vr,55.99,https://m.media-amazon.com/images/I/41Pib4ewtdL.jpg,https://techwhizmart.com/product/auto-clamping-charging-dock-for-meta-quest-3-and-accessories-controllers/,1,True,False
B0DKXLZRNF,"Charging Dock for Meta Quest 2, Dxldfks Auto-Clamping Docking Station for Oculus Quest 2 with LED Light Display, 2 Rechargeable Batteries, 2 Controller Battery Cover and USB-C Charger",vr,consoles-and-vr;vr,49.99,https://m.media-amazon.com/images/I/41OQZcI6NaL.jpg,https://techwhizmart.com/product/charging-dock-for-meta-quest-2-dxldfks-auto-clamping-docking-station-for-oculus-quest-2-with-led-light-display-2-rechargeable-batteries-2-controller-battery-cover-and-usb-c-charger/,1,True,False
B01C2PA0KK,"Google Cardboard,Topmaxions 3D VR Virtual Reality DIY VR Headset for 3D Movies and Games Compatible with Android & Apple Up to 6 Inch Easy Setup Machine",vr,consoles-and-vr;vr,9.45,https://m.media-amazon.com/images/I/417cgVYmYbL.jpg,https://techwhizmart.com/product/google-cardboardtopmaxions-3d-vr-virtual-reality-diy-vr-headset-for-3d-movies-and-games-compatible-with-android-apple-up-to-6-inch-easy-setup-machine/,1,True,False
B0CL94J3NW,Head Strap for quest 3 VR Accessories Comfort and Pressure-Free Elite Strap Replacement Enhanced Support Suitable for Children and Adults,vr,consoles-and-vr;vr,16.99,https://m.media-amazon.com/images/I/41Yi-PX1hYL.jpg,https://techwhizmart.com/product/head-strap-for-quest-3-vr-accessories-comfort-and-pressure-free-elite-strap-replacement-enhanced-support-suitable-for-children-and-adults/,1,True,False
B0DFXW7JTN,"KIWI design G4 Pro Upgraded Controller Grips Protector Compatible with Oculus/Meta Quest 3/3S, Non-Slip Handle Cover with Battery Opening, Accessories Made for Meta",vr,consoles-and-vr;vr,34.99,https://m.media-amazon.com/images/I/414ldu2T9zL.jpg,https://techwhizmart.com/product/kiwi-design-g4-pro-upgraded-controller-grips-protector-compatible-with-oculus-meta-quest-3-3s-non-slip-handle-cover-with-battery-opening-accessories-made-for-meta/,1,True,False
B0D3TGPT5F,"KIWI design K4 Comfort Head Strap Accessories for Meta/Oculus Quest 3/3S, Non-Battery Lightweight Head Strap",vr,consoles-and-vr;vr,29.99,https://m.media-amazon.com/images/I/31Fqdkh2I4L.jpg,https://techwhizmart.com/product/kiwi-design-k4-comfort-head-strap-accessories-for-meta-oculus-quest-3-3s-non-battery-lightweight-head-strap/,1,True,False
B09B8DQ26F,Meta Quest 2 â Advanced All-In-One Virtual Reality Headset â 256 GB,vr,consoles-and-vr;vr,351.00,https://m.media-amazon.com/images/I/31lZgp8PYbL.jpg,https://techwhizmart.com/product/meta-quest-2-advanced-all-in-one-virtual-reality-headset-256-gb__trashed/,1,False,True
B0DLGBZSPT,PAIYULE Case Compatible with Meta Quest 3/ for Oculus Quest 3S Virtual Reality Headset Elite Strap Storage Holder for Touch Controller Power Adapter Accessories for Travel-Grey(Box only),vr,consoles-and-vr;vr,35.99,https://m.media-amazon.com/images/I/41Dl1bysYIL.jpg,https://techwhizmart.com/product/paiyule-case-compatible-with-meta-quest-3-for-oculus-quest-3s-virtual-reality-headset-elite-strap-storage-holder-for-touch-controller-power-adapter-accessories-for-travel-greybox-only/,1,True,False
B08NRGF2DL,PlayStation VR Marvel's Iron Man VR Bundle,vr,consoles-and-vr;vr,339.00,https://m.media-amazon.com/images/I/31O4LuMLgXL.jpg,https://techwhizmart.com/product/playstation-vr-marvels-iron-man-vr-bundle__trashed/,1,False,True
B09RZP244Q,"PlayerO Play-Station VR Marvel's Iron Man VR Bundle: Headset, Camera, 2 Move Motion Controllers, Digital Code for PS-4 PS-5, White",vr,consoles-and-vr;vr,434.41,https://m.media-amazon.com/images/I/31pMr4jRWsL.jpg,https://techwhizmart.com/product/playero-play-station-vr-marvels-iron-man-vr-bundle-play-station-vr-headset-camera-2-move-motion-controllers-marvels-iron-man-vr-digital-code-for-ps-4-ps-5-white__trashed/,1,False,True
B0D1Z3WTZX,"Professor Maxwell's VR Dinosaurs - Virtual Reality Kids Science Kit, Book and Interactive STEM Learning Activity Set (New Edition) - for Ages 7 and Up",vr,consoles-and-vr;vr,42.49,https://m.media-amazon.com/images/I/510KehR7h1L.jpg,https://techwhizmart.com/product/professor-maxwells-vr-dinosaurs-virtual-reality-kids-science-kit-book-and-interactive-stem-learning-activity-set-new-edition-for-ages-7-and-up/,1,True,False
B09TP45JWH,"RPlay Play-Station VR Marvel's Iron Man VR Bundle: Play-Station VR Headset, Camera, 2 Move Motion Controllers and Marvel's Iron Man VR Digital Code - ACBLI USW HDMI_Cable",vr,consoles-and-vr;vr,448.00,https://m.media-amazon.com/images/I/31pMr4jRWsL.jpg,https://techwhizmart.com/product/rplay-play-station-vr-marvels-iron-man-vr-bundle-play-station-vr-headset-camera-2-move-motion-controllers-and-marvels-iron-man-vr-digital-code-acbli-usw-hdmi_cable__trashed/,1,False,True
B08RCQX7BC,"SINWEVR Adjustable Head Strap Compatible with Quest 2 VR Headset, Elite Strap Replacement for Enhanced Support and Comfort VR",vr,consoles-and-vr;vr,25.99,https://m.media-amazon.com/images/I/31+K8RNTCHL.jpg,https://techwhizmart.com/product/adjustable-head-strap-compatible-with-quest-2-vr-headset-elite-strap-replacement-for-enhanced-support-and-comfort-vr/,1,True,False
B082BDJJMS,Sony PlayStation VR & Gran Turismo Sport Bundle CUH-ZVR2-GT (Renewed,vr,consoles-and-vr;vr,211.34,https://m.media-amazon.com/images/I/410EJGaeBzL.jpg,https://techwhizmart.com/product/sony-playstation-vr-gran-turismo-sport-bundle-cuh-zvr2-gt-renewed__trashed/,1,False,True
B0D83M4G6B,"V5 VR Headset for Phone,3D Glasses Headset Helmets Virtual Reality Headset with Bluetooth Controller,Adjustable Pupil Distance VR Goggles for Movies Games,4.7-6â Screen",vr,consoles-and-vr;vr,14.99,https://m.media-amazon.com/images/I/31T6yliRFxL.jpg,https://techwhizmart.com/product/v5-vr-headset-for-phone3d-glasses-headset-helmets-virtual-reality-headset-with-bluetooth-controlleradjustable-pupil-distance-vr-goggles-for-movies-games4-7-6-screen/,1,True,False
B0D3LRH8G4,"VITURE Pro XR/AR Glasses â 135"" 120Hz 1000Nits UltraClarity Display, Harman Audio, Myopia Adjustments, Electrochromic Film, Video Display Glasses for iPhone 16/15/Android/Mac/PC/Steam Deck/Consoles",vr,consoles-and-vr;vr,399.00,https://m.media-amazon.com/images/I/31YTvL1HygL.jpg,https://techwhizmart.com/product/viture-pro-xr-ar-glasses-135-120hz-1000nits-ultraclarity-display-harman-audio-myopia-adjustments-electrochromic-film-video-display-glasses-for-iphone-16-15-android-mac-pc-steam-deck-con/,1,True,False
B0B1NX3PQV,Virtual Reality Human Body Gift Box- Illustrated Interactive VR Book and STEM Learning Activity Set - for Ages 8 and Up,vr,consoles-and-vr;vr,42.49,https://m.media-amazon.com/images/I/41fBrJ+U45L.jpg,https://techwhizmart.com/product/virtual-reality-human-body-gift-box-illustrated-interactive-vr-book-and-stem-learning-activity-set-for-ages-8-and-up/,1,True,False
B0CRZ9GPGY,"2 PCS LED Armband Rechargeable for Running Walking Cycling, 2024 Version Light Up Armbands for Runners, Running Lights, High Visibility Reflective Running Gear Adjustable for Men Women Kids",wearable-gadgets,wearable-gadgets,6.99,https://m.media-amazon.com/images/I/41E98MWGHPL.jpg,https://techwhizmart.com/product/2-pcs-led-armband-rechargeable-for-running-walking-cycling-2024-version-light-up-armbands-for-runners-running-lights-high-visibility-reflective-running-gear-adjustable-for-men-women-kids/,1,True,False
B0D62ZNG1J,"2PCS Reusable to Do List Wrist, 9.4""X 1.8"" Wearable Slap Bracelet Memo Notepad with Ruler, Waterproof Silicone Erasable to Do List Bracelet with Pen and Eraser for Work Reminder",wearable-gadgets,wearable-gadgets,6.99,https://m.media-amazon.com/images/I/312L1Q9JstL.jpg,https://techwhizmart.com/product/2pcs-reusable-to-do-list-wrist-9-4x-1-8-wearable-slap-bracelet-memo-notepad-with-ruler-waterproof-silicone-erasable-to-do-list-bracelet-with-pen-and-eraser-for-work-reminder/,1,True,False
B0D2GSHL8B,"Bluetooth Speaker for Dewalt 20V Max Li-ion Battery, Portable Speaker with 25W Tweeters, TWS Pairing, USB-A/C Port, Wireless Speaker for Garage Outdoor(Battery Not Included)",wearable-gadgets,wearable-gadgets,22.99,https://m.media-amazon.com/images/I/51cJ5z+KXsL.jpg,https://techwhizmart.com/product/bluetooth-speaker-for-dewalt-20v-max-li-ion-battery-portable-speaker-with-25w-tweeters-tws-pairing-usb-a-c-port-wireless-speaker-for-garage-outdoorbattery-not-included/,1,True,False
B0062S0TR8,JLab JBuds Frames Wireless Open-Ear Audio for Your Glasses | 8-hour Bluetooth Playtime,wearable-gadgets,wearable-gadgets,12.79,https://m.media-amazon.com/images/I/31MsEQfMv8L.jpg,https://techwhizmart.com/product/jlab-jbuds-frames-wireless-open-ear-audio-for-your-glasses-8-hour-bluetooth-playtime/,1,True,False
B013QV0MYS,"Luwint Head Umbrella Hat, Compact Folding Hands Free Hat Umbrella for Adults Rain Sun Protection Gardening Fishing Hiking Beach Costume, 36 Inch",wearable-gadgets,wearable-gadgets,9.99,https://m.media-amazon.com/images/I/41pWJ33l6tL.jpg,https://techwhizmart.com/product/luwint-head-umbrella-hat-compact-folding-hands-free-hat-umbrella-for-adults-rain-sun-protection-gardening-fishing-hiking-beach-costume-36-inch/,1,True,False
B01AXU2EJG,MOJO Bluetooth Wireless Laser Projection Virtual Keyboard Portable Full-Size Keypad,wearable-gadgets,wearable-gadgets,39.99,https://m.media-amazon.com/images/I/41u4Cm9C4KL.jpg,https://techwhizmart.com/product/mojo-bluetooth-wireless-laser-projection-virtual-keyboard-portable-full-size-keypad/,1,True,False
B0DDKXH9C5,"MOOSEA Valentines Day Gifts for Her - S925 Sterling Silver Moissanite Heart Necklace 1-3 ct D Color VVS1 Clarity, Gifts for Wife Anniversary Valentines Birthday Gifts for Wife Women",wearable-gadgets,wearable-gadgets,99.99,https://m.media-amazon.com/images/I/51splWEVkCL.jpg,https://techwhizmart.com/product/moosea-valentines-day-gifts-for-her-s925-sterling-silver-moissanite-heart-necklace-1-3-ct-d-color-vvs1-clarity-gifts-for-wife-anniversary-valentines-birthday-gifts-for-wife-women/,1,True,False
B01E94C1PO,"ORIDECOR Upgraded Wearable Waterproof Wireless Wrist Portable Sports Bluetooth Speaker Watch with Multi Function MP3 Player & FM Radio & Selfie & Ultra Long Standby Time for Running, Hiking, Climbing",wearable-gadgets,wearable-gadgets,20.59,https://m.media-amazon.com/images/I/41820rBnRoL.jpg,https://techwhizmart.com/product/upgraded-wearable-waterproof-wireless-wrist-portable-sports-bluetooth-speaker-watch-with-multi-function-mp3-player-fm-radio-selfie-ultra-long-standby-time-for-running-hiking-climbing/,1,True,False
B09DCTQ9NN,TOODOO 2 Pairs LED Visor Glasses 7 Colors Futuristic Glasses Light up Punk Accessories for Rave Party Costume,wearable-gadgets,wearable-gadgets,16.99,https://m.media-amazon.com/images/I/51371Bv3UlL.jpg,https://techwhizmart.com/product/toodoo-2-pairs-led-visor-glasses-7-colors-futuristic-glasses-light-up-punk-accessories-for-rave-party-costume/,1,True,False
B0DHNG4DL8,"WOLFBOX MF100 Electric Air Duster-150000RPM Super Power Cordless Air Duster, Rechargeable Brushless Motor Durable Blower, 3-Gear Adjustable Dust Blower for Computer, Keyboard, Outdoor, House and Car",wearable-gadgets,wearable-gadgets,89.99,https://m.media-amazon.com/images/I/41lysy68oaL.jpg,https://techwhizmart.com/product/wolfbox-mf100-electric-air-duster-150000rpm-super-power-cordless-air-duster-rechargeable-brushless-motor-durable-blower-3-gear-adjustable-dust-blower-for-computer-keyboard-outdoor-house-and-car/,1,True,False
B0DBRFDMD6,"Wearable Bluetooth 5.4 Speaker with Up to 30 Hours Battery Life, Clip-On Speaker, IPX6 Wateproof, Built-in Noise Cancelling Mic for Crystal Clear Calls Premium Audio",wearable-gadgets,wearable-gadgets,29.99,https://m.media-amazon.com/images/I/418y+kqNsFL.jpg,https://techwhizmart.com/product/wearable-bluetooth-5-4-speaker-with-up-to-30-hours-battery-life-clip-on-speaker-ipx6-wateproof-built-in-noise-cancelling-mic-for-crystal-clear-calls-premium-audio/,1,True,False
B0DPGGD9SF,"Wearable Bluetooth Speaker, Clip-On Mini Speaker, Wireless Portable Speaker with Built-in Mic, Hands-Free Calls, Gadget Gifts for Construction Workers, Cyclists, Electrician, 5.0W",wearable-gadgets,wearable-gadgets,39.99,https://m.media-amazon.com/images/I/41cVuW+C9mL.jpg,https://techwhizmart.com/product/wearable-bluetooth-speaker-clip-on-mini-speaker-wireless-portable-speaker-with-built-in-mic-hands-free-calls-gadget-gifts-for-construction-workers-cyclists-electrician-5-0w/,1,True,False
B004SSVMP2,"Windy City Novelties Hands-Free 13"" Umbrella Hat â Fun and Functional Headwear for Outdoor Activities",wearable-gadgets,wearable-gadgets,12.99,https://m.media-amazon.com/images/I/41eWCbf7I+L.jpg,https://techwhizmart.com/product/windy-city-novelties-hands-free-13-umbrella-hat-fun-and-functional-headwear-for-outdoor-activities/,1,True,False
B0BTTZVVNC,"ASUS AX3000 WiFi 6 Router (RT-AX57) - Dual Band Gigabit Wireless Internet Router, Gaming & Streaming, AiMesh Compatible, Included Lifetime Internet Security, Parental Control, MU-MIMO, OFDMA",wireless-routers,wireless-routers,88.37,https://m.media-amazon.com/images/I/31i9l5jBnkL.jpg,https://techwhizmart.com/product/asus-ax3000-wifi-6-router-rt-ax57-dual-band-gigabit-wireless-internet-router-gaming-streaming-aimesh-compatible-included-lifetime-internet-security-parental-control-mu-mimo-ofdma/,1,True,False
B09M9477NS,"ASUS RT-AX1800S Dual Band WiFi 6 Extendable Router, Subscription-Free Network Security, Parental Control, Built-in VPN, AiMesh Compatible, Gaming & Streaming, Smart Home",wireless-routers,wireless-routers,68.49,https://m.media-amazon.com/images/I/31X+YDqeQlL.jpg,https://techwhizmart.com/product/asus-rt-ax1800s-dual-band-wifi-6-extendable-router-subscription-free-network-security-parental-control-built-in-vpn-aimesh-compatible-gaming-streaming-smart-home/,1,True,False
B0D969TJSW,"AX1500 WiFi 6 Router Dual Band Wireless Internet Router, Wireless Speed Up to 1.5 Gbps, Full Gigabit Ports, Beamforming, OFDMA, MU-MIMO, Parental Controls, WPA3, EasyMesh",wireless-routers,wireless-routers,42.99,https://m.media-amazon.com/images/I/31bOgm7rSvL.jpg,https://techwhizmart.com/product/ax1500-wifi-6-router-dual-band-wireless-internet-router-wireless-speed-up-to-1-5-gbps-full-gigabit-ports-beamforming-ofdma-mu-mimo-parental-controls-wpa3-easymesh/,1,True,False
B085WS7H6K,"Amazon eero 6 mesh wifi system - Supports internet plans up to 500 Mbps, Coverage up to 3,000 sq. ft., Connect 75+ devices, 2-pack (1 router + 1 extender)",wireless-routers,wireless-routers,114.99,https://m.media-amazon.com/images/I/41lWTJGaAVL.jpg,https://techwhizmart.com/product/amazon-eero-6-mesh-wifi-system-supports-internet-plans-up-to-500-mbps-coverage-up-to-3000-sq-ft-connect-75-devices-2-pack-1-router-1-extender/,1,True,False
B0BRK3CYY3,"Cudy AX3000 WiFi 6 Router – 802.11ax Wireless Router, Gigabit, Dual Band Internet Router, VPN Router, MU-MIMO, WireGuard, Cudy Mesh Compatible WR3000",wireless-routers,wireless-routers,59.90,https://m.media-amazon.com/images/I/415-EcN0wbL.jpg,https://techwhizmart.com/product/cudy-ax3000-wifi-6-router-802-11ax-wireless-router-gigabit-dual-band-internet-router-vpn-router-mu-mimo-wireguard-cudy-mesh-compatible-wr3000/,1,True,False
B0DKHLSS95,"Cudy BE3600 Dual-Band Wi-Fi 7 Router, Lightning-Fast Speeds, 2.5G Multi-Gig Connectivity, Far-Reaching Coverage, Smooth and Stable, WR3600H",wireless-routers,wireless-routers,99.90,https://m.media-amazon.com/images/I/41RnJN0G0OL.jpg,https://techwhizmart.com/product/cudy-be3600-dual-band-wi-fi-7-router-lightning-fast-speeds-2-5g-multi-gig-connectivity-far-reaching-coverage-smooth-and-stable-wr3600h/,1,True,False
B0DDT6CGSR,"Cudy BE3600 WiFi 7 Gigabit 4 Stream Dual Band Router WR3600 MU-MIMO High Gain Antennas VPN Clients & Server, Cloud Control, Cudy APP",wireless-routers,wireless-routers,89.90,https://m.media-amazon.com/images/I/31rYjtuhwwL.jpg,https://techwhizmart.com/product/cudy-be3600-wifi-7-gigabit-4-stream-dual-band-router-wr3600-mu-mimo-high-gain-antennas-vpn-clients-server-cloud-control-cudy-app/,1,True,False
B0DP2P34F4,"Cudy Dual Band BE3600 Wi-Fi 7 Router WR3600E 4 Gigabit Ports, 2.0 GHz Quad Core, 4 Antennas VPN Clients & Server, Cudy APP, Cloud Control",wireless-routers,wireless-routers,79.90,https://m.media-amazon.com/images/I/31uBoAoQviL.jpg,https://techwhizmart.com/product/cudy-dual-band-be3600-wi-fi-7-router-wr3600e-4-gigabit-ports-2-0-ghz-quad-core-4-antennas-vpn-clients-server-cudy-app-cloud-control/,1,True,False
B0B2J7WSDK,"GL.iNet GL-AXT1800(Slate AX) Portable Gigabit Travel Router, Pocket-Sized, Wi-Fi 6, Extender/Repeater for Hotel&Public Network Storage, VPN Client&Server, OpenWrt, Adguard Home, USB3.0, TF Card Slot",wireless-routers,wireless-routers,112.90,https://m.media-amazon.com/images/I/31br3NiZvgL.jpg,https://techwhizmart.com/product/gl-inet-gl-axt1800slate-ax-portable-gigabit-travel-router-pocket-sized-wi-fi-6-extender-repeater-for-hotelpublic-network-storage-vpn-clientserver-openwrt-adguard-home-usb3-0-tf-card-slot/,1,True,False
B0D4753HRX,"Gaming Router WiFi 6 for PC & Consoles PS5, PS4, Xbox, Switch, etc |Free 1-Year GearUP Console Booster | Internet Booster for WiFi Gaming| 2402Mbps, 5GHz & 2.4GHz | WiFi & Ethernet",wireless-routers,wireless-routers,83.00,https://m.media-amazon.com/images/I/31kIV04BP4L.jpg,https://techwhizmart.com/product/gaming-router-wifi-6-for-pc-consoles-ps5-ps4-xbox-switch-etc-free-1-year-gearup-console-booster-internet-booster-for-wifi-gaming-2402mbps-5ghz-2-4ghz-wifi-ethernet/,1,True,False
B08J2F6732,"Linksys AC3000 Smart Mesh Wi-Fi Router for Home Networks, MU-MIMO Tri-band Wireless Gigabit Mesh Router, Fast Speeds of up to 3.0 Gbps, Coverage of up to 3,000 Sq Ft, Up to 25 Devices MR9000 (Renewed)",wireless-routers,wireless-routers,58.00,https://m.media-amazon.com/images/I/41v6dbvr29L.jpg,https://techwhizmart.com/product/linksys-ac3000-smart-mesh-wi-fi-router-for-home-networks-mu-mimo-tri-band-wireless-gigabit-mesh-router-fast-speeds-of-up-to-3-0-gbps-coverage-of-up-to-3000-sq-ft-up-to-25-devices-mr9000-renewed/,1,True,False
B01JOXW58I,"Linksys EA7300 Max-Stream: AC1750 Dual-Band Wi-Fi Router, Gigabit Ethernet Ports, 1,500 square-foot Range, 10 Devices, MU-MIMO (Black)",wireless-routers,wireless-routers,89.95,https://m.media-amazon.com/images/I/413NbZgrvlL.jpg,https://techwhizmart.com/product/linksys-ea7300-max-stream-ac1750-dual-band-wi-fi-router-gigabit-ethernet-ports-1500-square-foot-range-10-devices-mu-mimo-black/,1,True,False
B0897ZCBPF,"Linksys Mesh Wifi 6 Router, Dual-Band, 1,700 Sq. ft Coverage, 25+ Devices, Speeds up to (AX1800) 1.8Gbps - MR7350",wireless-routers,wireless-routers,104.99,https://m.media-amazon.com/images/I/31IZtzKukzL.jpg,https://techwhizmart.com/product/linksys-mesh-wifi-6-router-dual-band-1700-sq-ft-coverage-25-devices-speeds-up-to-ax1800-1-8gbps-mr7350/,1,True,False
B0D9671WJY,"N300 WiFi Router 2.4G Easy Setup Wireless Internet Network Router, Supports Access Point, WISP, Up to 300Mbps for Home and Office",wireless-routers,wireless-routers,21.99,https://m.media-amazon.com/images/I/21MxJC2tmxL.jpg,https://techwhizmart.com/product/n300-wifi-router-2-4g-easy-setup-wireless-internet-network-router-supports-access-point-wisp-up-to-300mbps-for-home-and-office/,1,True,False
B07P3FGKYD,"NETGEAR Nighthawk WiFi 6 Router (RAX120) 12-Stream Dual-Band Gigabit Router, AX6000 Wireless Speed (Up to 6 Gbps), Coverage Up to 3,500 sq.ft. and 30 Devices",wireless-routers,wireless-routers,209.99,https://m.media-amazon.com/images/I/31kmLBEwVhL.jpg,https://techwhizmart.com/product/netgear-nighthawk-wifi-6-router-rax120-12-stream-dual-band-gigabit-router-ax6000-wireless-speed-up-to-6-gbps-coverage-up-to-3500-sq-ft-and-30-devices/,1,True,False
B0BNPM113G,NETGEAR RAX10-100NAR 4-Stream AX1800 Dual-Band WiFi 6 Router - Certified Refurbished,wireless-routers,wireless-routers,29.99,https://m.media-amazon.com/images/I/31lMUwDfK4L.jpg,https://techwhizmart.com/product/netgear-rax10-100nar-4-stream-ax1800-dual-band-wifi-6-router-certified-refurbished/,1,True,False
B0BQX395D1,TP-Link Archer C54 | AC1200 MU-MIMO Dual-Band WiFi Router| Works with All Home Internet Providers (Renewed) Black,wireless-routers,wireless-routers,19.99,https://m.media-amazon.com/images/I/31lDETIRvsL.jpg,https://techwhizmart.com/product/tp-link-archer-c54-ac1200-mu-mimo-dual-band-wifi-router-works-with-all-home-internet-providers-renewed-black/,1,True,False
B001FWYGJS,"TP-Link N300 Wireless Extender, Wi-Fi Router (TL-WR841N) - 2 x 5dBi High Power Antennas, Supports Access Point, WISP, Up to 300Mbps",wireless-routers,wireless-routers,19.99,https://m.media-amazon.com/images/I/31cwRtVQSqL.jpg,https://techwhizmart.com/product/tp-link-n300-wireless-extender-wi-fi-router-tl-wr841n-2-x-5dbi-high-power-antennas-supports-access-point-wisp-up-to-300mbps/,1,True,False
B08JLGNN2K,"TP-Link Wifi 6 AX1500 Smart WiFi Router (Archer AX10) 802.11ax Router, Dual Band AX Router,Beamforming,OFDMA, MU-MIMO, Parental Controls, Works with Alexa (Renewed)",wireless-routers,wireless-routers,47.75,https://m.media-amazon.com/images/I/41iABpVAefL.jpg,https://techwhizmart.com/product/tp-link-wifi-6-ax1500-smart-wifi-router-archer-ax10-802-11ax-router-dual-band-ax-routerbeamformingofdma-mu-mimo-parental-controls-works-with-alexa-renewed/,1,True,False
B0DHG2Z8YG,"UeeVii CPE450 Wireless Bridge and WR3000K WiFi Router Kit, 5.8G 3KM Point to Point Wireless Bridge Outdoor to Shop Barn Garage Building Network Kit Solution, Outdoor WiFi Bridge(2PCS), Plug and Play",wireless-routers,wireless-routers,179.99,https://m.media-amazon.com/images/I/41lYSBNoVfL.jpg,https://techwhizmart.com/product/ueevii-cpe450-wireless-bridge-and-wr3000k-wifi-router-kit-5-8g-3km-point-to-point-wireless-bridge-outdoor-to-shop-barn-garage-building-network-kit-solution-outdoor-wifi-bridge2pcs-plug-and-play/,1,True,False
B0DJX4RPHZ,"WAVLINK AX1800 Outdoor WiFi 6 Extender Long Range, WiFi 6 Outdoor Wireless Access Point, Support Active PoE, 4x8dBi Antennas,Outdoor WiFi Solution,IP67,Up to 128 Devices for Farm,Yard,RV,Campsite,Park",wireless-routers,wireless-routers,189.99,https://m.media-amazon.com/images/I/31uSczBrfxL.jpg,https://techwhizmart.com/product/wavlink-ax1800-outdoor-wifi-6-extender-long-range-wifi-6-outdoor-wireless-access-point-support-active-poe-4x8dbi-antennasoutdoor-wifi-solutionip67up-to-128-devices-for-farmyardrvcampsitepark/,1,True,False
B074WPGYRF,"Microsoft Xbox One X 1Tb Console With Wireless Controller: Xbox One X Enhanced, Hdr, Native 4K, Ultra Hd (Discontinued)",xbox,consoles-and-vr;xbox,646.94,https://m.media-amazon.com/images/I/41szzldgEjL.jpg,https://techwhizmart.com/product/microsoft-xbox-one-x-1tb-console-with-wireless-controller-xbox-one-x-enhanced-hdr-native-4k-ultra-hd-discontinued__trashed/,1,False,True
B08Z5BSJRT,Venom Multi-Colour LED Light-up Console Stand (Xbox Series X),xbox,consoles-and-vr;xbox,30.20,https://m.media-amazon.com/images/I/31Mygz-4fXL.jpg,https://techwhizmart.com/product/venom-multi-colour-led-light-up-console-stand-xbox-series-x-xbox-series-x__trashed/,1,False,True
B07BHR83RX,Xbox One S 500GB Console (Renewed),xbox,consoles-and-vr;xbox,219.99,https://m.media-amazon.com/images/I/41j+aaW9KpL.jpg,https://techwhizmart.com/product/xbox-one-s-500gb-console-renewed__trashed/,1,False,True
B06WGVD4RN,Xbox One S 500GB Console (Renewed) [video game],xbox,consoles-and-vr;xbox,214.99,https://m.media-amazon.com/images/I/51afUUX8D+L.jpg,https://techwhizmart.com/product/xbox-one-s-500gb-console-renewed-video-game__trashed/,1,False,True
B07YD5ZBTW,Xbox One X 1TB Console - Star Wars Jedi: Fallen Order Bundle [DISCONTINUED],xbox,consoles-and-vr;xbox,689.00,https://m.media-amazon.com/images/I/41Xh6knZBEL.jpg,https://techwhizmart.com/product/xbox-one-x-1tb-console-star-wars-jedi-fallen-order-bundle-discontinued__trashed/,1,False,True
B09H73LTM6,Xbox Series S Fortnite and Rocket League Bundle - Includes Xbox Wireless Controller - Includes Fortnite & Rocket League Downloads - 10GB RAM 512GB SSD - Up to 120 frames per second - Experience hi,xbox,consoles-and-vr;xbox,399.00,https://m.media-amazon.com/images/I/51Pwm49phyL.jpg,https://techwhizmart.com/product/xbox-series-s-fortnite-rocket-league-bundle__trashed/,1,False,True
