source,target,regex,code
/best-experimental-fiction/,,0,410
/best-selling-cyberpunk-novels-in-2026/,,0,410
/best-selling-alternative-science-fiction-novels-in-2025/,,0,410
/best-selling-humorous-science-fiction-novels-in-2025/,,0,410
/top-psychological-horror-novels-2/,,0,410
/best-selling-space-opera-novels-in-2025/,,0,410
/best-selling-military-science-fiction-novels-in-2026/,,0,410
/best-selling-humorous-science-fiction-novels-in-2026/,,0,410
/best-selling-horror-suspense-novels-in-2026/,,0,410
/best-selling-first-contact-science-fiction-novels-in-2026/,,0,410
/best-alien-invasion-science-fiction-novels/,,0,410
/best-selling-anthologies-short-stories-science-fiction-novels-in-2025/,,0,410
/best-selling-first-contact-science-fiction-novels-in-2025/,,0,410
/best-selling-metaphysical-visionary-science-fiction-novels-in-2025/,,0,410
/best-selling-time-travel-science-fiction-novels-in-2025/,,0,410
/best-steampunk-science-fiction-novels-in-2025/,,0,410
/best-fantasy-ya-novels/,,0,410
/dystopian-ya-novels-2000s/,,0,410
/best-military-science-fiction-novels/,,0,410
/best-crime-novels-set-in-las-vegas/,/author-guides/,0,301
/best-crime-novels-set-in-detroit/,/author-guides/,0,301
/best-crime-novels-set-in-baltimore/,/author-guides/,0,301
/best-crime-novels-set-in-atlanta/,/author-guides/,0,301
/best-selling-cult-thriller-novels-in-2026/,/author-guides/,0,301
/best-selling-stalker-thriller-novels-in-2026/,/author-guides/,0,301
/best-selling-revenge-thriller-novels-in-2026/,/author-guides/,0,301
/best-selling-pharmaceutical-thriller-novels-in-2026/,/author-guides/,0,301
/best-selling-disaster-thriller-novels-in-2026/,/author-guides/,0,301
/best-selling-wilderness-thriller-novels-in-2026/,/author-guides/,0,301
/best-selling-survival-thriller-novels-in-2026/,/author-guides/,0,301
/best-selling-climate-thriller-novels-in-2026/,/author-guides/,0,301
/best-selling-pandemic-thriller-novels-in-2026/,/author-guides/,0,301
/best-selling-biotech-thriller-novels-in-2026/,/author-guides/,0,301
/best-selling-ai-thriller-novels-in-2026/,/author-guides/,0,301
/best-selling-cybercrime-thriller-novels-in-2026/,/author-guides/,0,301
/best-selling-slow-burn-romance-novels-in-2026/,,0,410
/best-selling-fake-dating-romance-novels-in-2026/,,0,410
/best-selling-marriage-of-convenience-romance-novels-in-2026/,,0,410
/best-selling-military-romance-novels-in-2026/,,0,410
/best-selling-cowboy-romance-novels-in-2026/,,0,410
/best-selling-billionaire-romance-novels-in-2026/,,0,410
/best-selling-second-chance-romance-novels-in-2026/,,0,410
/best-selling-friends-to-lovers-romance-novels-in-2026/,,0,410
/best-selling-enemies-to-lovers-romance-novels-in-2026/,,0,410
/best-selling-small-town-romance-novels-in-2026/,,0,410
/best-selling-sports-romance-novels-in-2026/,,0,410
/best-selling-paranormal-romance-novels-in-2026/,,0,410
/best-selling-regency-romance-novels-in-2026/,,0,410
/best-selling-historical-romance-novels-in-2026/,,0,410
/best-selling-contemporary-romance-novels-in-2026/,,0,410
/best-selling-romantic-suspense-novels-in-2026/,/author-guides/,0,301
/best-selling-dark-academia-novels-in-2026/,/author-guides/,0,301
/best-selling-haunted-house-novels-in-2026/,/author-guides/,0,301
/best-selling-ghost-story-novels-in-2026/,/author-guides/,0,301
/best-selling-vampire-fiction-novels-in-2026/,,0,410
/best-selling-gothic-horror-novels-in-2026/,,0,410
/best-selling-folk-horror-novels-in-2026/,,0,410
/best-selling-cosmic-horror-novels-in-2026/,,0,410
/best-selling-climate-fiction-novels-in-2026/,/author-guides/,0,301
/best-selling-steampunk-novels-in-2026/,,0,410
/best-selling-solarpunk-novels-in-2026/,/author-guides/,0,301
/best-selling-cosy-fantasy-novels-in-2026/,,0,410
/best-selling-romantasy-novels-in-2026/,,0,410
/best-selling-women-sleuth-mystery-novels-in-2026/,/author-guides/,0,301
/best-selling-traditional-detective-mystery-novels-in-2026/,/author-guides/,0,301
/best-selling-time-travel-science-fiction-novels-in-2026/,,0,410
/best-selling-terrorism-thriller-novels-in-2026/,/author-guides/,0,301
/best-selling-technothriller-novels-in-2026/,/author-guides/,0,301
/best-selling-space-opera-novels-in-2026/,,0,410
/best-selling-space-exploration-science-fiction-novels-in-2026/,,0,410
/best-selling-science-fiction-novels-in-2026/,,0,410
/best-selling-psychological-suspense-novels-in-2026/,/author-guides/,0,301
/best-selling-private-investigator-mystery-novels-in-2026/,/author-guides/,0,301
/best-selling-post-apocalyptic-science-fiction-novels-in-2026/,,0,410
/best-selling-political-suspense-novels-in-2026/,/author-guides/,0,301
/best-selling-paranormal-suspense-novels-in-2026/,,0,410
/best-selling-organized-crime-thriller-novels-in-2026/,/author-guides/,0,301
/best-selling-occult-suspense-novels-in-2026/,,0,410
/best-selling-noir-crime-thriller-novels-in-2026/,/author-guides/,0,301
/best-selling-mystery-series-fiction-novels-in-2026/,/author-guides/,0,301
/best-selling-murder-thriller-novels-in-2026/,/author-guides/,0,301
/best-selling-metaphysical-visionary-science-fiction-novels-in-2026/,,0,410
/best-selling-lgbtq-mystery-novels-in-2026/,/author-guides/,0,301
/best-selling-lgbtq-fiction-novels-in-2026/,/author-guides/,0,301
/best-selling-kidnapping-crime-thriller-novels-in-2026/,/author-guides/,0,301
/best-selling-international-mystery-crime-novels-in-2026/,/author-guides/,0,301
/best-selling-heist-crime-novels-in-2026/,/author-guides/,0,301
/best-selling-hard-science-fiction-novels-in-2026/,,0,410
/best-selling-hard-boiled-mystery-novels-in-2026/,/author-guides/,0,301
/best-selling-genetic-engineering-science-fiction-novels-in-2026-2/,,0,410
/best-selling-genetic-engineering-science-fiction-novels-in-2026/,,0,410
/best-selling-galactic-empire-science-fiction-novels-in-2026/,,0,410
/best-selling-epic-fantasy-novels-in-2026/,,0,410
/best-selling-dystopian-science-fiction-novels-in-2026/,,0,410
/best-selling-domestic-thriller-novels-in-2026/,/author-guides/,0,301
/best-selling-colonization-science-fiction-novels-in-2026/,,0,410
/best-selling-classic-science-fiction-novels-in-2026/,,0,410
/best-selling-amateur-sleuth-mystery-novels-in-2026/,/author-guides/,0,301
/best-selling-alternative-science-fiction-novels-in-2026/,,0,410
/best-selling-alien-invasion-science-fiction-novels-in-2026/,,0,410
/best-selling-adventure-science-fiction-novels-in-2026/,,0,410
/best-crime-fiction-authors-for-one-sitting-reads/,/author-guides/,0,301
/best-fast-paced-thriller-authors-of-the-modern-era/,/author-guides/,0,301
/best-slow-burn-crime-fiction-authors-worth-reading/,/author-guides/,0,301
/best-irish-crime-fiction-authors-worth-reading/,/author-guides/,0,301
/best-latin-american-crime-fiction-authors-worth-reading/,/author-guides/,0,301
/best-indian-crime-fiction-authors-worth-reading/,/author-guides/,0,301
/best-south-african-crime-fiction-authors-worth-reading/,/author-guides/,0,301
/best-russian-crime-fiction-authors-worth-reading/,/author-guides/,0,301
/best-japanese-crime-fiction-authors-worth-reading/,/author-guides/,0,301
/best-italian-crime-fiction-authors-worth-reading/,/author-guides/,0,301
/best-german-crime-fiction-authors-worth-reading/,/author-guides/,0,301
/best-french-crime-fiction-authors-worth-reading/,/author-guides/,0,301
/best-translated-crime-fiction-authors-worth-reading/,/author-guides/,0,301
/best-bestselling-crime-fiction-authors-of-the-last-decade/,/author-guides/,0,301
/best-davitt-award-winning-australian-crime-authors/,/author-guides/,0,301
/best-ned-kelly-award-winning-crime-authors/,/author-guides/,0,301
/best-booker-prize-crime-fiction-authors-worth-reading/,/author-guides/,0,301
/best-theakston-old-peculier-winning-authors-worth-reading/,/author-guides/,0,301
/best-edgar-award-winning-crime-authors-worth-reading/,/author-guides/,0,301
/best-cwa-dagger-award-winning-authors-worth-reading/,/author-guides/,0,301
/best-pulp-fiction-crime-authors-worth-reading/,/author-guides/,0,301
/best-1960s-spy-fiction-authors-worth-reading/,/author-guides/,0,301
/best-1950s-crime-fiction-authors-worth-reading/,/author-guides/,0,301
/best-1940s-noir-authors-worth-reading/,/author-guides/,0,301
/best-1930s-crime-fiction-authors-worth-reading/,/author-guides/,0,301
/best-1920s-crime-fiction-authors-worth-reading/,/author-guides/,0,301
/best-ancient-egypt-mystery-authors-worth-reading/,/author-guides/,0,301
/best-ancient-rome-mystery-authors-worth-reading/,/author-guides/,0,301
/best-medieval-mystery-authors-worth-reading/,/author-guides/,0,301
/best-tudor-era-mystery-authors-worth-reading/,/author-guides/,0,301
/best-regency-era-mystery-authors-worth-reading/,/author-guides/,0,301
/best-edwardian-era-crime-fiction-authors-worth-reading/,/author-guides/,0,301
/best-1980s-crime-fiction-authors-worth-reading/,/author-guides/,0,301
/best-post-war-crime-fiction-authors-worth-reading/,/author-guides/,0,301
/best-crime-fiction-authors-of-the-golden-age/,/author-guides/,0,301
/best-crime-fiction-authors-of-the-2020s/,/author-guides/,0,301
/best-crime-fiction-authors-of-the-2010s/,/author-guides/,0,301
/best-crime-fiction-authors-of-the-2000s/,/author-guides/,0,301
/best-crime-fiction-authors-of-the-1990s/,/author-guides/,0,301
/best-eco-thriller-authors-of-the-last-twenty-years/,/author-guides/,0,301
/best-folk-horror-crime-authors-worth-reading/,,0,410
/best-occult-thriller-authors-of-the-modern-era/,,0,410
/best-vatican-thriller-authors-worth-reading/,/author-guides/,0,301
/best-religious-thriller-authors-worth-reading/,/author-guides/,0,301
/best-dog-detective-authors-worth-reading/,/author-guides/,0,301
/best-cat-detective-authors-worth-reading/,/author-guides/,0,301
/best-culinary-mystery-authors-worth-reading/,/author-guides/,0,301
/best-bookshop-mystery-authors-worth-reading/,/author-guides/,0,301
/best-village-mystery-authors-worth-reading/,/author-guides/,0,301
/best-cosy-crime-authors-working-today/,/author-guides/,0,301
/best-inverted-mystery-authors-worth-reading/,/author-guides/,0,301
/best-howcatchem-authors-worth-reading/,/author-guides/,0,301
/best-whodunit-authors-worth-reading/,/author-guides/,0,301
/best-closed-circle-mystery-authors-of-the-modern-era/,/author-guides/,0,301
/best-locked-room-mystery-authors-worth-reading/,/author-guides/,0,301
/best-wilderness-thriller-authors-worth-reading/,/author-guides/,0,301
/best-survival-thriller-authors-of-the-modern-era/,/author-guides/,0,301
/best-disaster-thriller-authors-worth-reading/,/author-guides/,0,301
/best-pandemic-thriller-authors-worth-reading/,/author-guides/,0,301
/best-biotech-thriller-authors-of-the-modern-era/,/author-guides/,0,301
/best-pharmaceutical-thriller-authors-worth-reading/,/author-guides/,0,301
/best-hacker-fiction-authors-worth-reading/,/author-guides/,0,301
/best-cybercrime-thriller-authors-worth-reading/,/author-guides/,0,301
/best-tech-thriller-authors-of-the-modern-era/,/author-guides/,0,301
/best-climate-fiction-authors-of-the-modern-era/,/author-guides/,0,301
/best-ecological-crime-fiction-authors-worth-reading/,/author-guides/,0,301
/best-antiquities-theft-fiction-authors-worth-reading/,/author-guides/,0,301
/best-art-crime-fiction-authors-worth-reading/,/author-guides/,0,301
/best-mafia-fiction-authors-worth-reading/,/author-guides/,0,301
/best-cartel-fiction-authors-of-the-modern-era/,/author-guides/,0,301
/best-heist-fiction-authors-worth-reading/,/author-guides/,0,301
/best-suburban-noir-authors-worth-reading/,/author-guides/,0,301
/best-rural-noir-authors-of-the-modern-era/,/author-guides/,0,301
/best-mediterranean-noir-authors-worth-reading/,/author-guides/,0,301
/best-country-noir-authors-worth-reading/,/author-guides/,0,301
/best-grip-lit-authors-of-the-modern-era/,/author-guides/,0,301
/best-domestic-noir-authors-worth-reading/,/author-guides/,0,301
/best-crime-fiction-authors-set-in-belfast/,/author-guides/,0,301
/best-crime-fiction-authors-set-in-northern-ireland/,/author-guides/,0,301
/best-crime-fiction-authors-set-in-wales/,/author-guides/,0,301
/best-crime-fiction-authors-set-in-cornwall/,/author-guides/,0,301
/best-crime-fiction-authors-set-in-yorkshire/,/author-guides/,0,301
/best-crime-fiction-authors-set-in-the-pacific-northwest/,/author-guides/,0,301
/best-crime-fiction-authors-set-in-appalachia/,/author-guides/,0,301
/best-crime-fiction-authors-set-in-the-american-south/,/author-guides/,0,301
/best-crime-fiction-authors-set-in-california/,/author-guides/,0,301
/best-crime-fiction-authors-set-in-florida/,/author-guides/,0,301
/best-crime-fiction-authors-set-in-texas/,/author-guides/,0,301
/best-crime-fiction-authors-set-in-seattle/,/author-guides/,0,301
/best-crime-fiction-authors-set-in-san-francisco/,/author-guides/,0,301
/best-crime-fiction-authors-set-in-new-orleans/,/author-guides/,0,301
/best-crime-fiction-authors-set-in-miami/,/author-guides/,0,301
/best-crime-fiction-authors-set-in-boston/,/author-guides/,0,301
/best-crime-fiction-authors-set-in-chicago/,/author-guides/,0,301
/best-crime-fiction-authors-set-in-vancouver/,/author-guides/,0,301
/best-crime-fiction-authors-set-in-montreal/,/author-guides/,0,301
/best-crime-fiction-authors-set-in-toronto/,/author-guides/,0,301
/best-crime-fiction-authors-set-in-havana/,/author-guides/,0,301
/best-crime-fiction-authors-set-in-mexico-city/,/author-guides/,0,301
/best-crime-fiction-authors-set-in-buenos-aires/,/author-guides/,0,301
/best-crime-fiction-authors-set-in-rio-de-janeiro/,/author-guides/,0,301
/best-crime-fiction-authors-set-in-tel-aviv/,/author-guides/,0,301
/best-crime-fiction-authors-set-in-cairo/,/author-guides/,0,301
/best-crime-fiction-authors-set-in-lagos/,/author-guides/,0,301
/best-crime-fiction-authors-set-in-johannesburg/,/author-guides/,0,301
/best-crime-fiction-authors-set-in-cape-town/,/author-guides/,0,301
/best-crime-fiction-authors-set-in-delhi/,/author-guides/,0,301
/best-crime-fiction-authors-set-in-mumbai/,/author-guides/,0,301
/best-crime-fiction-authors-set-in-bangkok/,/author-guides/,0,301
/best-crime-fiction-authors-set-in-shanghai/,/author-guides/,0,301
/best-crime-fiction-authors-set-in-hong-kong/,/author-guides/,0,301
/best-crime-fiction-authors-set-in-tokyo/,/author-guides/,0,301
/best-crime-fiction-authors-set-in-istanbul/,/author-guides/,0,301
/best-crime-fiction-authors-set-in-moscow/,/author-guides/,0,301
/best-crime-fiction-authors-set-in-helsinki/,/author-guides/,0,301
/best-crime-fiction-authors-set-in-reykjavik/,/author-guides/,0,301
/best-crime-fiction-authors-set-in-copenhagen/,/author-guides/,0,301
/best-crime-fiction-authors-set-in-oslo/,/author-guides/,0,301
/best-crime-fiction-authors-set-in-stockholm/,/author-guides/,0,301
/best-crime-fiction-authors-set-in-amsterdam/,/author-guides/,0,301
/best-crime-fiction-authors-set-in-madrid/,/author-guides/,0,301
/best-crime-fiction-authors-set-in-barcelona/,/author-guides/,0,301
/best-crime-fiction-authors-set-in-venice/,/author-guides/,0,301
/best-crime-fiction-authors-set-in-rome/,/author-guides/,0,301
/best-crime-fiction-authors-set-in-berlin/,/author-guides/,0,301
/best-crime-fiction-authors-set-in-paris/,/author-guides/,0,301
/best-crime-fiction-authors-similar-to-dorothy-l-sayers/,/author-guides/,0,301
/best-crime-fiction-authors-similar-to-ngaio-marsh/,/author-guides/,0,301
/best-crime-fiction-authors-similar-to-colin-dexter/,/author-guides/,0,301
/best-crime-fiction-authors-similar-to-reginald-hill/,/author-guides/,0,301
/best-crime-fiction-authors-similar-to-john-harvey/,/author-guides/,0,301
/best-crime-fiction-authors-similar-to-mark-billingham/,/author-guides/,0,301
/best-crime-fiction-authors-similar-to-belinda-bauer/,/author-guides/,0,301
/best-crime-fiction-authors-similar-to-jane-casey/,/author-guides/,0,301
/best-crime-fiction-authors-similar-to-sophie-hannah/,/author-guides/,0,301
/best-crime-fiction-authors-similar-to-clare-mackintosh/,/author-guides/,0,301
/best-crime-fiction-authors-similar-to-ba-paris/,/author-guides/,0,301
/best-crime-fiction-authors-similar-to-shari-lapena/,/author-guides/,0,301
/best-crime-fiction-authors-similar-to-ruth-ware/,/author-guides/,0,301
/best-crime-fiction-authors-similar-to-paula-hawkins/,/author-guides/,0,301
/best-crime-fiction-authors-similar-to-gillian-flynn/,/author-guides/,0,301
/best-crime-fiction-authors-similar-to-lisa-jewell/,/author-guides/,0,301
/best-crime-fiction-authors-similar-to-lisa-gardner/,/author-guides/,0,301
/best-crime-fiction-authors-similar-to-tess-gerritsen/,/author-guides/,0,301
/best-crime-fiction-authors-similar-to-jeffery-deaver/,/author-guides/,0,301
/best-crime-fiction-authors-similar-to-david-baldacci/,/author-guides/,0,301
/best-crime-fiction-authors-similar-to-brad-thor/,/author-guides/,0,301
/best-crime-fiction-authors-similar-to-vince-flynn/,/author-guides/,0,301
/best-crime-fiction-authors-similar-to-ken-follett/,/author-guides/,0,301
/best-crime-fiction-authors-similar-to-robert-harris/,/author-guides/,0,301
/best-crime-fiction-authors-similar-to-frederick-forsyth/,/author-guides/,0,301
/best-crime-fiction-authors-similar-to-john-le-carre/,/author-guides/,0,301
/best-crime-fiction-authors-similar-to-christopher-brookmyre/,/author-guides/,0,301
/best-crime-fiction-authors-similar-to-denise-mina/,/author-guides/,0,301
/best-crime-fiction-authors-similar-to-stuart-macbride/,/author-guides/,0,301
/best-crime-fiction-authors-similar-to-adrian-mckinty/,/author-guides/,0,301
/best-crime-fiction-authors-similar-to-liza-marklund/,/author-guides/,0,301
/best-crime-fiction-authors-similar-to-hakan-nesser/,/author-guides/,0,301
/best-crime-fiction-authors-similar-to-karin-fossum/,/author-guides/,0,301
/best-crime-fiction-authors-similar-to-anne-holt/,/author-guides/,0,301
/best-crime-fiction-authors-similar-to-asa-larsson/,/author-guides/,0,301
/best-crime-fiction-authors-similar-to-camilla-lackberg/,/author-guides/,0,301
/best-crime-fiction-authors-similar-to-yrsa-sigurdardottir/,/author-guides/,0,301
/best-crime-fiction-authors-similar-to-arnaldur-indridason/,/author-guides/,0,301
/best-crime-fiction-authors-similar-to-manuel-vazquez-montalban/,/author-guides/,0,301
/best-crime-fiction-authors-similar-to-pierre-lemaitre/,/author-guides/,0,301
/best-crime-fiction-authors-similar-to-fred-vargas/,/author-guides/,0,301
/best-crime-fiction-authors-similar-to-andrea-camilleri/,/author-guides/,0,301
/best-crime-fiction-authors-similar-to-donna-leon/,/author-guides/,0,301
/best-crime-fiction-authors-similar-to-elizabeth-george/,/author-guides/,0,301
/best-crime-fiction-authors-similar-to-pd-james/,/author-guides/,0,301
/best-crime-fiction-authors-similar-to-agatha-christie/,/author-guides/,0,301
/british-police-procedural-female-authors/,/author-guides/,0,301
/scottish-village-crime-fiction-authors/,/author-guides/,0,301
/scottish-loch-mystery-authors/,/author-guides/,0,301
/australian-rural-crime-fiction-authors/,/author-guides/,0,301
/remote-australia-crime-authors/,/author-guides/,0,301
/australian-coastal-crime-fiction-authors/,/author-guides/,0,301
/female-detective-series-authors-uk-and-australia/,/author-guides/,0,301
/australian-female-detective-authors/,/author-guides/,0,301
/scottish-island-mystery-authors/,/author-guides/,0,301
/nsw-crime-fiction-authors/,/author-guides/,0,301
/best-crime-fiction-authors-similar-to-minette-walters/,/author-guides/,0,301
/best-crime-fiction-authors-similar-to-ruth-rendell/,/author-guides/,0,301
/best-crime-fiction-authors-similar-to-patricia-cornwell/,/author-guides/,0,301
/best-crime-fiction-authors-similar-to-james-lee-burke/,/author-guides/,0,301
/best-crime-fiction-authors-similar-to-dennis-lehane/,/author-guides/,0,301
/best-crime-fiction-authors-similar-to-harlan-coben/,/author-guides/,0,301
/best-crime-fiction-authors-similar-to-john-grisham/,/author-guides/,0,301
/best-crime-fiction-authors-similar-to-james-patterson/,/author-guides/,0,301
/best-crime-fiction-authors-similar-to-karin-slaughter/,/author-guides/,0,301
/authors-similar-to-garry-disher/,/author-guides/,0,301
/authors-like-val-mcdermid/,/author-guides/,0,301
/scottish-detective-authors-like-ian-rankin/,/author-guides/,0,301
/authors-similar-to-ian-rankin/,/author-guides/,0,301
/scottish-crime-authors-like-ann-cleeves/,/author-guides/,0,301
/australian-crime-authors-like-jane-harper/,/author-guides/,0,301
/authors-similar-to-peter-temple/,/author-guides/,0,301
/authors-like-jane-harper/,/author-guides/,0,301
/outback-noir-authors-for-jane-harper-fans/,/author-guides/,0,301
/orkney-noir-authors-worth-reading/,/author-guides/,0,301
/orkney-islands-crime-fiction-authors/,/author-guides/,0,301
/scottish-highland-thriller-authors/,/author-guides/,0,301
/highland-murder-mystery-authors/,/author-guides/,0,301
/scottish-highlands-crime-fiction-authors/,/author-guides/,0,301
/highland-noir-authors-worth-reading/,/author-guides/,0,301
/sydney-detective-series-authors/,/author-guides/,0,301
/sydney-harbour-mystery-authors/,/author-guides/,0,301
/sydney-crime-fiction-authors/,/author-guides/,0,301
/australian-desert-crime-fiction-authors/,/author-guides/,0,301
/outback-thriller-authors-worth-reading/,/author-guides/,0,301
/australian-outback-crime-fiction-authors/,/author-guides/,0,301
/best-outback-noir-authors/,/author-guides/,0,301
/phillip-strang-freya-tulloch-series/,/author-guides/,0,301
/phillip-strang-di-sarah-lynch-series/,/author-guides/,0,301
/phillip-strang-natalie-campbell-series/,/author-guides/,0,301
/phillip-strang-maya-thorne-series/,/author-guides/,0,301
/phillip-strang-australian-crime-fiction-author/,/author-guides/,0,301
/best-crime-fiction-authors-similar-to-jo-nesbo/,/author-guides/,0,301
/best-crime-fiction-authors-similar-to-stieg-larsson/,/author-guides/,0,301
/best-crime-fiction-authors-similar-to-henning-mankell/,/author-guides/,0,301
/best-crime-fiction-authors-similar-to-val-mcdermid/,/author-guides/,0,301
/best-crime-fiction-authors-similar-to-ann-cleeves/,/author-guides/,0,301
/best-crime-fiction-authors-similar-to-peter-james/,/author-guides/,0,301
/best-crime-fiction-authors-similar-to-tana-french/,/author-guides/,0,301
/best-crime-fiction-authors-similar-to-michael-connelly/,/author-guides/,0,301
/best-crime-fiction-authors-similar-to-lee-child/,/author-guides/,0,301
/best-satire-fiction-authors-of-the-modern-era/,/author-guides/,0,301
/best-social-commentary-fiction-authors-worth-reading/,/author-guides/,0,301
/best-biographical-fiction-authors-worth-reading/,/author-guides/,0,301
/best-coming-of-age-fiction-authors-worth-reading/,/author-guides/,0,301
/best-character-driven-fiction-authors-worth-reading/,/author-guides/,0,301
/best-experimental-fiction-authors-of-the-modern-era/,,0,410
/best-literary-fiction-authors-worth-reading/,/author-guides/,0,301
/best-cold-war-fiction-authors-worth-reading/,/author-guides/,0,301
/best-world-war-two-fiction-authors-worth-reading/,/author-guides/,0,301
/best-vietnam-war-fiction-authors-worth-reading/,/author-guides/,0,301
/best-war-fiction-authors-of-the-last-twenty-years/,/author-guides/,0,301
/best-historical-fiction-authors-worth-reading/,/author-guides/,0,301
/best-epic-fantasy-authors-of-the-modern-era/,,0,410
/best-fantasy-series-authors-worth-reading-in-order/,,0,410
/best-urban-fantasy-authors-worth-reading/,,0,410
/best-dark-fantasy-authors-of-the-last-twenty-years/,,0,410
/best-horror-fiction-authors-worth-reading/,,0,410
/best-gothic-fiction-authors-of-the-modern-era/,,0,410
/best-supernatural-thriller-authors-worth-reading/,,0,410
/best-conspiracy-thriller-authors-of-the-last-twenty-years/,/author-guides/,0,301
/best-adventure-thriller-authors-worth-reading/,/author-guides/,0,301
/best-action-thriller-authors-of-the-modern-era/,/author-guides/,0,301
/best-science-fiction-thriller-authors-worth-reading/,,0,410
/best-military-science-fiction-authors-worth-reading/,,0,410
/best-cyberpunk-fiction-authors-worth-reading/,,0,410
/best-dystopian-fiction-authors-of-the-last-twenty-years/,,0,410
/best-space-opera-authors-worth-reading/,,0,410
/best-science-fiction-series-authors-worth-reading-in-order/,,0,410
/best-hard-science-fiction-authors-of-the-modern-era/,,0,410
/best-noir-crime-fiction-authors-worth-reading/,/author-guides/,0,301
/best-crime-fiction-authors-featuring-rural-settings/,/author-guides/,0,301
/best-crime-fiction-authors-featuring-small-town-settings/,/author-guides/,0,301
/best-crime-fiction-authors-featuring-ex-military-protagonists/,/author-guides/,0,301
/best-crime-fiction-authors-featuring-doctors-as-protagonists/,/author-guides/,0,301
/best-crime-fiction-authors-featuring-lawyers-as-protagonists/,/author-guides/,0,301
/best-crime-fiction-authors-featuring-journalists-as-protagonists/,/author-guides/,0,301
/best-crime-fiction-authors-featuring-forensic-investigators/,/author-guides/,0,301
/best-crime-fiction-authors-featuring-serial-killers/,/author-guides/,0,301
/best-crime-fiction-authors-featuring-cold-cases/,/author-guides/,0,301
/best-crime-fiction-authors-featuring-police-teams/,/author-guides/,0,301
/best-crime-fiction-authors-featuring-amateur-sleuths/,/author-guides/,0,301
/best-crime-fiction-authors-featuring-male-detectives/,/author-guides/,0,301
/best-crime-fiction-authors-featuring-female-detectives/,/author-guides/,0,301
/best-standalone-crime-novel-authors-of-the-last-twenty-years/,/author-guides/,0,301
/best-long-running-crime-fiction-series-authors/,/author-guides/,0,301
/best-detective-series-authors-worth-starting-from-book-one/,/author-guides/,0,301
/best-crime-fiction-series-authors-to-read-in-order/,/author-guides/,0,301
/best-crime-fiction-debut-authors-of-the-last-ten-years/,/author-guides/,0,301
/best-true-crime-authors-of-the-modern-era/,/author-guides/,0,301
/best-courtroom-drama-authors-worth-reading/,/author-guides/,0,301
/best-political-thriller-authors-of-the-last-twenty-years/,/author-guides/,0,301
/best-medical-thriller-authors-worth-reading/,/author-guides/,0,301
/best-financial-thriller-authors-of-the-modern-era/,/author-guides/,0,301
/best-terrorism-thriller-authors-worth-reading/,/author-guides/,0,301
/best-cold-war-spy-fiction-authors-worth-reading/,/author-guides/,0,301
/best-victorian-crime-fiction-authors-worth-reading/,/author-guides/,0,301
/best-historical-crime-fiction-authors-worth-reading/,/author-guides/,0,301
/best-military-thriller-authors-of-the-last-twenty-years/,/author-guides/,0,301
/best-cia-spy-fiction-authors-worth-reading/,/author-guides/,0,301
/best-fbi-thriller-authors-worth-reading/,/author-guides/,0,301
/best-crime-fiction-authors-set-in-los-angeles/,/author-guides/,0,301
/best-crime-fiction-authors-set-in-australia/,/author-guides/,0,301
/best-crime-fiction-authors-set-in-edinburgh/,/author-guides/,0,301
/best-crime-fiction-authors-set-in-new-york/,/author-guides/,0,301
/best-crime-fiction-authors-set-in-london/,/author-guides/,0,301
/best-cozy-mystery-authors-of-the-modern-era/,/author-guides/,0,301
/best-female-crime-fiction-authors-working-today/,/author-guides/,0,301
/best-nordic-noir-authors-worth-reading/,/author-guides/,0,301
/best-scottish-crime-fiction-authors-worth-reading/,/author-guides/,0,301
/best-psychological-thriller-authors-of-the-modern-era/,/author-guides/,0,301
/best-hard-boiled-detective-authors-worth-reading/,/author-guides/,0,301
/best-australian-crime-fiction-authors-worth-reading/,/author-guides/,0,301
/best-american-crime-authors-of-the-last-twenty-years/,/author-guides/,0,301
/best-espionage-thriller-authors-of-the-last-twenty-years-2/,/author-guides/,0,301
/best-british-crime-authors-working-today/,/author-guides/,0,301
/best-scandinavian-crime-fiction-authors-worth-reading/,/author-guides/,0,301
/best-police-procedural-authors-worth-reading/,/author-guides/,0,301
/best-espionage-thriller-authors-of-the-last-twenty-years/,/author-guides/,0,301
/masters-of-modern-espionage-the-authors-redefining-spy-fiction/,/author-guides/,0,301
/best-selling-noir-crime-thrillers-novels-in-2025/,/blog/,0,301
/best-selling-psychological-suspense-novels-in-2025/,/blog/,0,301
/best-selling-paranormal-suspense-novels-in-2025/,,0,410
/best-selling-occult-suspense-novels-in-2025/,,0,410
/best-selling-horror-suspense-novels-in-2025/,,0,410
/best-selling-lgtbq-mystery-novels-in-2025/,/blog/,0,301
/best-selling-amateur-sleuth-mystery-novels-in-2025/,/blog/,0,301
/best-selling-collection-anthologies-mystery-novels-in-2025/,/blog/,0,301
/best-selling-mystery-thriller-suspense-novels-in-2025/,/blog/,0,301
/best-selling-traditional-detectives-mystery-novels-in-2025/,/blog/,0,301
/best-selling-mystery-series-fiction-novels-in-2025/,/blog/,0,301
/best-selling-police-procedurals-mystery-novels-in-2025/,/blog/,0,301
/best-selling-women-sleuth-mystery-novels-in-2025/,/blog/,0,301
/best-selling-adventure-science-fiction-novels-in-2025/,,0,410
/best-selling-dystopian-science-fiction-novels-in-2025/,,0,410
/best-selling-colonization-science-fiction-novels-in-2025/,,0,410
/best-selling-crime-mystery-science-fiction-novels-in-2025/,,0,410
/best-selling-classic-science-fiction-novels-in-2025/,,0,410
/best-selling-lgbtq-fiction-novels-in-2025/,/blog/,0,301
/best-selling-genetic-engineering-science-fiction-novels-in-2025/,,0,410
/best-selling-galactic-empire-science-fiction-novels-in-2025/,,0,410
/best-selling-science-fiction-novels-in-2025/,,0,410
/best-selling-pyschological-thriller-novels-in-2025/,/blog/,0,301
/best-selling-technothriller-novels-in-2025-2/,/blog/,0,301
/best-selling-terrorism-thriller-novels-in-2025/,/blog/,0,301
/best-selling-organized-crime-thriller-novels-in-2025/,/blog/,0,301
/best-selling-domestic-thriller-novels-in-2025/,/blog/,0,301
/best-selling-murder-thriller-novels-in-2025/,/blog/,0,301
/best-selling-kidnapping-crime-thriller-novels-in-2025/,/blog/,0,301
/best-selling-financial-thriller-novels-2025/,/blog/,0,301
/best-selling-hard-sci-fi-novels-in-2025/,,0,410
/best-selling-epic-fantasy-novels-in-2025/,,0,410
/top-best-selling-dark-fantasy-novels/,,0,410
/best-selling-cozy-mystery-novels-in-2025/,/blog/,0,301
/best-selling-vigilante-justice-crime-thrillers-in-2025/,/blog/,0,301
/best-selling-crime-thrillers-2025/,/blog/,0,301
/phillip-strang-australian-crime-thriller-series/,/blog/,0,301
/island-shadows-an-australian-crime-thriller/,/blog/,0,301
/pinchgut-sydney-harbour-cold-case-thriller-review-2/,/blog/,0,301
/dark-streets-australian-crime-thriller-natalie-campbell-2/,/blog/,0,301
/best-australian-crime-thrillers-2025/,/blog/,0,301
/best-contemporary-romance-novels/,,0,410
/top-paranormal-romance-novels-2/,,0,410
/best-historical-romance-novels/,,0,410
/best-psychological-thrillers/,/blog/,0,301
/best-cozy-mystery-novels-2/,/blog/,0,301
/best-urban-fantasy-novels/,,0,410
/best-epic-fantasy-novels/,,0,410
/best-dark-fantasy-novels-3/,,0,410
/best-space-opera-novels-2/,,0,410
/gothic-horror-novels-2000s-2/,,0,410
/best-coming-of-age-novels/,/blog/,0,301
/best-courtroom-drama-novels-old/,/blog/,0,301
/best-mob-novels-2003-2023/,/blog/,0,301
/best-psychological-thriller-novels-unforgettable-mind-games-that-keep-you-guessing/,/blog/,0,301
/best-cozy-mystery-novels/,/blog/,0,301
/best-dark-fantasy-novels/,,0,410
/best-urban-fantasy-novels-a-magical-journey-through-modern-cityscapes/,,0,410
/best-cyberpunk-novels/,,0,410
/best-space-opera-novels/,,0,410
/urban-settings-evolution-in-crime-fiction/,/crime-fiction-writing/,0,301
/remote-settings-in-modern-crime-fiction/,/crime-fiction-writing/,0,301
/thriller-settings-international-vs-domestic/,/crime-fiction-writing/,0,301
/police-procedural-settings/,/crime-fiction-writing/,0,301
/cosy-mystery-settings/,/crime-fiction-writing/,0,301
/noir-settings-urban-vs-natural/,/crime-fiction-writing/,0,301
/coastal-vs-inland-crime-settings/,/crime-fiction-writing/,0,301
/urban-vs-rural-crime-fiction-settings/,/crime-fiction-writing/,0,301
/australian-vs-scottish-crime-settings/,/crime-fiction-writing/,0,301
/outback-noir-vs-highland-noir/,/crime-fiction-writing/,0,301
/symbolic-settings-in-crime-fiction/,/crime-fiction-writing/,0,301
/contrast-settings-in-crime-fiction/,/crime-fiction-writing/,0,301
/atmospheric-noir-setting-for-mood/,/crime-fiction-writing/,0,301
/gothic-settings-in-modern-crime-fiction/,,0,410
/creating-sense-of-place-in-crime-fiction/,/crime-fiction-writing/,0,301
/series-settings-location-continuity/,/crime-fiction-writing/,0,301
/multiple-locations-in-crime-fiction/,/crime-fiction-writing/,0,301
/chase-sequences-using-geography/,/crime-fiction-writing/,0,301
/locked-room-mystery-settings/,/crime-fiction-writing/,0,301
/setting-as-antagonist-in-crime-fiction/,/crime-fiction-writing/,0,301
/avoiding-setting-clichs/,/crime-fiction-writing/,0,301
/cultural-authenticity-in-location-based-crime/,/crime-fiction-writing/,0,301
/local-dialect-in-regional-crime-fiction/,/crime-fiction-writing/,0,301
/writing-settings-you-havent-visited/,/crime-fiction-writing/,0,301
/researching-crime-fiction-settings/,/crime-fiction-writing/,0,301
/wine-country-settings-in-crime-fiction/,/crime-fiction-writing/,0,301
/mining-towns-in-crime-fiction/,/crime-fiction-writing/,0,301
/national-parks-in-crime-fiction/,/crime-fiction-writing/,0,301
/agricultural-settings-in-crime-fiction/,/crime-fiction-writing/,0,301
/gentrification-in-crime-fiction/,/crime-fiction-writing/,0,301
/industrial-areas-in-crime-fiction/,/crime-fiction-writing/,0,301
/historic-districts-in-crime-fiction/,/crime-fiction-writing/,0,301
/waterfront-districts-in-crime-fiction/,/crime-fiction-writing/,0,301
/fishing-communities-in-crime-fiction/,/crime-fiction-writing/,0,301
/tourist-destinations-in-crime-fiction/,/crime-fiction-writing/,0,301
/isolated-communities-in-crime-fiction/,/crime-fiction-writing/,0,301
/writing-small-town-crime-fiction-2/,/crime-fiction-writing/,0,301
/water-settings-in-crime-fiction/,/crime-fiction-writing/,0,301
/desert-landscapes-in-crime-fiction/,/crime-fiction-writing/,0,301
/forest-settings-in-crime-fiction/,/crime-fiction-writing/,0,301
/mountains-in-crime-fiction/,/crime-fiction-writing/,0,301
/climate-as-character-in-crime-fiction/,/crime-fiction-writing/,0,301
/extreme-weather-in-mystery-writing/,/crime-fiction-writing/,0,301
/seasonal-settings-in-crime-fiction/,/crime-fiction-writing/,0,301
/using-weather-in-crime-fiction/,/crime-fiction-writing/,0,301
/irish-crime-settings/,/crime-fiction-writing/,0,301
/canadian-crime-fiction-settings/,/crime-fiction-writing/,0,301
/new-zealand-crime-settings/,/crime-fiction-writing/,0,301
/welsh-crime-fiction-settings/,/crime-fiction-writing/,0,301
/lake-district-crime-fiction/,/crime-fiction-writing/,0,301
/yorkshire-crime-settings/,/crime-fiction-writing/,0,301
/cornwall-crime-fiction-coastal-mystery-settings/,/crime-fiction-writing/,0,301
/hebrides-crime-fiction-remote-islands/,/crime-fiction-writing/,0,301
/scottish-loch-settings-in-crime-fiction/,/crime-fiction-writing/,0,301
/glasgow-noir-urban-scottish-crime/,/crime-fiction-writing/,0,301
/scottish-crime-fiction-settings-beyond-edinburgh/,/crime-fiction-writing/,0,301
/australian-capital-crime-fiction/,/crime-fiction-writing/,0,301
/australian-rural-crime-settings/,/crime-fiction-writing/,0,301
/coastal-australia-crime-fiction/,/crime-fiction-writing/,0,301
/australian-crime-fiction-settings-regional-diversity/,/crime-fiction-writing/,0,301
/inner-city-vs-suburbs-in-crime-fiction/,/crime-fiction-writing/,0,301
/metropolitan-police-procedurals/,/crime-fiction-writing/,0,301
/urban-crime-settings-city-structure/,/crime-fiction-writing/,0,301
/village-crime-fiction-closed-communities/,/crime-fiction-writing/,0,301
/countryside-settings-in-crime-fiction/,/crime-fiction-writing/,0,301
/rural-crime-fiction-small-town-secrets/,/crime-fiction-writing/,0,301
/harbor-settings-in-crime-fiction/,/crime-fiction-writing/,0,301
/seaside-towns-in-crime-fiction/,/crime-fiction-writing/,0,301
/coastal-crime-fiction-beaches-and-maritime-mystery/,/crime-fiction-writing/,0,301
/remote-island-settings-weather-and-access/,/crime-fiction-writing/,0,301
/island-communities-in-mystery-fiction/,/crime-fiction-writing/,0,301
/writing-island-set-crime-fiction/,/crime-fiction-writing/,0,301
/crime-fiction-taboos/,/crime-fiction-writing/,0,301
/classic-crime-fiction-canon/,/crime-fiction-writing/,0,301
/crime-short-stories-craft/,/crime-fiction-writing/,0,301
/crime-fiction-anthologies/,/crime-fiction-writing/,0,301
/crime-fiction-versus-literary-fiction/,/crime-fiction-writing/,0,301
/crime-fiction-translation/,/crime-fiction-writing/,0,301
/crime-fiction-social-commentary/,/crime-fiction-writing/,0,301
/crime-fiction-current-events/,/crime-fiction-writing/,0,301
/state-of-crime-fiction-2026/,/crime-fiction-writing/,0,301
/why-readers-love-crime-fiction/,/crime-fiction-writing/,0,301
/atmosphere-crime-fiction/,/crime-fiction-writing/,0,301
/tone-crime-fiction/,/crime-fiction-writing/,0,301
/voice-crime-fiction/,/crime-fiction-writing/,0,301
/irony-crime-fiction/,/crime-fiction-writing/,0,301
/symbolism-crime-fiction/,/crime-fiction-writing/,0,301
/theme-crime-fiction/,/crime-fiction-writing/,0,301
/legal-thriller-conventions/,/crime-fiction-writing/,0,301
/domestic-thriller-conventions/,/crime-fiction-writing/,0,301
/tartan-noir-craft/,/crime-fiction-writing/,0,301
/scandi-noir-conventions/,/crime-fiction-writing/,0,301
/hardboiled-tradition-crime-fiction/,/crime-fiction-writing/,0,301
/golden-age-mystery-craft/,/crime-fiction-writing/,0,301
/noir-reader-contract/,/crime-fiction-writing/,0,301
/cosy-mystery-reader-contract/,/crime-fiction-writing/,0,301
/scaling-crime-fiction-series/,/crime-fiction-writing/,0,301
/crime-fiction-second-career/,/crime-fiction-writing/,0,301
/film-tv-options-crime-fiction/,/crime-fiction-writing/,0,301
/foreign-rights-crime-fiction/,/crime-fiction-writing/,0,301
/goodreads-strategy-crime-fiction/,/crime-fiction-writing/,0,301
/social-media-crime-fiction-authors/,/crime-fiction-writing/,0,301
/podcasting-crime-fiction-authors/,/crime-fiction-writing/,0,301
/being-interviewed-crime-fiction-authors/,/crime-fiction-writing/,0,301
/speaking-crime-fiction-festivals/,/crime-fiction-writing/,0,301
/crime-fiction-book-clubs/,/crime-fiction-writing/,0,301
/collaborating-crime-writers/,/crime-fiction-writing/,0,301
/pen-name-crime-fiction-writers/,/crime-fiction-writing/,0,301
/relaunching-old-crime-fiction-titles/,/crime-fiction-writing/,0,301
/launching-new-crime-fiction-series/,/crime-fiction-writing/,0,301
/writing-speed-versus-depth-crime-fiction/,/crime-fiction-writing/,0,301
/writing-tools-crime-novelists/,/crime-fiction-writing/,0,301
/writing-series-bible-crime-fiction/,/crime-fiction-writing/,0,301
/scene-cards-crime-fiction/,/crime-fiction-writing/,0,301
/discovery-writing-crime-fiction/,/crime-fiction-writing/,0,301
/writing-from-outline-crime-fiction/,/crime-fiction-writing/,0,301
/writing-third-draft-crime-novel/,/crime-fiction-writing/,0,301
/writing-second-draft-crime-novel/,/crime-fiction-writing/,0,301
/writing-first-draft-crime-novel/,/crime-fiction-writing/,0,301
/researching-intelligence-agencies-fiction/,/crime-fiction-writing/,0,301
/researching-financial-crime-fiction/,/crime-fiction-writing/,0,301
/researching-poisons-crime-fiction/,/crime-fiction-writing/,0,301
/researching-firearms-crime-fiction/,/crime-fiction-writing/,0,301
/researching-surveillance-technology-fiction/,/crime-fiction-writing/,0,301
/researching-prison-life-fiction/,/crime-fiction-writing/,0,301
/researching-courtroom-procedure-fiction/,/crime-fiction-writing/,0,301
/researching-drug-trafficking-fiction/,/crime-fiction-writing/,0,301
/researching-cybercrime-fiction/,/crime-fiction-writing/,0,301
/researching-organised-crime-fiction/,/crime-fiction-writing/,0,301
/trigger-warnings-crime-fiction/,/crime-fiction-writing/,0,301
/writing-audiobook-listener-crime-fiction/,/crime-fiction-writing/,0,301
/writing-binge-reader-crime-fiction/,/crime-fiction-writing/,0,301
/breaking-fourth-wall-crime-fiction/,/crime-fiction-writing/,0,301
/implied-reader-crime-fiction/,/crime-fiction-writing/,0,301
/managing-reader-expectations-crime-series/,/crime-fiction-writing/,0,301
/last-line-crime-fiction/,/crime-fiction-writing/,0,301
/hook-sentence-crime-fiction/,/crime-fiction-writing/,0,301
/scene-transitions-crime-fiction/,/crime-fiction-writing/,0,301
/chapter-breaks-crime-fiction/,/crime-fiction-writing/,0,301
/final-book-crime-series/,/crime-fiction-writing/,0,301
/rebooting-crime-series/,/crime-fiction-writing/,0,301
/novella-crime-fiction-series/,/crime-fiction-writing/,0,301
/prequel-crime-fiction/,/crime-fiction-writing/,0,301
/crossover-novels-crime-fiction/,/crime-fiction-writing/,0,301
/retconning-crime-fiction/,/crime-fiction-writing/,0,301
/aging-series-detective/,/crime-fiction-writing/,0,301
/continuity-long-crime-series/,/crime-fiction-writing/,0,301
/spinning-off-characters-crime-fiction/,/crime-fiction-writing/,0,301
/reviving-stalled-crime-series/,/crime-fiction-writing/,0,301
/ending-crime-series/,/crime-fiction-writing/,0,301
/planning-crime-series/,/crime-fiction-writing/,0,301
/future-set-crime-fiction/,/crime-fiction-writing/,0,301
/contemporary-crime-fiction-craft/,/crime-fiction-writing/,0,301
/historical-crime-fiction-settings/,/crime-fiction-writing/,0,301
/writing-travelling-investigation-crime-fiction/,/crime-fiction-writing/,0,301
/writing-closed-environment-crime-fiction/,/crime-fiction-writing/,0,301
/writing-city-fabric-crime-fiction/,/crime-fiction-writing/,0,301
/writing-small-town-crime-fiction/,/crime-fiction-writing/,0,301
/writing-weather-crime-fiction/,/crime-fiction-writing/,0,301
/writing-desert-crime-fiction/,/crime-fiction-writing/,0,301
/writing-coastal-crime-fiction/,/crime-fiction-writing/,0,301
/writing-rural-crime-fiction/,/crime-fiction-writing/,0,301
/writing-urban-crime-fiction/,/crime-fiction-writing/,0,301
/writing-elderly-characters-crime-fiction/,/crime-fiction-writing/,0,301
/writing-children-crime-fiction/,/crime-fiction-writing/,0,301
/writing-detective-family-life/,/crime-fiction-writing/,0,301
/romantic-subplot-crime-fiction/,/crime-fiction-writing/,0,301
/mentor-figure-crime-fiction/,/crime-fiction-writing/,0,301
/solo-operator-crime-fiction/,/crime-fiction-writing/,0,301
/team-investigation-crime-fiction/,/crime-fiction-writing/,0,301
/international-detective-crime-fiction/,/crime-fiction-writing/,0,301
/rookie-detective-crime-fiction/,/crime-fiction-writing/,0,301
/retired-detective-crime-fiction/,/crime-fiction-writing/,0,301
/reluctant-detective-crime-fiction/,/crime-fiction-writing/,0,301
/criminal-protagonist-crime-fiction/,/crime-fiction-writing/,0,301
/sympathetic-killer-crime-fiction/,/crime-fiction-writing/,0,301
/unreliable-narrator-crime-fiction/,/crime-fiction-writing/,0,301
/epistolary-element-crime-fiction/,/crime-fiction-writing/,0,301
/framing-device-crime-fiction/,/crime-fiction-writing/,0,301
/orkney-settings-norse-heritage-and-island-noir/,/crime-fiction-writing/,0,301
/scottish-island-crime-fiction-isolated-communities/,/crime-fiction-writing/,0,301
/creating-atmospheric-orkney-island-mysteries/,/crime-fiction-writing/,0,301
/highland-settings-isolation-and-atmosphere/,/crime-fiction-writing/,0,301
/scottish-highlands-in-crime-fiction/,/crime-fiction-writing/,0,301
/writing-highland-noir-mysteries/,/crime-fiction-writing/,0,301
/sydney-noir-writing-urban-australian-crime/,/crime-fiction-writing/,0,301
/nsw-crime-settings-regional-diversity/,/crime-fiction-writing/,0,301
/sydney-police-procedurals-capturing-the-city/,/crime-fiction-writing/,0,301
/bondi-beach-as-crime-fiction-location/,/crime-fiction-writing/,0,301
/writing-sydney-crime-thrillers/,/crime-fiction-writing/,0,301
/setting-crime-fiction-in-sydney-harbour/,/crime-fiction-writing/,0,301
/outback-noir-vs-urban-australian-crime/,/crime-fiction-writing/,0,301
/desert-crime-fiction-using-landscape-as-character/,/crime-fiction-writing/,0,301
/remote-australia-settings-writing-the-isolated-detective/,/crime-fiction-writing/,0,301
/creating-atmosphere-in-outback-crime-fiction/,/crime-fiction-writing/,0,301
/australian-outback-as-crime-fiction-setting/,/crime-fiction-writing/,0,301
/how-to-write-outback-noir-thrillers/,/crime-fiction-writing/,0,301
/in-media-res-opening-crime-fiction/,/crime-fiction-writing/,0,301
/cliffhanger-chapter-crime-fiction/,/crime-fiction-writing/,0,301
/double-ending-crime-fiction/,/crime-fiction-writing/,0,301
/false-solution-crime-fiction/,/crime-fiction-writing/,0,301
/multiple-crimes-one-novel/,/crime-fiction-writing/,0,301
/macguffin-crime-fiction/,/crime-fiction-writing/,0,301
/fair-play-crime-fiction-twists/,/crime-fiction-writing/,0,301
/ticking-clock-thriller-plots/,/crime-fiction-writing/,0,301
/five-act-structure-crime-fiction/,/crime-fiction-writing/,0,301
/three-act-structure-crime-fiction/,/crime-fiction-writing/,0,301
/writing-quiet-scenes-crime-fiction/,/crime-fiction-writing/,0,301
/writing-action-crime-thriller/,/crime-fiction-writing/,0,301
/writing-suspense-slow-burn/,/crime-fiction-writing/,0,301
/writing-fear-crime-fiction/,/crime-fiction-writing/,0,301
/writing-grief-crime-fiction/,/crime-fiction-writing/,0,301
/writing-humour-crime-fiction/,/crime-fiction-writing/,0,301
/writing-sex-crime-fiction/,/crime-fiction-writing/,0,301
/violence-psychological-thriller/,/crime-fiction-writing/,0,301
/violence-police-procedural/,/crime-fiction-writing/,0,301
/dialogue-psychological-thriller/,/crime-fiction-writing/,0,301
/dialogue-espionage-novel/,/crime-fiction-writing/,0,301
/dialogue-police-procedural/,/crime-fiction-writing/,0,301
/pacing-psychological-thriller/,/crime-fiction-writing/,0,301
/pacing-espionage-thriller/,/crime-fiction-writing/,0,301
/pacing-police-procedural/,/crime-fiction-writing/,0,301
/writing-victim-identification-scene/,/crime-fiction-writing/,0,301
/writing-press-conference-scene/,/crime-fiction-writing/,0,301
/writing-arrest-scene-crime-fiction/,/crime-fiction-writing/,0,301
/writing-crime-in-progress-scene/,/crime-fiction-writing/,0,301
/writing-false-lead-crime-fiction/,/crime-fiction-writing/,0,301
/writing-evidence-reveal-scene/,/crime-fiction-writing/,0,301
/writing-hospital-scene-crime-fiction/,/crime-fiction-writing/,0,301
/writing-phone-call-scene-crime-fiction/,/crime-fiction-writing/,0,301
/writing-informal-interview-crime-fiction/,/crime-fiction-writing/,0,301
/writing-breakthrough-scene-crime-fiction/,/crime-fiction-writing/,0,301
/writing-briefing-scene-crime-fiction/,/crime-fiction-writing/,0,301
/writing-surveillance-scene-crime-fiction/,/crime-fiction-writing/,0,301
/writing-funeral-scene-crime-fiction/,/crime-fiction-writing/,0,301
/writing-confession-scene-crime-fiction/,/crime-fiction-writing/,0,301
/author-branding-crime-writers/,/crime-fiction-writing/,0,301
/back-matter-crime-fiction-books/,/crime-fiction-writing/,0,301
/series-binge-reading-release-cadence/,/crime-fiction-writing/,0,301
/bookbub-featured-deals-crime-writers/,/crime-fiction-writing/,0,301
/audiobook-strategy-crime-fiction/,/crime-fiction-writing/,0,301
/box-sets-crime-fiction/,/crime-fiction-writing/,0,301
/arc-teams-crime-writers/,/crime-fiction-writing/,0,301
/pricing-strategy-crime-fiction-series/,/crime-fiction-writing/,0,301
/kindle-unlimited-crime-writers/,/crime-fiction-writing/,0,301
/finishing-novel-final-quarter/,/crime-fiction-writing/,0,301
/character-bibles-long-series/,/crime-fiction-writing/,0,301
/writing-through-difficult-book/,/crime-fiction-writing/,0,301
/editing-crime-novel-revision-process/,/crime-fiction-writing/,0,301
/middle-crime-novel-saggy-second-act/,/crime-fiction-writing/,0,301
/writing-150-books-lessons/,/crime-fiction-writing/,0,301
/writing-two-series-parallel/,/crime-fiction-writing/,0,301
/planning-crime-novel-outline-discovery/,/crime-fiction-writing/,0,301
/interviewing-experts-crime-fiction/,/crime-fiction-writing/,0,301
/researching-foreign-locations-fiction/,/crime-fiction-writing/,0,301
/researching-historical-crime-fiction/,/crime-fiction-writing/,0,301
/researching-forensic-detail-crime-fiction/,/crime-fiction-writing/,0,301
/researching-weapons-crime-fiction/,/crime-fiction-writing/,0,301
/researching-police-procedure-fiction/,/crime-fiction-writing/,0,301
/outsider-protagonist-crime-fiction/,/crime-fiction-writing/,0,301
/recurring-side-characters-crime-series/,/crime-fiction-writing/,0,301
/writing-corrupt-insider-characters/,/crime-fiction-writing/,0,301
/writing-detective-duos-partners/,/crime-fiction-writing/,0,301
/writing-witness-characters-crime-fiction/,/crime-fiction-writing/,0,301
/writing-victim-crime-fiction/,/crime-fiction-writing/,0,301
/multiple-timelines-crime-fiction/,/crime-fiction-writing/,0,301
/foreshadowing-crime-fiction/,/crime-fiction-writing/,0,301
/procedural-detail-crime-fiction/,/crime-fiction-writing/,0,301
/subtext-crime-fiction-dialogue/,/crime-fiction-writing/,0,301
/writing-tension-without-violence/,/crime-fiction-writing/,0,301
/timeline-management-crime-fiction/,/crime-fiction-writing/,0,301
/point-of-view-crime-fiction/,/crime-fiction-writing/,0,301
/red-herrings-crime-fiction/,/crime-fiction-writing/,0,301
/pacing-crime-novel/,/crime-fiction-writing/,0,301
/writing-conspiracy-thriller/,/crime-fiction-writing/,0,301
/writing-interrogation-scene-crime-fiction-2/,/crime-fiction-writing/,0,301
/writing-interrogation-scene-crime-fiction-3/,/crime-fiction-writing/,0,301
/writing-crime-scene-discovery/,/crime-fiction-writing/,0,301
/writing-interrogation-scene-crime-fiction/,/crime-fiction-writing/,0,301
/https-phillipstrang-com-standalone-thriller-vs-series-novel/,/crime-fiction-writing/,0,301
/writing-series-detective-character/,/crime-fiction-writing/,0,301
/writing-british-police-procedural/,/crime-fiction-writing/,0,301
/writing-australian-crime-fiction/,/crime-fiction-writing/,0,301
/writing-detective-protagonist/,/crime-fiction-writing/,0,301
/https-phillipstrang-com-writing-psychological-thriller-guide/,/crime-fiction-writing/,0,301
/https-phillipstrang-com-writing-espionage-fiction-guide/,/crime-fiction-writing/,0,301
/https-phillipstrang-com-writing-police-procedurals-guide/,/crime-fiction-writing/,0,301
/writing-aftermath-scenes-crime-fiction/,/crime-fiction-writing/,0,301
/https-phillipstrang-com-writing-final-confrontation-crime-fiction/,/crime-fiction-writing/,0,301
/https-phillipstrang-com-writing-opening-chapter-crime-novel/,/crime-fiction-writing/,0,301
/https-phillipstrang-com-writing-reveal-scene-crime-fiction/,/crime-fiction-writing/,0,301
/https-phillipstrang-com-writing-stakeout-scene-police-procedurals/,/crime-fiction-writing/,0,301
/https-phillipstrang-com-writing-courtroom-scene-crime-thrillers/,/crime-fiction-writing/,0,301
/https-phillipstrang-com-writing-morgue-scene-crime-fiction/,/crime-fiction-writing/,0,301
/https-phillipstrang-com-writing-chase-scene-thriller-fiction/,/crime-fiction-writing/,0,301
/fantasy-worldbuilding-techniques/,,0,410
/author-newsletter-ideas/,/crime-fiction-writing/,0,301
/compelling-story-plot-structure-7/,/crime-fiction-writing/,0,301
/productivity-hacks-for-authors/,/crime-fiction-writing/,0,301
/genre-blending-tips/,/crime-fiction-writing/,0,301
/character-arc-development/,/crime-fiction-writing/,0,301
/author-website-book-sales/,/crime-fiction-writing/,0,301
/fiction-character-development-tips/,/crime-fiction-writing/,0,301
/successful-authors-writing-habits/,/crime-fiction-writing/,0,301
/crafting-multi-dimensional-characters-in-thriller-novels/,/crime-fiction-writing/,0,301
/travel-research-crime-fiction/,/crime-fiction-writing/,0,301
/reading-list-crime-thrillers/,/crime-fiction-writing/,0,301
/mental-health-crime-writer-managing-dark-themes/,/crime-fiction-writing/,0,301
/community-connecting-crime-fiction-readers/,/crime-fiction-writing/,0,301
/the-connection-between-reading-and-writing-crime-fiction/,/crime-fiction-writing/,0,301
/writing-rituals-of-successful-thriller-authors/,/crime-fiction-writing/,0,301
/day-in-life-crime-thriller-author/,/crime-fiction-writing/,0,301
/how-readers-choose-their-next-crime-novel/,/crime-fiction-writing/,0,301
/balancing-realism-drama-crime-fiction/,/crime-fiction-writing/,0,301
/diversifying-writing-income-thriller-writers/,/crime-fiction-writing/,0,301
/consistent-writing-routine-for-thriller-authors/,/crime-fiction-writing/,0,301
/overcoming-writers-block-strategies-for-crime-fiction-writers/,/crime-fiction-writing/,0,301
/avoiding-cliches-crime-thrillers/,/crime-fiction-writing/,0,301
/forensic-accuracy-crime-fiction/,/crime-fiction-writing/,0,301
/common-mistakes-crime-writers-make-and-how-to-avoid-them/,/crime-fiction-writing/,0,301
/editing-checklist-crime-thriller-manuscripts/,/crime-fiction-writing/,0,301
/character-development-crime-fiction-protagonists/,/crime-fiction-writing/,0,301
/psychology-of-suspense-2/,/crime-fiction-writing/,0,301
/crime-novel-writing-guide/,/crime-fiction-writing/,0,301
/creating-unforgettable-villains-crime-fiction/,/crime-fiction-writing/,0,301
/essential-plot-twists-crime-novels-thriller/,/crime-fiction-writing/,0,301
/international-crime-fiction-thriller/,/crime-fiction-writing/,0,301
/psychological-thrillers-mental-landscape/,/crime-fiction-writing/,0,301
/holidays-and-crime-seasonal-thriller-themes/,/crime-fiction-writing/,0,301
/crime-scene-reconstruction/,/crime-fiction-writing/,0,301
/the-psychology-of-suspense-unraveling-narrative-tension/,/crime-fiction-writing/,0,301
/writing-craft-and-inspiration/,/crime-fiction-writing/,0,301
/research-behind-fiction-writing/,/crime-fiction-writing/,0,301
/research-in-fiction-writing/,/crime-fiction-writing/,0,301
/best-crime-thriller-novels/,/crime-fiction-writing/,0,301
/plotting-murder-crime-fiction/,/crime-fiction-writing/,0,301
/complex-villains-crime-fiction/,/crime-fiction-writing/,0,301
/true-crime-inspiration-fiction-writing/,/crime-fiction-writing/,0,301
/daily-word-count-for-writers/,/crime-fiction-writing/,0,301
/lessons-learned-in-writing/,/crime-fiction-writing/,0,301
/are-you-a-plotter-in-writing/,/crime-fiction-writing/,0,301
/mastering-book-promotion-a-self-published-authors-roadmap/,/crime-fiction-writing/,0,301
/facebook-ads-for-authors/,/crime-fiction-writing/,0,301
/amazon-book-keywords/,/crime-fiction-writing/,0,301
/narrative-continuity-errors/,/crime-fiction-writing/,0,301
/book-promotion-strategies-for-self-published-authors/,/crime-fiction-writing/,0,301
/crime-thriller-book-covers-marketing-guide/,/crime-fiction-writing/,0,301
/transformative-power-beta-readers-publishing-process/,/crime-fiction-writing/,0,301
/amazon-book-reviews-impact-sales-rankings/,/crime-fiction-writing/,0,301
/book-editing-process-comprehensive-guide-2/,/crime-fiction-writing/,0,301
/book-title-importance-the-strategic-reality/,/crime-fiction-writing/,0,301
/reality-book-promotion-tactics-author-experience/,/crime-fiction-writing/,0,301
/importance-professional-book-covers-publishing-success/,/crime-fiction-writing/,0,301
/best-espionage-novels-of-the-last-three-years/,/fiction-lists/,0,301
/best-espionage-novels-of-the-last-five-years/,/fiction-lists/,0,301
/best-espionage-novels-for-fans-of-graham-greene/,/fiction-lists/,0,301
/best-espionage-novels-for-fans-of-len-deighton/,/fiction-lists/,0,301
/best-espionage-novels-for-fans-of-frederick-forsyth/,/fiction-lists/,0,301
/best-espionage-novels-for-fans-of-tom-clancy/,/fiction-lists/,0,301
/best-espionage-novels-for-fans-of-brad-thor/,/fiction-lists/,0,301
/best-espionage-novels-for-fans-of-vince-flynn/,/fiction-lists/,0,301
/best-espionage-novels-for-fans-of-jason-matthews/,/fiction-lists/,0,301
/best-espionage-novels-for-fans-of-david-ignatius/,/fiction-lists/,0,301
/best-espionage-novels-for-fans-of-alan-furst/,/fiction-lists/,0,301
/best-espionage-novels-for-fans-of-charles-mccarry/,/fiction-lists/,0,301
/best-espionage-novels-featuring-diplomats/,/fiction-lists/,0,301
/best-espionage-novels-featuring-journalists-as-spies/,/fiction-lists/,0,301
/best-espionage-novels-featuring-whistleblowers/,/fiction-lists/,0,301
/best-espionage-novels-featuring-mercenaries/,/fiction-lists/,0,301
/best-espionage-novels-featuring-private-intelligence-firms/,/fiction-lists/,0,301
/best-espionage-novels-featuring-state-sponsored-crime/,/fiction-lists/,0,301
/best-espionage-novels-featuring-false-flag-operations/,/fiction-lists/,0,301
/best-espionage-novels-featuring-political-assassination/,/fiction-lists/,0,301
/best-espionage-novels-featuring-technology-theft/,/fiction-lists/,0,301
/best-espionage-novels-featuring-economic-espionage/,/fiction-lists/,0,301
/best-espionage-novels-featuring-bioterrorism/,/fiction-lists/,0,301
/best-espionage-novels-featuring-nuclear-threats/,/fiction-lists/,0,301
/best-espionage-novels-featuring-disinformation/,/fiction-lists/,0,301
/best-espionage-novels-featuring-honey-traps/,/fiction-lists/,0,301
/best-espionage-novels-featuring-sleeper-agents/,/fiction-lists/,0,301
/best-espionage-novels-featuring-kgb/,/fiction-lists/,0,301
/best-espionage-novels-featuring-fsb/,/fiction-lists/,0,301
/best-espionage-novels-featuring-mossad/,/fiction-lists/,0,301
/best-espionage-novels-featuring-nsa/,/fiction-lists/,0,301
/best-espionage-novels-featuring-gchq/,/fiction-lists/,0,301
/best-espionage-novels-set-in-multiple-countries/,/fiction-lists/,0,301
/best-espionage-novels-set-in-washington-dc/,/fiction-lists/,0,301
/best-espionage-novels-set-in-moscow/,/fiction-lists/,0,301
/best-espionage-novels-set-in-istanbul/,/fiction-lists/,0,301
/best-espionage-novels-set-in-vienna/,/fiction-lists/,0,301
/best-espionage-novels-set-in-berlin/,/fiction-lists/,0,301
/best-espionage-novels-set-in-israel/,/fiction-lists/,0,301
/best-espionage-novels-set-in-pakistan/,/fiction-lists/,0,301
/best-espionage-novels-set-in-china/,/fiction-lists/,0,301
/best-espionage-novels-set-in-iran/,/fiction-lists/,0,301
/best-espionage-novels-set-in-north-korea/,/fiction-lists/,0,301
/best-espionage-novels-set-in-south-america/,/fiction-lists/,0,301
/best-espionage-novels-set-in-central-asia/,/fiction-lists/,0,301
/best-espionage-novels-set-in-eastern-europe/,/fiction-lists/,0,301
/best-psychological-thrillers-featuring-inherited-trauma/,/fiction-lists/,0,301
/best-psychological-thrillers-featuring-cult-influence/,/fiction-lists/,0,301
/best-psychological-thrillers-featuring-hypnosis/,/fiction-lists/,0,301
/best-psychological-thrillers-featuring-unreliable-memory/,/fiction-lists/,0,301
/best-psychological-thrillers-set-in-holiday-destinations/,/fiction-lists/,0,301
/best-psychological-thrillers-set-in-closed-communities/,/fiction-lists/,0,301
/best-psychological-thrillers-set-in-remote-cabins/,/fiction-lists/,0,301
/best-psychological-thrillers-set-in-luxury-settings/,/fiction-lists/,0,301
/best-psychological-thrillers-featuring-wealth-and-power/,/fiction-lists/,0,301
/best-psychological-thrillers-featuring-blackmail/,/fiction-lists/,0,301
/best-psychological-thrillers-featuring-false-identities/,/fiction-lists/,0,301
/best-psychological-thrillers-featuring-secret-lives/,/fiction-lists/,0,301
/best-psychological-thrillers-featuring-coercive-control/,/fiction-lists/,0,301
/best-psychological-thrillers-featuring-obsessive-love/,/fiction-lists/,0,301
/best-psychological-thrillers-featuring-revenge/,/fiction-lists/,0,301
/best-psychological-thrillers-featuring-infidelity/,/fiction-lists/,0,301
/best-psychological-thrillers-featuring-siblings/,/fiction-lists/,0,301
/best-psychological-thrillers-featuring-mother-daughter-relationships/,/fiction-lists/,0,301
/best-psychological-thrillers-featuring-friendship-gone-wrong/,/fiction-lists/,0,301
/best-psychological-thrillers-featuring-couples-in-crisis/,/fiction-lists/,0,301
/best-claustrophobic-psychological-thrillers/,/fiction-lists/,0,301
/best-atmospheric-psychological-thrillers-set-in-winter/,/fiction-lists/,0,301
/best-fast-paced-psychological-thrillers/,/fiction-lists/,0,301
/best-dark-psychological-thrillers/,/fiction-lists/,0,301
/best-literary-psychological-thrillers/,/fiction-lists/,0,301
/best-award-winning-psychological-thrillers/,/fiction-lists/,0,301
/best-new-psychological-thriller-novels-in-2026/,/fiction-lists/,0,301
/best-new-psychological-thriller-novels-in-2025/,/fiction-lists/,0,301
/best-psychological-thriller-novels-of-the-last-three-years/,/fiction-lists/,0,301
/best-psychological-thriller-novels-for-fans-of-erin-kelly/,/fiction-lists/,0,301
/best-psychological-thriller-novels-for-fans-of-liane-moriarty/,/fiction-lists/,0,301
/best-psychological-thriller-novels-for-fans-of-aj-finn/,/fiction-lists/,0,301
/best-psychological-thriller-novels-for-fans-of-sj-watson/,/fiction-lists/,0,301
/best-psychological-thriller-novels-for-fans-of-jp-delaney/,/fiction-lists/,0,301
/best-psychological-thriller-novels-for-fans-of-ba-paris/,/fiction-lists/,0,301
/best-psychological-thriller-novels-for-fans-of-clare-mackintosh/,/fiction-lists/,0,301
/best-psychological-thriller-novels-for-fans-of-lucy-foley/,/fiction-lists/,0,301
/best-psychological-thriller-novels-for-fans-of-ruth-ware/,/fiction-lists/,0,301
/best-psychological-thriller-novels-for-fans-of-lisa-jewell/,/fiction-lists/,0,301
/best-psychological-thriller-novels-with-sympathetic-villains/,/fiction-lists/,0,301
/best-psychological-thriller-novels-with-shocking-twists/,/fiction-lists/,0,301
/best-psychological-thriller-novels-with-epistolary-format/,/fiction-lists/,0,301
/best-psychological-thriller-novels-with-dual-narratives/,/fiction-lists/,0,301
/best-psychological-thriller-novels-with-multiple-timelines/,/fiction-lists/,0,301
/best-psychological-thriller-novels-set-in-france/,/fiction-lists/,0,301
/best-psychological-thriller-novels-set-in-australia/,/fiction-lists/,0,301
/best-psychological-thriller-novels-set-in-the-us/,/fiction-lists/,0,301
/best-psychological-thriller-novels-set-in-scandinavia/,/fiction-lists/,0,301
/best-psychological-thriller-novels-set-in-ireland/,/fiction-lists/,0,301
/best-psychological-thriller-novels-set-in-scotland/,/fiction-lists/,0,301
/best-psychological-thriller-novels-set-in-the-countryside/,/fiction-lists/,0,301
/best-psychological-thriller-novels-set-in-cities/,/fiction-lists/,0,301
/best-psychological-thriller-novels-set-in-suburbia/,/fiction-lists/,0,301
/best-psychological-thriller-novels-set-in-isolated-locations/,/fiction-lists/,0,301
/best-psychological-thriller-novels-featuring-workplace-tension/,/fiction-lists/,0,301
/best-psychological-thriller-novels-featuring-dangerous-neighbours/,/fiction-lists/,0,301
/best-psychological-thriller-novels-featuring-hidden-pasts-2/,/fiction-lists/,0,301
/best-psychological-thriller-novels-featuring-hidden-pasts/,/fiction-lists/,0,301
/best-psychological-thriller-novels-featuring-dark-secrets/,/fiction-lists/,0,301
/best-psychological-thriller-novels-featuring-social-media/,/fiction-lists/,0,301
/best-psychological-thriller-novels-featuring-online-danger/,/fiction-lists/,0,301
/best-psychological-thriller-novels-featuring-social-isolation/,/fiction-lists/,0,301
/best-psychological-thriller-novels-featuring-loneliness/,/fiction-lists/,0,301
/best-psychological-thriller-novels-featuring-grief/,/fiction-lists/,0,301
/best-psychological-thriller-novels-featuring-addiction/,/fiction-lists/,0,301
/best-psychological-thriller-novels-featuring-ptsd/,/fiction-lists/,0,301
/best-psychological-thriller-novels-featuring-memory-loss/,/fiction-lists/,0,301
/best-psychological-thriller-novels-featuring-paranoia/,/fiction-lists/,0,301
/best-psychological-thriller-novels-featuring-jealousy/,/fiction-lists/,0,301
/best-psychological-thriller-novels-featuring-toxic-relationships/,/fiction-lists/,0,301
/best-psychological-thriller-novels-featuring-manipulation/,/fiction-lists/,0,301
/best-psychological-thriller-novels-featuring-stalking/,/fiction-lists/,0,301
/best-murder-mystery-novels-featuring-community-sleuths/,/fiction-lists/,0,301
/best-murder-mystery-novels-featuring-strong-sense-of-place/,/fiction-lists/,0,301
/best-murder-mystery-novels-featuring-real-locations/,/fiction-lists/,0,301
/best-unputdownable-murder-mystery-novels/,/fiction-lists/,0,301
/best-murder-mystery-novels-that-keep-you-guessing/,/fiction-lists/,0,301
/best-murder-mystery-series-worth-completing/,/fiction-lists/,0,301
/best-modern-golden-age-murder-mysteries/,/fiction-lists/,0,301
/best-classic-golden-age-murder-mysteries/,/fiction-lists/,0,301
/best-award-winning-murder-mystery-novels/,/fiction-lists/,0,301
/best-humorous-murder-mystery-novels/,/fiction-lists/,0,301
/the-art-of-misdirection-four-twisty-murder-mystery-novels-that-redefine-the-genre/,/fiction-lists/,0,301
/best-twisty-murder-mystery-novels/,/fiction-lists/,0,301
/best-dark-murder-mystery-novels/,/fiction-lists/,0,301
/best-cosy-murder-mystery-novels/,/fiction-lists/,0,301
/best-new-murder-mystery-novels-in-2026/,/fiction-lists/,0,301
/best-new-murder-mystery-novels-in-2025/,/fiction-lists/,0,301
/best-murder-mystery-novels-of-the-last-three-years/,/fiction-lists/,0,301
/best-murder-mystery-novels-of-the-last-five-years/,/fiction-lists/,0,301
/best-murder-mystery-novels-for-fans-of-jm-gregson/,/fiction-lists/,0,301
/best-murder-mystery-novels-for-fans-of-lj-ross/,/fiction-lists/,0,301
/best-murder-mystery-novels-for-fans-of-catriona-mcpherson/,/fiction-lists/,0,301
/best-murder-mystery-novels-for-fans-of-simon-brett/,/fiction-lists/,0,301
/best-murder-mystery-novels-for-fans-of-peter-lovesey/,/fiction-lists/,0,301
/best-murder-mystery-novels-for-fans-of-mc-beaton/,/fiction-lists/,0,301
/best-murder-mystery-novels-for-fans-of-robert-thorogood/,/fiction-lists/,0,301
/best-murder-mystery-novels-for-fans-of-richard-osman/,/fiction-lists/,0,301
/best-murder-mystery-novels-with-vicar-protagonists/,/fiction-lists/,0,301
/best-murder-mystery-novels-with-doctor-protagonists/,/fiction-lists/,0,301
/best-murder-mystery-novels-with-lawyer-protagonists/,/fiction-lists/,0,301
/best-murder-mystery-novels-with-journalist-protagonists/,/fiction-lists/,0,301
/best-murder-mystery-novels-with-elderly-protagonists/,/fiction-lists/,0,301
/best-murder-mystery-novels-with-male-protagonists/,/fiction-lists/,0,301
/best-murder-mystery-novels-featuring-buried-pasts/,/fiction-lists/,0,301
/best-murder-mystery-novels-featuring-feuding-families/,/fiction-lists/,0,301
/best-murder-mystery-novels-featuring-staged-accidents/,/fiction-lists/,0,301
/best-murder-mystery-novels-featuring-faked-suicides/,/fiction-lists/,0,301
/best-murder-mystery-novels-featuring-poisoned-food/,/fiction-lists/,0,301
/best-murder-mystery-novels-featuring-closed-circle-mysteries/,/fiction-lists/,0,301
/best-murder-mystery-novels-featuring-red-herrings/,/fiction-lists/,0,301
/best-murder-mystery-novels-featuring-multiple-suspects/,/fiction-lists/,0,301
/best-murder-mystery-novels-featuring-false-alibis/,/fiction-lists/,0,301
/best-murder-mystery-novels-featuring-hidden-identities/,/fiction-lists/,0,301
/best-murder-mystery-novels-featuring-greed/,/fiction-lists/,0,301
/best-murder-mystery-novels-featuring-jealousy/,/fiction-lists/,0,301
/best-murder-mystery-novels-featuring-revenge/,/fiction-lists/,0,301
/best-murder-mystery-novels-featuring-family-secrets/,/fiction-lists/,0,301
/best-murder-mystery-novels-featuring-poisoning/,/fiction-lists/,0,301
/best-murder-mystery-novels-set-in-a-golf-club/,/fiction-lists/,0,301
/best-murder-mystery-novels-set-in-a-stately-home/,/fiction-lists/,0,301
/best-murder-mystery-novels-set-in-a-manor-house/,/fiction-lists/,0,301
/best-murder-mystery-novels-set-in-a-spa/,/fiction-lists/,0,301
/best-murder-mystery-novels-set-in-a-museum/,/fiction-lists/,0,301
/best-murder-mystery-novels-set-in-a-university/,/fiction-lists/,0,301
/best-murder-mystery-novels-set-in-a-theatre/,/fiction-lists/,0,301
/best-murder-mystery-novels-set-in-a-library/,/fiction-lists/,0,301
/best-murder-mystery-novels-set-in-a-school/,/fiction-lists/,0,301
/best-murder-mystery-novels-set-on-a-cruise-ship/,/fiction-lists/,0,301
/best-murder-mystery-novels-set-on-a-train/,/fiction-lists/,0,301
/best-murder-mystery-novels-set-in-a-hotel/,/fiction-lists/,0,301
/best-murder-mystery-novels-set-in-a-castle/,/fiction-lists/,0,301
/best-murder-mystery-novels-set-in-a-country-house/,/fiction-lists/,0,301
/best-murder-mystery-novels-set-in-italy/,/fiction-lists/,0,301
/best-murder-mystery-novels-set-in-france/,/fiction-lists/,0,301
/best-murder-mystery-novels-set-in-new-zealand/,/fiction-lists/,0,301
/best-murder-mystery-novels-set-in-canada/,/fiction-lists/,0,301
/best-murder-mystery-novels-set-in-northern-ireland/,/fiction-lists/,0,301
/best-murder-mystery-novels-set-in-wales/,/fiction-lists/,0,301
/best-murder-mystery-novels-set-in-the-cotswolds/,/fiction-lists/,0,301
/best-murder-mystery-novels-set-in-cambridge/,/fiction-lists/,0,301
/best-murder-mystery-novels-set-in-oxford/,/fiction-lists/,0,301
/best-murder-mystery-novels-set-in-devon/,/fiction-lists/,0,301
/best-murder-mystery-novels-set-in-the-lake-district/,/fiction-lists/,0,301
/best-murder-mystery-novels-set-in-yorkshire/,/fiction-lists/,0,301
/best-murder-mystery-novels-set-in-the-english-countryside/,/fiction-lists/,0,301
/best-police-procedural-novels-set-in-aberdeen/,/fiction-lists/,0,301
/best-police-procedural-novels-featuring-witness-intimidation/,/fiction-lists/,0,301
/best-police-procedural-novels-featuring-arson/,/fiction-lists/,0,301
/best-police-procedural-novels-featuring-knife-crime/,/fiction-lists/,0,301
/best-police-procedural-novels-featuring-hate-crime/,/fiction-lists/,0,301
/best-police-procedural-novels-featuring-missing-adults/,/fiction-lists/,0,301
/best-nordic-police-procedural-novels/,/fiction-lists/,0,301
/best-american-police-procedural-novels/,/fiction-lists/,0,301
/best-irish-police-procedural-novels/,/fiction-lists/,0,301
/best-australian-police-procedural-novels/,/fiction-lists/,0,301
/best-police-procedural-novels-with-retired-officers/,/fiction-lists/,0,301
/best-police-procedural-novels-with-unreliable-detectives/,/fiction-lists/,0,301
/best-police-procedural-novels-with-ensemble-casts/,/fiction-lists/,0,301
/best-police-procedural-novels-featuring-cold-case-units/,/fiction-lists/,0,301
/best-police-procedural-novels-featuring-human-trafficking/,/fiction-lists/,0,301
/best-police-procedural-novels-featuring-financial-crime/,/fiction-lists/,0,301
/best-police-procedural-novels-featuring-art-crime/,/fiction-lists/,0,301
/best-police-procedural-novels-featuring-organised-crime/,/fiction-lists/,0,301
/best-police-procedural-novels-featuring-drug-crime/,/fiction-lists/,0,301
/best-police-procedural-novels-featuring-domestic-abuse/,/fiction-lists/,0,301
/best-police-procedural-novels-featuring-gang-crime/,/fiction-lists/,0,301
/best-police-procedural-novels-featuring-missing-children/,/fiction-lists/,0,301
/best-police-procedural-novels-set-in-small-communities/,/fiction-lists/,0,301
/best-standalone-police-procedural-novels/,/fiction-lists/,0,301
/fast-paced-police-procedural-novels-four-relentless-investigations-that-define-modern-crime-fiction/,/fiction-lists/,0,301
/best-police-procedural-novels-with-twists/,/fiction-lists/,0,301
/best-debut-police-procedural-novels-worth-reading/,/fiction-lists/,0,301
/best-award-winning-police-procedural-novels/,/fiction-lists/,0,301
/best-female-led-police-procedural-novels/,/fiction-lists/,0,301
/best-fast-paced-police-procedural-novels/,/fiction-lists/,0,301
/best-dark-police-procedural-novels/,/fiction-lists/,0,301
/best-atmospheric-police-procedural-novels/,/fiction-lists/,0,301
/best-literary-police-procedural-novels/,/fiction-lists/,0,301
/best-police-procedural-novels-of-the-last-three-years/,/fiction-lists/,0,301
/best-police-procedural-novels-of-the-last-five-years/,/fiction-lists/,0,301
/best-police-procedural-novels-for-fans-of-peter-robinson/,/fiction-lists/,0,301
/best-police-procedural-novels-for-fans-of-stuart-macbride/,/fiction-lists/,0,301
/best-police-procedural-novels-for-fans-of-val-mcdermid/,/fiction-lists/,0,301
/best-police-procedural-novels-for-fans-of-mj-arlidge/,/fiction-lists/,0,301
/best-police-procedural-novels-for-fans-of-mark-billingham/,/fiction-lists/,0,301
/best-police-procedural-novels-for-fans-of-angela-marsons/,/fiction-lists/,0,301
/best-police-procedural-novels-for-fans-of-ann-cleeves/,/fiction-lists/,0,301
/best-police-procedural-novels-for-fans-of-ian-rankin/,/fiction-lists/,0,301
/best-police-procedural-novels-for-fans-of-peter-james/,/fiction-lists/,0,301
/best-police-procedural-novels-for-fans-of-lynda-la-plante/,/fiction-lists/,0,301
/best-police-procedural-novels-featuring-whistleblowers/,/fiction-lists/,0,301
/best-police-procedural-novels-featuring-police-corruption/,/fiction-lists/,0,301
/best-police-procedural-novels-featuring-small-town-police/,/fiction-lists/,0,301
/best-police-procedural-novels-featuring-rural-police/,/fiction-lists/,0,301
/best-police-procedural-novels-featuring-forensic-teams/,/fiction-lists/,0,301
/best-police-procedural-novels-featuring-profilers/,/fiction-lists/,0,301
/best-police-procedural-novels-featuring-cybercrime-units/,/fiction-lists/,0,301
/best-police-procedural-novels-featuring-homicide-squads/,/fiction-lists/,0,301
/best-police-procedural-novels-featuring-major-crime-units/,/fiction-lists/,0,301
/best-police-procedural-novels-featuring-internal-affairs/,/fiction-lists/,0,301
/best-police-procedural-novels-featuring-undercover-operations/,/fiction-lists/,0,301
/best-police-procedural-novels-with-detective-superintendents/,/fiction-lists/,0,301
/best-police-procedural-novels-with-detective-chief-inspectors/,/fiction-lists/,0,301
/best-police-procedural-novels-with-veteran-detectives/,/fiction-lists/,0,301
/best-police-procedural-novels-with-lgbtq-detectives/,/fiction-lists/,0,301
/best-police-procedural-novels-with-asian-detectives/,/fiction-lists/,0,301
/best-police-procedural-novels-with-black-detectives/,/fiction-lists/,0,301
/best-police-procedural-novels-set-in-canada-2/,/fiction-lists/,0,301
/best-police-procedural-novels-set-in-spain/,/fiction-lists/,0,301
/best-police-procedural-novels-set-in-germany/,/fiction-lists/,0,301
/best-police-procedural-novels-set-in-scandinavia-2/,/fiction-lists/,0,301
/best-police-procedural-novels-set-in-canada/,/fiction-lists/,0,301
/best-police-procedural-novels-set-in-chicago/,/fiction-lists/,0,301
/best-police-procedural-novels-set-in-los-angeles/,/fiction-lists/,0,301
/best-police-procedural-novels-set-in-new-york/,/fiction-lists/,0,301
/best-police-procedural-novels-set-in-glasgow/,/fiction-lists/,0,301
/best-police-procedural-novels-set-in-edinburgh/,/fiction-lists/,0,301
/best-police-procedural-novels-set-in-cornwall/,/fiction-lists/,0,301
/best-police-procedural-novels-set-in-the-midlands/,/fiction-lists/,0,301
/best-police-procedural-novels-set-in-yorkshire/,/fiction-lists/,0,301
/best-police-procedural-novels-set-in-northern-ireland/,/fiction-lists/,0,301
/best-police-procedural-novels-set-in-wales/,/fiction-lists/,0,301
/best-police-procedural-novels-set-in-ireland/,/fiction-lists/,0,301
/best-crime-duologies-worth-reading/,/fiction-lists/,0,301
/best-standalone-crime-novels/,/fiction-lists/,0,301
/best-plot-driven-crime-novels/,/fiction-lists/,0,301
/best-character-driven-crime-novels/,/fiction-lists/,0,301
/freya-tulloch-mysteries/,/fiction-lists/,0,301
/orkney-islands-thriller-books/,/fiction-lists/,0,301
/scottish-island-noir/,/fiction-lists/,0,301
/norse-heritage-mystery-novels/,/fiction-lists/,0,301
/orkney-murder-mysteries/,/fiction-lists/,0,301
/scottish-island-detective-series/,/fiction-lists/,0,301
/murder-mysteries-set-in-scottish-highlands/,/fiction-lists/,0,301
/scottish-highland-thriller-series/,/fiction-lists/,0,301
/highland-crime-fiction/,/fiction-lists/,0,301
/scottish-highlands-police-procedural/,/fiction-lists/,0,301
/highland-murder-mystery-novels/,/fiction-lists/,0,301
/scottish-highlands-detective-series/,/fiction-lists/,0,301
/nsw-crime-thrillers/,/fiction-lists/,0,301
/sydney-police-procedural-novels/,/fiction-lists/,0,301
/bondi-beach-crime-fiction/,/fiction-lists/,0,301
/crime-thrillers-set-in-sydney/,/fiction-lists/,0,301
/outback-detective-series/,/fiction-lists/,0,301
/australian-bush-crime-thrillers/,/fiction-lists/,0,301
/desert-crime-fiction/,/fiction-lists/,0,301
/outback-thriller-books/,/fiction-lists/,0,301
/australian-outback-crime-fiction-2/,/fiction-lists/,0,301
/orkney-crime-fiction/,/fiction-lists/,0,301
/orkney-islands-mystery-series/,/fiction-lists/,0,301
/highland-noir-authors/,/fiction-lists/,0,301
/highland-noir-mystery-series/,/fiction-lists/,0,301
/sydney-sergeant-detective-series/,/fiction-lists/,0,301
/sydney-detective-series/,/fiction-lists/,0,301
/sydney-harbour-crime-novels/,/fiction-lists/,0,301
/sydney-crime-fiction/,/fiction-lists/,0,301
/best-police-procedural-series-to-read-in-order-the-complete-guide/,/fiction-lists/,0,301
/best-spy-novels-with-dual-identity-protagonists/,/fiction-lists/,0,301
/best-spy-novels-featuring-tradecraft/,/fiction-lists/,0,301
/best-modern-spy-novels-set-in-the-digital-age/,/fiction-lists/,0,301
/best-classic-cold-war-spy-novels/,/fiction-lists/,0,301
/best-new-espionage-novels-in-2025/,/fiction-lists/,0,301
/best-new-police-procedural-novels-in-2025/,/fiction-lists/,0,301
/outback-noir-mystery-series/,/fiction-lists/,0,301
/best-outback-noir-thrillers/,/fiction-lists/,0,301
/odysseus-kalaris-series/,/fiction-lists/,0,301
/di-tobias-stone-series/,/fiction-lists/,0,301
/alex-harlan-series-2/,/fiction-lists/,0,301
/jodi-brennan-series/,/fiction-lists/,0,301
/di-tremayne-series-3/,/fiction-lists/,0,301
/dci-isaac-cook-series-2/,/fiction-lists/,0,301
/freya-tulloch-orkney-mystery-series/,/fiction-lists/,0,301
/di-sarah-lynch-highland-mysteries-complete-series/,/fiction-lists/,0,301
/natalie-campbell-series-reading-order/,/fiction-lists/,0,301
/maya-thorne-books-in-order-2/,/fiction-lists/,0,301
/best-satirical-crime-novels/,/fiction-lists/,0,301
/best-humorous-crime-novels/,/fiction-lists/,0,301
/best-witty-crime-novels/,/fiction-lists/,0,301
/best-gritty-crime-novels/,/fiction-lists/,0,301
/best-dark-crime-novels/,/fiction-lists/,0,301
/best-atmospheric-crime-novels/,/fiction-lists/,0,301
/best-literary-crime-novels/,/fiction-lists/,0,301
/best-crime-novels-that-defined-the-genre/,/fiction-lists/,0,301
/best-classic-american-crime-novels/,/fiction-lists/,0,301
/best-classic-british-crime-novels/,/fiction-lists/,0,301
/best-new-crime-novels-in-2025/,/fiction-lists/,0,301
/best-crime-novels-of-the-last-three-years/,/fiction-lists/,0,301
/best-crime-novels-of-the-last-five-years/,/fiction-lists/,0,301
/best-crime-novels-for-fans-of-declan-hughes/,/fiction-lists/,0,301
/best-crime-novels-for-fans-of-brian-mcgilloway/,/fiction-lists/,0,301
/best-crime-novels-for-fans-of-garry-disher/,/fiction-lists/,0,301
/best-crime-novels-for-fans-of-michael-robotham/,/fiction-lists/,0,301
/best-crime-novels-for-fans-of-chris-hammer/,/fiction-lists/,0,301
/best-crime-novels-for-fans-of-jane-harper/,/fiction-lists/,0,301
/best-crime-novels-for-fans-of-lucy-foley/,/fiction-lists/,0,301
/best-crime-novels-for-fans-of-ruth-ware/,/fiction-lists/,0,301
/best-crime-novels-for-fans-of-clare-mackintosh/,/fiction-lists/,0,301
/best-crime-novels-for-fans-of-lisa-jewell/,/fiction-lists/,0,301
/best-crime-novels-for-fans-of-liane-moriarty/,/fiction-lists/,0,301
/best-crime-novels-for-fans-of-shari-lapena/,/fiction-lists/,0,301
/best-crime-novels-for-fans-of-chris-brookmyre/,/fiction-lists/,0,301
/best-crime-novels-for-fans-of-mason-cross/,/fiction-lists/,0,301
/best-crime-novels-for-fans-of-lj-ross/,/fiction-lists/,0,301
/best-crime-novels-for-fans-of-caz-frear/,/fiction-lists/,0,301
/best-crime-novels-for-fans-of-jane-casey/,/fiction-lists/,0,301
/best-crime-novels-for-fans-of-dervla-mctiernan/,/fiction-lists/,0,301
/best-crime-novels-for-fans-of-declan-burke/,/fiction-lists/,0,301
/best-crime-novels-for-fans-of-john-connolly/,/fiction-lists/,0,301
/best-crime-novels-for-fans-of-lee-child/,/fiction-lists/,0,301
/best-crime-novels-for-fans-of-james-patterson/,/fiction-lists/,0,301
/best-crime-novels-for-fans-of-harlan-coben/,/fiction-lists/,0,301
/best-crime-novels-for-fans-of-michael-connelly/,/fiction-lists/,0,301
/best-crime-novels-for-fans-of-pd-james/,/fiction-lists/,0,301
/best-crime-novels-for-fans-of-ruth-rendell/,/fiction-lists/,0,301
/best-crime-novels-for-fans-of-colin-dexter/,/fiction-lists/,0,301
/best-crime-novels-for-fans-of-reginald-hill/,/fiction-lists/,0,301
/best-crime-novels-for-fans-of-peter-robinson/,/fiction-lists/,0,301
/best-crime-novels-for-fans-of-sophie-hannah/,/fiction-lists/,0,301
/best-crime-novels-for-fans-of-kate-atkinson/,/fiction-lists/,0,301
/best-crime-novels-featuring-online-predators/,/fiction-lists/,0,301
/best-crime-novels-featuring-neighbourhood-disputes/,/fiction-lists/,0,301
/best-crime-novels-featuring-obsessive-behaviour/,/fiction-lists/,0,301
/best-crime-novels-featuring-coercive-control/,/fiction-lists/,0,301
/best-crime-novels-featuring-gaslighting/,/fiction-lists/,0,301
/best-crime-novels-featuring-domestic-noir/,/fiction-lists/,0,301
/best-crime-novels-featuring-accidental-death/,/fiction-lists/,0,301
/best-crime-novels-featuring-revenge-killings/,/fiction-lists/,0,301
/best-crime-novels-featuring-whistleblowers/,/fiction-lists/,0,301
/best-crime-novels-featuring-toxic-workplaces/,/fiction-lists/,0,301
/best-crime-novels-featuring-vigilante-justice/,/fiction-lists/,0,301
/best-crime-novels-featuring-wrongful-conviction/,/fiction-lists/,0,301
/best-crime-novels-featuring-witness-protection/,/fiction-lists/,0,301
/best-crime-novels-featuring-blackmail/,/fiction-lists/,0,301
/best-crime-novels-featuring-identity-theft/,/fiction-lists/,0,301
/best-crime-novels-featuring-gambling/,/fiction-lists/,0,301
/best-crime-novels-featuring-food-and-drink/,/fiction-lists/,0,301
/best-crime-novels-featuring-wildlife-crime/,/fiction-lists/,0,301
/best-crime-novels-featuring-environmental-crime/,/fiction-lists/,0,301
/best-crime-novels-featuring-corporate-corruption/,/fiction-lists/,0,301
/best-crime-novels-featuring-the-publishing-world/,/fiction-lists/,0,301
/best-crime-novels-featuring-the-art-world/,/fiction-lists/,0,301
/best-crime-novels-featuring-the-film-industry/,/fiction-lists/,0,301
/best-crime-novels-featuring-the-music-industry/,/fiction-lists/,0,301
/best-crime-novels-featuring-academia/,/fiction-lists/,0,301
/best-crime-novels-featuring-religious-institutions/,/fiction-lists/,0,301
/best-crime-novels-featuring-political-corruption/,/fiction-lists/,0,301
/best-crime-novels-featuring-human-trafficking/,/fiction-lists/,0,301
/best-crime-novels-featuring-cybercrime/,/fiction-lists/,0,301
/best-crime-novels-with-working-class-detectives/,/fiction-lists/,0,301
/best-crime-novels-with-black-protagonists/,/fiction-lists/,0,301
/best-crime-novels-with-lgbtq-protagonists/,/fiction-lists/,0,301
/best-crime-novels-with-disabled-protagonists/,/fiction-lists/,0,301
/best-crime-novels-with-veteran-protagonists/,/fiction-lists/,0,301
/best-crime-novels-with-immigrant-protagonists/,/fiction-lists/,0,301
/best-crime-novels-with-single-mother-protagonists/,/fiction-lists/,0,301
/best-crime-novels-with-divorced-protagonists/,/fiction-lists/,0,301
/best-crime-novels-with-widowed-protagonists/,/fiction-lists/,0,301
/best-crime-novels-with-young-adult-protagonists/,/fiction-lists/,0,301
/best-crime-novels-with-teacher-protagonists/,/fiction-lists/,0,301
/best-crime-novels-with-doctor-protagonists/,/fiction-lists/,0,301
/best-crime-novels-with-lawyer-protagonists/,/fiction-lists/,0,301
/best-crime-novels-set-in-argyll/,/fiction-lists/,0,301
/best-crime-novels-set-in-the-cairngorms/,/fiction-lists/,0,301
/best-crime-novels-set-in-aberdeen/,/fiction-lists/,0,301
/best-crime-novels-set-in-fife/,/fiction-lists/,0,301
/best-crime-novels-set-in-brazil/,/fiction-lists/,0,301
/best-crime-novels-set-in-mexico/,/fiction-lists/,0,301
/best-crime-novels-set-in-the-caribbean/,/fiction-lists/,0,301
/best-crime-novels-set-in-china/,/fiction-lists/,0,301
/best-crime-novels-set-in-india/,/fiction-lists/,0,301
/best-crime-novels-set-in-eastern-europe/,/fiction-lists/,0,301
/best-crime-novels-set-in-portugal/,/fiction-lists/,0,301
/best-crime-novels-set-in-spain/,/fiction-lists/,0,301
/best-crime-novels-set-in-germany-4/,/fiction-lists/,0,301
/best-crime-novels-set-in-iceland/,/fiction-lists/,0,301
/best-crime-novels-set-in-finland/,/fiction-lists/,0,301
/best-crime-novels-set-in-norway/,/fiction-lists/,0,301
/best-crime-novels-set-in-texas/,/fiction-lists/,0,301
/best-crime-novels-set-in-san-francisco/,/fiction-lists/,0,301
/best-crime-novels-set-in-miami/,/fiction-lists/,0,301
/best-crime-novels-set-in-new-orleans/,/fiction-lists/,0,301
/best-crime-novels-set-in-boston/,/fiction-lists/,0,301
/best-crime-novels-set-in-chicago/,/fiction-lists/,0,301
/best-crime-novels-set-in-vancouver/,/fiction-lists/,0,301
/best-crime-novels-set-in-canada/,/fiction-lists/,0,301
/best-crime-novels-set-in-south-africa/,/fiction-lists/,0,301
/best-crime-novels-set-in-new-zealand/,/fiction-lists/,0,301
/best-crime-novels-set-in-perth/,/fiction-lists/,0,301
/best-crime-novels-set-in-germany/,/fiction-lists/,0,301
/best-crime-novels-set-in-germany-2/,/fiction-lists/,0,301
/best-scifi-thriller/,/fiction-lists/,0,301
/best-crime-novels-set-in-germany-3/,/fiction-lists/,0,301
/best-crime-novels-set-in-the-australian-outback/,/fiction-lists/,0,301
/best-crime-novels-set-in-perth-2/,/fiction-lists/,0,301
/best-crime-novels-set-in-melbourne/,/fiction-lists/,0,301
/best-crime-novels-set-in-sydney/,/fiction-lists/,0,301
/best-crime-novels-set-in-belfast/,/fiction-lists/,0,301
/best-crime-novels-set-in-cork/,/fiction-lists/,0,301
/best-crime-novels-set-in-leeds/,/fiction-lists/,0,301
/best-crime-novels-set-in-newcastle/,/fiction-lists/,0,301
/best-crime-novels-set-in-birmingham/,/fiction-lists/,0,301
/best-crime-novels-set-in-liverpool/,/fiction-lists/,0,301
/best-crime-novels-set-in-bristol/,/fiction-lists/,0,301
/best-crime-novels-set-in-cambridge/,/fiction-lists/,0,301
/best-crime-novels-set-in-oxford/,/fiction-lists/,0,301
/best-crime-novels-set-in-the-cotswolds/,/fiction-lists/,0,301
/best-crime-novels-set-in-dorset/,/fiction-lists/,0,301
/best-crime-novels-set-in-norfolk/,/fiction-lists/,0,301
/best-crime-novels-set-in-devon/,/fiction-lists/,0,301
/best-crime-novels-set-in-the-shetland-islands/,/fiction-lists/,0,301
/best-crime-novels-set-in-the-outer-hebrides/,/fiction-lists/,0,301
/best-crime-novels-set-in-northern-ireland/,/fiction-lists/,0,301
/best-crime-novels-set-in-cornwall/,/fiction-lists/,0,301
/best-crime-novels-set-in-the-lake-district/,/fiction-lists/,0,301
/best-crime-novels-set-in-glasgow/,/fiction-lists/,0,301
/best-crime-novels-set-in-edinburgh/,/fiction-lists/,0,301
/best-cozy-mystery-novels-with-female-protagonists/,/fiction-lists/,0,301
/best-cozy-mystery-novels-with-amateur-sleuths/,/fiction-lists/,0,301
/best-british-cozy-mystery-novels-of-the-last-twenty-years/,/fiction-lists/,0,301
/what-to-read-after-val-mcdermid-tony-hill-series/,/fiction-lists/,0,301
/best-cozy-mystery-novels-with-cat-detectives-2/,/fiction-lists/,0,301
/best-cozy-mystery-novels-set-in-a-bakery-2/,/fiction-lists/,0,301
/best-cozy-mystery-novels-set-in-a-village-2/,/fiction-lists/,0,301
/best-cozy-mystery-novels-set-in-a-bookshop/,/fiction-lists/,0,301
/best-cozy-mystery-novels-set-in-scotland-2/,/fiction-lists/,0,301
/best-cozy-mystery-novels-set-in-the-english-countryside-2/,/fiction-lists/,0,301
/what-to-read-after-ann-cleeves-vera-series-6/,/fiction-lists/,0,301
/what-to-read-after-ian-rankin-rebus-series-3/,/fiction-lists/,0,301
/what-to-read-after-ann-cleeves-vera-series-9/,/fiction-lists/,0,301
/best-historical-crime-novels-set-in-the-1920s/,/fiction-lists/,0,301
/best-historical-crime-novels-set-in-edwardian-england/,/fiction-lists/,0,301
/best-cozy-mystery-novels-with-cat-detectives/,/fiction-lists/,0,301
/best-historical-crime-novels-for-fans-of-cj-sansom/,/fiction-lists/,0,301
/best-historical-thriller-novels-of-the-last-twenty-years/,/fiction-lists/,0,301
/best-historical-mystery-novels-of-the-last-twenty-years/,/fiction-lists/,0,301
/best-historical-crime-novels-set-in-scotland/,/fiction-lists/,0,301
/best-historical-crime-novels-set-in-medieval-england/,/fiction-lists/,0,301
/best-historical-crime-novels-set-in-the-1930s/,/fiction-lists/,0,301
/what-to-read-after-ian-rankin-rebus-series-6/,/fiction-lists/,0,301
/what-to-read-after-ian-rankin-rebus-series-7/,/fiction-lists/,0,301
/what-to-read-after-ian-rankin-rebus-series-8/,/fiction-lists/,0,301
/best-selling-near-future-thriller-novels-in-2026/,/fiction-lists/,0,301
/best-selling-science-fiction-crime-novels-in-2026/,,0,410
/best-dystopian-crime-novels-of-the-last-twenty-years/,,0,410
/best-science-fiction-thriller-novels-of-the-last-twenty-years/,,0,410
/best-near-future-crime-novels-of-the-last-twenty-years/,/fiction-lists/,0,301
/best-cyberpunk-crime-novels-of-the-last-twenty-years/,,0,410
/best-science-fiction-crime-novels-of-the-last-twenty-years/,,0,410
/best-selling-historical-thriller-novels-in-2026/,/fiction-lists/,0,301
/best-historical-crime-novels-for-fans-of-lindsey-davis/,/fiction-lists/,0,301
/best-private-investigator-novels-set-in-britain/,/fiction-lists/,0,301
/best-private-investigator-novels-set-in-the-us/,/fiction-lists/,0,301
/best-private-investigator-novels-set-in-australia/,/fiction-lists/,0,301
/best-private-investigator-novels-with-female-protagonists/,/fiction-lists/,0,301
/best-private-investigator-novels-featuring-ex-police-detectives/,/fiction-lists/,0,301
/best-private-investigator-series-to-read-in-order/,/fiction-lists/,0,301
/best-selling-private-investigator-novels-in-2026/,/fiction-lists/,0,301
/what-to-read-after-ann-cleeves-vera-series-10/,/fiction-lists/,0,301
/what-to-read-after-ian-rankin-rebus-series/,/fiction-lists/,0,301
/best-atmospheric-noir-crime-novels/,/fiction-lists/,0,301
/best-noir-crime-novels-featuring-female-protagonists/,/fiction-lists/,0,301
/best-selling-noir-crime-novels-in-2026/,/fiction-lists/,0,301
/best-cozy-mystery-novels-set-in-britain/,/fiction-lists/,0,301
/best-cozy-mystery-novels-set-in-the-english-countryside/,/fiction-lists/,0,301
/best-cozy-mystery-novels-set-in-scotland/,/fiction-lists/,0,301
/best-cozy-mystery-novels-set-in-a-bakery/,/fiction-lists/,0,301
/best-cozy-mystery-novels-set-in-a-village/,/fiction-lists/,0,301
/best-cozy-mystery-series-to-binge-read/,/fiction-lists/,0,301
/best-cozy-mystery-novels-for-fans-of-richard-osman/,/fiction-lists/,0,301
/best-selling-cozy-mystery-novels-in-2026/,/fiction-lists/,0,301
/best-conspiracy-thriller-novels-of-the-last-twenty-years/,/fiction-lists/,0,301
/best-conspiracy-thriller-novels-featuring-government-cover-ups/,/fiction-lists/,0,301
/best-conspiracy-thriller-novels-featuring-secret-societies/,/fiction-lists/,0,301
/best-techno-thriller-novels-of-the-last-twenty-years/,/fiction-lists/,0,301
/best-techno-thriller-novels-featuring-cyber-attacks/,/fiction-lists/,0,301
/best-techno-thriller-novels-featuring-artificial-intelligence/,/fiction-lists/,0,301
/best-action-thriller-novels-of-the-last-twenty-years/,/fiction-lists/,0,301
/best-action-thriller-novels-featuring-ex-military-protagonists/,/fiction-lists/,0,301
/best-action-thriller-novels-set-in-europe/,/fiction-lists/,0,301
/best-terrorism-thriller-novels-of-the-last-twenty-years/,/fiction-lists/,0,301
/best-terrorism-thriller-novels-of-the-last-twenty-years-2/,/fiction-lists/,0,301
/best-kidnapping-thriller-novels-of-the-last-twenty-years/,/fiction-lists/,0,301
/best-heist-thriller-novels-of-the-last-twenty-years/,/fiction-lists/,0,301
/best-vigilante-justice-thriller-novels/,/fiction-lists/,0,301
/best-selling-conspiracy-thriller-novels-in-2026/,/fiction-lists/,0,301
/best-selling-financial-thriller-novels-in-2026/,/fiction-lists/,0,301
/best-noir-crime-novels-set-in-los-angeles/,/fiction-lists/,0,301
/best-noir-crime-novels-set-in-chicago/,/fiction-lists/,0,301
/best-noir-crime-novels-set-in-britain/,/fiction-lists/,0,301
/best-noir-crime-novels-set-in-australia/,/fiction-lists/,0,301
/best-american-noir-novels-of-the-last-twenty-years/,/fiction-lists/,0,301
/best-hard-boiled-detective-novels-of-the-last-twenty-years/,/fiction-lists/,0,301
/best-hard-boiled-detective-novels-for-fans-of-raymond-chandler/,/fiction-lists/,0,301
/best-hard-boiled-detective-novels-for-fans-of-james-ellroy/,/fiction-lists/,0,301
/best-modern-noir-crime-novels/,/fiction-lists/,0,301
/best-literary-noir-crime-novels/,/fiction-lists/,0,301
/best-psychological-thriller-novels-with-female-protagonists/,/fiction-lists/,0,301
/best-psychological-thriller-novels-of-the-last-ten-years/,/fiction-lists/,0,301
/best-british-psychological-thriller-novels/,/fiction-lists/,0,301
/best-psychological-thriller-novels-of-the-last-twenty-years/,/fiction-lists/,0,301
/best-psychological-thriller-series-to-read-in-order/,/fiction-lists/,0,301
/best-psychological-thriller-novels-for-fans-of-tana-french/,/fiction-lists/,0,301
/best-psychological-thriller-novels-for-fans-of-gillian-flynn/,/fiction-lists/,0,301
/best-psychological-thriller-novels-featuring-dark-family-secrets/,/fiction-lists/,0,301
/best-psychological-thriller-novels-featuring-police-investigations/,/fiction-lists/,0,301
/best-espionage-novels-for-fans-of-daniel-silva/,/fiction-lists/,0,301
/best-selling-psychological-thriller-novels-in-2026/,/fiction-lists/,0,301
/best-espionage-novels-set-in-russia/,/fiction-lists/,0,301
/best-espionage-novels-set-in-london/,/fiction-lists/,0,301
/best-espionage-novels-featuring-female-spies/,/fiction-lists/,0,301
/best-espionage-novels-featuring-the-cia/,/fiction-lists/,0,301
/best-espionage-novels-featuring-double-agents/,/fiction-lists/,0,301
/best-espionage-novels-featuring-defectors/,/fiction-lists/,0,301
/best-espionage-novels-featuring-assassins/,/fiction-lists/,0,301
/best-espionage-novels-featuring-rogue-agents/,/fiction-lists/,0,301
/best-british-espionage-novels-of-the-last-twenty-years/,/fiction-lists/,0,301
/best-american-espionage-novels-of-the-last-twenty-years/,/fiction-lists/,0,301
/best-espionage-novels-for-fans-of-john-le-carre/,/fiction-lists/,0,301
/best-espionage-novels-for-fans-of-mick-herron/,/fiction-lists/,0,301
/best-espionage-novel-series-to-read-in-order/,/fiction-lists/,0,301
/best-cold-war-espionage-novels/,/fiction-lists/,0,301
/best-modern-espionage-novels/,/fiction-lists/,0,301
/best-espionage-thrillers-featuring-cyber-warfare/,/fiction-lists/,0,301
/best-selling-espionage-novels-in-2026/,/fiction-lists/,0,301
/best-legal-thriller-novels-set-in-the-us/,/fiction-lists/,0,301
/best-legal-thriller-series-to-read-in-order/,/fiction-lists/,0,301
/best-legal-thriller-novels-for-fans-of-john-grisham/,/fiction-lists/,0,301
/best-medical-thriller-novels-of-the-last-twenty-years/,/fiction-lists/,0,301
/best-medical-thriller-novels-featuring-pandemics/,/fiction-lists/,0,301
/best-medical-thriller-novels-featuring-conspiracy/,/fiction-lists/,0,301
/best-financial-thriller-novels-set-in-london/,/fiction-lists/,0,301
/best-financial-thriller-novels-set-in-new-york/,/fiction-lists/,0,301
/best-financial-thriller-novels-featuring-hedge-funds/,/fiction-lists/,0,301
/best-financial-thriller-novels-featuring-banking-corruption/,/fiction-lists/,0,301
/best-military-thriller-novels-set-in-afghanistan/,/fiction-lists/,0,301
/best-military-thriller-novels-featuring-special-forces/,/fiction-lists/,0,301
/best-military-thriller-novels-featuring-navy-seals/,/fiction-lists/,0,301
/best-military-thriller-novels-for-fans-of-vince-flynn/,/fiction-lists/,0,301
/best-military-thriller-novels-for-fans-of-brad-thor/,/fiction-lists/,0,301
/best-psychological-thriller-novels-featuring-domestic-suspense/,/fiction-lists/,0,301
/best-psychological-thriller-novels-set-in-rural-locations/,/fiction-lists/,0,301
/best-crime-novels-for-fans-of-ian-rankin/,/fiction-lists/,0,301
/best-crime-novels-for-fans-of-val-mcdermid/,/fiction-lists/,0,301
/best-crime-novels-for-fans-of-peter-may/,/fiction-lists/,0,301
/best-crime-novels-for-fans-of-elly-griffiths/,/fiction-lists/,0,301
/best-crime-novels-for-fans-of-peter-james/,/fiction-lists/,0,301
/best-crime-novels-for-fans-of-mark-billingham/,/fiction-lists/,0,301
/best-police-procedural-novels-set-in-scotland/,/fiction-lists/,0,301
/best-police-procedural-novels-set-in-london/,/fiction-lists/,0,301
/best-police-procedural-novels-set-in-the-north-of-england/,/fiction-lists/,0,301
/best-police-procedural-novels-set-in-rural-england/,/fiction-lists/,0,301
/best-police-procedural-series-to-read-in-order/,/fiction-lists/,0,301
/best-gritty-police-procedural-novels/,/fiction-lists/,0,301
/best-scottish-police-procedural-novels/,/fiction-lists/,0,301
/best-character-driven-police-procedural-novels/,/fiction-lists/,0,301
/best-murder-mystery-novels-set-in-the-scottish-highlands/,/fiction-lists/,0,301
/best-murder-mystery-novels-set-in-rural-england/,/fiction-lists/,0,301
/best-murder-mystery-novels-set-in-a-village/,/fiction-lists/,0,301
/best-murder-mystery-novels-set-on-an-island/,/fiction-lists/,0,301
/best-murder-mystery-novels-set-in-australia/,/fiction-lists/,0,301
/best-murder-mystery-novels-with-female-protagonists/,/fiction-lists/,0,301
/best-murder-mystery-novels-featuring-inheritance-disputes/,/fiction-lists/,0,301
/best-murder-mystery-novels-featuring-ancient-secrets/,/fiction-lists/,0,301
/best-murder-mystery-novels-featuring-historical-settings/,/fiction-lists/,0,301
/best-murder-mystery-novels-featuring-amateur-detectives/,/fiction-lists/,0,301
/best-murder-mystery-novels-for-fans-of-agatha-christie/,/fiction-lists/,0,301
/best-slow-burn-murder-mystery-novels/,/fiction-lists/,0,301
/best-murder-mystery-novels-of-the-last-twenty-years/,/fiction-lists/,0,301
/best-psychological-thriller-novels-with-unreliable-narrators/,/fiction-lists/,0,301
/best-psychological-thriller-novels-featuring-gaslighting/,/fiction-lists/,0,301
/best-psychological-thriller-novels-featuring-obsession/,/fiction-lists/,0,301
/best-crime-novels-for-fans-of-ann-cleeves/,/fiction-lists/,0,301
/best-crime-novels-featuring-missing-persons/,/fiction-lists/,0,301
/best-contemporary-murder-mystery-novels/,/fiction-lists/,0,301
/best-murder-mystery-novels-with-unreliable-narrators/,/fiction-lists/,0,301
/best-psychological-thriller-novels-with-twist-endings/,/fiction-lists/,0,301
/best-psychological-thriller-novels-featuring-marriage/,/fiction-lists/,0,301
/best-psychological-thriller-novels-featuring-identity/,/fiction-lists/,0,301
/best-police-procedural-novels-set-in-the-us/,/fiction-lists/,0,301
/best-police-procedural-novels-set-in-scandinavia/,/fiction-lists/,0,301
/best-police-procedural-novels-set-in-australia/,/fiction-lists/,0,301
/best-police-procedural-novels-of-the-last-twenty-years/,/fiction-lists/,0,301
/best-murder-mystery-series-to-binge-read/,/fiction-lists/,0,301
/best-murder-mystery-novels-set-in-scotland/,/fiction-lists/,0,301
/best-murder-mystery-novels-set-in-london/,/fiction-lists/,0,301
/best-murder-mystery-novels-featuring-small-communities/,/fiction-lists/,0,301
/best-literary-murder-mystery-novels/,/fiction-lists/,0,301
/best-crime-novels-for-fans-of-angela-marsons/,/fiction-lists/,0,301
/best-selling-murder-mystery-novels-in-2026/,/fiction-lists/,0,301
/best-atmospheric-murder-mystery-novels/,/fiction-lists/,0,301
/best-crime-novels-featuring-unsolved-murders/,/fiction-lists/,0,301
/best-crime-novels-featuring-financial-crime/,/fiction-lists/,0,301
/best-crime-novels-featuring-art-theft/,/fiction-lists/,0,301
/best-crime-novels-featuring-organised-crime/,/fiction-lists/,0,301
/best-crime-novels-with-amateur-sleuths/,/fiction-lists/,0,301
/best-crime-novels-with-retired-detectives/,/fiction-lists/,0,301
/best-crime-novels-with-working-class-protagonists/,/fiction-lists/,0,301
/best-crime-novels-featuring-small-town-investigations/,/fiction-lists/,0,301
/best-crime-novels-featuring-village-mysteries/,/fiction-lists/,0,301
/best-crime-novels-featuring-cold-cases/,/fiction-lists/,0,301
/best-crime-novels-featuring-serial-killers/,/fiction-lists/,0,301
/best-crime-novels-featuring-corrupt-officials/,/fiction-lists/,0,301
/best-crime-novels-featuring-drug-trafficking/,/fiction-lists/,0,301
/best-crime-novels-with-police-detectives/,/fiction-lists/,0,301
/best-crime-novels-set-in-australia/,/fiction-lists/,0,301
/best-crime-novels-set-in-new-york/,/fiction-lists/,0,301
/best-crime-novels-set-in-los-angeles/,/fiction-lists/,0,301
/best-crime-novels-set-in-scandinavia/,/fiction-lists/,0,301
/best-crime-novels-set-in-france/,/fiction-lists/,0,301
/best-crime-novels-set-in-italy/,/fiction-lists/,0,301
/best-crime-novels-set-in-japan/,/fiction-lists/,0,301
/best-crime-novels-set-in-ireland/,/fiction-lists/,0,301
/best-crime-novels-set-in-wales/,/fiction-lists/,0,301
/best-crime-novels-set-in-rural-england/,/fiction-lists/,0,301
/best-crime-novels-set-in-london/,/fiction-lists/,0,301
/best-european-crime-novels-of-the-last-twenty-years/,/fiction-lists/,0,301
/best-crime-novels-set-in-the-scottish-highlands/,/fiction-lists/,0,301
/best-crime-novels-set-in-scotland/,/fiction-lists/,0,301
/best-scandinavian-crime-novels-of-the-last-twenty-years/,/fiction-lists/,0,301
/best-nordic-noir-novels-of-the-last-twenty-years/,/fiction-lists/,0,301
/best-canadian-crime-novels-of-the-last-twenty-years/,/fiction-lists/,0,301
/best-irish-crime-novels-of-the-last-twenty-years/,/fiction-lists/,0,301
/best-australian-crime-novels-of-the-last-twenty-years/,/fiction-lists/,0,301
/best-american-crime-novels-of-the-last-twenty-years/,/fiction-lists/,0,301
/best-british-crime-novels-of-the-last-twenty-years/,/fiction-lists/,0,301
/best-scottish-crime-novels-2/,/fiction-lists/,0,301
/top-british-crime-novels/,/fiction-lists/,0,301
/best-police-procedural-novels-featuring-corrupt-police/,/fiction-lists/,0,301
/best-police-procedural-novels-featuring-forensic-investigation/,/fiction-lists/,0,301
/best-police-procedural-novels-featuring-cold-cases/,/fiction-lists/,0,301
/best-police-procedural-novels-with-detective-inspectors/,/fiction-lists/,0,301
/best-police-procedural-novels-with-female-detectives/,/fiction-lists/,0,301
/best-scottish-crime-novels-4/,/fiction-lists/,0,301
/best-scottish-crime-novels/,/fiction-lists/,0,301
/best-uk-crime-novels/,/fiction-lists/,0,301
/best-private-investigator-mystery-novels/,/fiction-lists/,0,301
/best-social-commentary-novels/,/fiction-lists/,0,301
/best-courtroom-drama-novels/,/fiction-lists/,0,301
/best-political-thriller-novels/,/fiction-lists/,0,301
/best-action-thriller-novels/,/fiction-lists/,0,301
/best-hard-science-fiction-novels/,,0,410
/best-police-procedural-novels/,/fiction-lists/,0,301
/best-space-exploration-science-fiction-novels/,,0,410
/best-medical-thriller-novels/,/fiction-lists/,0,301
/best-conspiracy-thriller-novels/,/fiction-lists/,0,301
/best-espionage-thrillers/,/fiction-lists/,0,301
